2026-08-27 12:56:55.842 [INFO ] [background-preinit] o.h.validator.internal.util.Version - HV000001: Hibernate Validator 9.1.0.Final
2026-08-27 12:56:56.048 [INFO ] [main] c.c.CareerPathAdviserApplication - Starting CareerPathAdviserApplication using Java 17.0.12 with PID 14680 (C:\Users\Lenovo\Downloads\CareerPathAdviserNew\target\classes started by Lenovo in C:\Users\Lenovo\Downloads\CareerPathAdviserNew)
2026-08-27 12:56:56.050 [DEBUG] [main] c.c.CareerPathAdviserApplication - Running with Spring Boot v4.1.0, Spring v7.0.8
2026-08-27 12:56:56.051 [INFO ] [main] c.c.CareerPathAdviserApplication - The following 1 profile is active: "dev"
2026-08-27 12:56:59.047 [INFO ] [main] o.s.d.r.c.RepositoryConfigurationDelegate - Bootstrapping Spring Data JPA repositories in DEFAULT mode.
2026-08-27 12:56:59.283 [INFO ] [main] o.s.d.r.c.RepositoryConfigurationDelegate - Finished Spring Data repository scanning in 208 ms. Found 11 JPA repository interfaces.
2026-08-27 12:57:00.689 [INFO ] [main] o.s.boot.tomcat.TomcatWebServer - Tomcat initialized with port 8080 (http)
2026-08-27 12:57:00.716 [INFO ] [main] o.a.coyote.http11.Http11NioProtocol - Initializing ProtocolHandler ["http-nio-8080"]
2026-08-27 12:57:00.722 [INFO ] [main] o.a.catalina.core.StandardService - Starting service [Tomcat]
2026-08-27 12:57:00.722 [INFO ] [main] o.a.catalina.core.StandardEngine - Starting Servlet engine: [Apache Tomcat/11.0.22]
2026-08-27 12:57:00.903 [INFO ] [main] o.s.b.w.c.s.WebApplicationContextInitializer - Root WebApplicationContext: initialization completed in 4728 ms
2026-08-27 12:57:01.321 [INFO ] [main] org.hibernate.orm.jpa - HHH008540: Processing PersistenceUnitInfo [name: default]
2026-08-27 12:57:01.501 [INFO ] [main] org.hibernate.orm.core - HHH000001: Hibernate ORM core version 7.4.1.Final
2026-08-27 12:57:03.039 [INFO ] [main] o.s.o.j.p.SpringPersistenceUnitInfo - No LoadTimeWeaver setup: ignoring JPA class transformer
2026-08-27 12:57:03.160 [INFO ] [main] com.zaxxer.hikari.HikariDataSource - HikariPool-1 - Starting...
2026-08-27 12:57:04.064 [INFO ] [main] com.zaxxer.hikari.pool.HikariPool - HikariPool-1 - Added connection com.mysql.cj.jdbc.ConnectionImpl@e88e14
2026-08-27 12:57:04.071 [INFO ] [main] com.zaxxer.hikari.HikariDataSource - HikariPool-1 - Start completed.
2026-08-27 12:57:04.239 [WARN ] [main] org.hibernate.orm.deprecation - HHH90000025: MySQLDialect does not need to be specified explicitly using 'hibernate.dialect' (remove the property setting and it will be selected by default)
2026-08-27 12:57:04.294 [INFO ] [main] o.hibernate.orm.connections.pooling - HHH10001005: Database info:
	Database JDBC URL [jdbc:mysql://localhost:3306/career_path_adviser_new]
	Database driver: MySQL Connector/J
	Database dialect: MySQLDialect
	Database version: 8.4.10
	Default catalog/schema: career_path_adviser_new/undefined
	Autocommit mode: undefined/unknown
	Isolation level: REPEATABLE_READ [default REPEATABLE_READ]
	JDBC fetch size: none
	Pool: DataSourceConnectionProvider
	Minimum pool size: undefined/unknown
	Maximum pool size: undefined/unknown
2026-08-27 12:57:08.724 [INFO ] [main] org.hibernate.orm.core - HHH000489: No JTA platform available (set 'hibernate.transaction.jta.platform' to enable JTA platform integration)
2026-08-27 12:57:09.523 [INFO ] [main] o.s.o.j.LocalContainerEntityManagerFactoryBean - Initialized JPA EntityManagerFactory for persistence unit 'default'
2026-08-27 12:57:09.801 [INFO ] [main] o.s.d.j.r.q.QueryEnhancerFactories - Hibernate is in classpath; If applicable, HQL parser will be used.
2026-08-27 12:57:14.064 [DEBUG] [main] c.c.security.JwtAuthenticationFilter - Filter 'jwtAuthenticationFilter' configured for use
2026-08-27 12:57:15.741 [WARN ] [main] o.s.b.j.a.JpaBaseConfiguration$JpaWebConfiguration - spring.jpa.open-in-view is enabled by default. Therefore, database queries may be performed during view rendering. Explicitly configure spring.jpa.open-in-view to disable this warning
2026-08-27 12:57:16.029 [WARN ] [main] o.s.b.s.a.UserDetailsServiceAutoConfiguration - 

Using generated security password: 3963b536-7ad4-492a-809e-72fb10b5e07c

This generated password is for development use only. Your security configuration must be updated before running your application in production.

2026-08-27 12:57:16.070 [INFO ] [main] o.s.s.c.a.a.c.InitializeUserDetailsBeanManagerConfigurer$InitializeUserDetailsManagerConfigurer - Global AuthenticationManager configured with UserDetailsService bean with name inMemoryUserDetailsManager
2026-08-27 12:57:16.544 [DEBUG] [main] o.s.s.web.DefaultSecurityFilterChain - Will secure any request with filters: DisableEncodeUrlFilter, WebAsyncManagerIntegrationFilter, SecurityContextHolderFilter, HeaderWriterFilter, CorsFilter, LogoutFilter, JwtAuthenticationFilter, RequestCacheAwareFilter, SecurityContextHolderAwareRequestFilter, AnonymousAuthenticationFilter, SessionManagementFilter, ExceptionTranslationFilter, AuthorizationFilter
2026-08-27 12:57:16.700 [INFO ] [main] o.s.b.w.a.WelcomePageHandlerMapping - Adding welcome page: class path resource [static/index.html]
2026-08-27 12:57:17.951 [INFO ] [main] o.a.coyote.http11.Http11NioProtocol - Starting ProtocolHandler ["http-nio-8080"]
2026-08-27 12:57:18.007 [INFO ] [main] o.s.boot.tomcat.TomcatWebServer - Tomcat started on port 8080 (http) with context path '/'
2026-08-27 12:57:18.030 [INFO ] [main] c.c.CareerPathAdviserApplication - Started CareerPathAdviserApplication in 23.808 seconds (process running for 25.283)
2026-08-27 12:57:18.210 [INFO ] [main] com.career.config.DataInitializer - Schema aligned: assessment_results.recommended_career_id is now nullable
2026-08-27 12:57:18.258 [INFO ] [main] com.career.config.DataInitializer - Schema aligned: assessment_results.career_path_id is now nullable
2026-08-27 12:57:18.294 [INFO ] [main] com.career.config.DataInitializer - Schema aligned: assessment_answers.option_id is now nullable
2026-08-27 12:57:18.308 [INFO ] [main] com.career.config.DataInitializer - Schema aligned: assessment_answers.selected_option_id is now nullable
2026-08-27 12:57:18.505 [DEBUG] [main] com.career.config.DataInitializer - Schema alignment (test_attempt_answers.option_id): StatementCallback; bad SQL grammar [ALTER TABLE test_attempt_answers MODIFY COLUMN option_id BIGINT NULL]
2026-08-27 12:57:18.546 [INFO ] [main] com.career.config.DataInitializer - Schema aligned: test_attempt_answers.selected_option_id is now nullable
2026-08-27 12:57:18.983 [DEBUG] [main] org.hibernate.SQL - 
    select
        u1_0.id 
    from
        users u1_0 
    where
        u1_0.email=? 
    limit
        ?
2026-08-27 12:57:19.101 [INFO ] [main] com.career.config.DataInitializer - Checking and seeding default Career Paths...
2026-08-27 12:57:19.111 [DEBUG] [main] org.hibernate.SQL - 
    select
        cp1_0.id 
    from
        career_paths cp1_0 
    where
        cp1_0.category=? 
    limit
        ?
2026-08-27 12:57:19.147 [DEBUG] [main] org.hibernate.SQL - 
    select
        cp1_0.id 
    from
        career_paths cp1_0 
    where
        cp1_0.category=? 
    limit
        ?
2026-08-27 12:57:19.151 [DEBUG] [main] org.hibernate.SQL - 
    select
        cp1_0.id 
    from
        career_paths cp1_0 
    where
        cp1_0.category=? 
    limit
        ?
2026-08-27 12:57:19.158 [DEBUG] [main] org.hibernate.SQL - 
    select
        cp1_0.id 
    from
        career_paths cp1_0 
    where
        cp1_0.category=? 
    limit
        ?
2026-08-27 12:57:19.164 [DEBUG] [main] org.hibernate.SQL - 
    select
        cp1_0.id 
    from
        career_paths cp1_0 
    where
        cp1_0.category=? 
    limit
        ?
2026-08-27 12:57:19.165 [DEBUG] [main] org.hibernate.SQL - 
    select
        cp1_0.id 
    from
        career_paths cp1_0 
    where
        cp1_0.category=? 
    limit
        ?
2026-08-27 12:57:19.179 [DEBUG] [main] org.hibernate.SQL - 
    select
        cp1_0.id 
    from
        career_paths cp1_0 
    where
        cp1_0.category=? 
    limit
        ?
2026-08-27 12:57:19.182 [DEBUG] [main] org.hibernate.SQL - 
    select
        cp1_0.id 
    from
        career_paths cp1_0 
    where
        cp1_0.category=? 
    limit
        ?
2026-08-27 12:57:19.188 [DEBUG] [main] org.hibernate.SQL - 
    select
        cp1_0.id 
    from
        career_paths cp1_0 
    where
        cp1_0.category=? 
    limit
        ?
2026-08-27 12:57:19.193 [DEBUG] [main] org.hibernate.SQL - 
    select
        cp1_0.id 
    from
        career_paths cp1_0 
    where
        cp1_0.category=? 
    limit
        ?
2026-08-27 12:57:19.197 [DEBUG] [main] org.hibernate.SQL - 
    select
        cp1_0.id 
    from
        career_paths cp1_0 
    where
        cp1_0.category=? 
    limit
        ?
2026-08-27 12:57:19.200 [DEBUG] [main] org.hibernate.SQL - 
    select
        cp1_0.id 
    from
        career_paths cp1_0 
    where
        cp1_0.category=? 
    limit
        ?
2026-08-27 12:57:19.207 [DEBUG] [main] org.hibernate.SQL - 
    select
        cp1_0.id 
    from
        career_paths cp1_0 
    where
        cp1_0.category=? 
    limit
        ?
2026-08-27 12:57:19.211 [DEBUG] [main] org.hibernate.SQL - 
    select
        cp1_0.id 
    from
        career_paths cp1_0 
    where
        cp1_0.category=? 
    limit
        ?
2026-08-27 12:57:19.219 [DEBUG] [main] org.hibernate.SQL - 
    select
        cp1_0.id 
    from
        career_paths cp1_0 
    where
        cp1_0.category=? 
    limit
        ?
2026-08-27 12:57:19.228 [DEBUG] [main] org.hibernate.SQL - 
    select
        cp1_0.id 
    from
        career_paths cp1_0 
    where
        cp1_0.category=? 
    limit
        ?
2026-08-27 12:57:19.234 [DEBUG] [main] org.hibernate.SQL - 
    select
        cp1_0.id 
    from
        career_paths cp1_0 
    where
        cp1_0.category=? 
    limit
        ?
2026-08-27 12:57:19.256 [DEBUG] [main] org.hibernate.SQL - 
    select
        cp1_0.id 
    from
        career_paths cp1_0 
    where
        cp1_0.category=? 
    limit
        ?
2026-08-27 12:57:19.261 [DEBUG] [main] org.hibernate.SQL - 
    select
        cp1_0.id 
    from
        career_paths cp1_0 
    where
        cp1_0.category=? 
    limit
        ?
2026-08-27 12:57:19.266 [DEBUG] [main] org.hibernate.SQL - 
    select
        cp1_0.id 
    from
        career_paths cp1_0 
    where
        cp1_0.category=? 
    limit
        ?
2026-08-27 12:57:19.319 [DEBUG] [main] org.hibernate.SQL - 
    select
        count(*) 
    from
        career_paths cp1_0
2026-08-27 12:57:19.344 [INFO ] [main] com.career.config.DataInitializer - Total Career Paths available in database: 20
2026-08-27 12:57:19.347 [DEBUG] [main] org.hibernate.SQL - 
    select
        count(*) 
    from
        questions q1_0
2026-08-27 12:57:19.392 [INFO ] [main] com.career.config.DataInitializer - Seeding initial Assessment Questions...
2026-08-27 12:57:19.497 [DEBUG] [main] org.hibernate.SQL - 
    insert 
    into
        questions
        (active, question_text, question_type) 
    values
        (?, ?, ?)
2026-08-27 12:57:19.538 [DEBUG] [main] org.hibernate.SQL - 
    insert 
    into
        question_options
        (category, correct_answer, option_text, question_id, score) 
    values
        (?, ?, ?, ?, ?)
2026-08-27 12:57:19.566 [DEBUG] [main] org.hibernate.SQL - 
    insert 
    into
        question_options
        (category, correct_answer, option_text, question_id, score) 
    values
        (?, ?, ?, ?, ?)
2026-08-27 12:57:19.569 [DEBUG] [main] org.hibernate.SQL - 
    insert 
    into
        question_options
        (category, correct_answer, option_text, question_id, score) 
    values
        (?, ?, ?, ?, ?)
2026-08-27 12:57:19.577 [DEBUG] [main] org.hibernate.SQL - 
    insert 
    into
        question_options
        (category, correct_answer, option_text, question_id, score) 
    values
        (?, ?, ?, ?, ?)
2026-08-27 12:57:19.581 [DEBUG] [main] org.hibernate.SQL - 
    insert 
    into
        questions
        (active, question_text, question_type) 
    values
        (?, ?, ?)
2026-08-27 12:57:19.586 [DEBUG] [main] org.hibernate.SQL - 
    insert 
    into
        question_options
        (category, correct_answer, option_text, question_id, score) 
    values
        (?, ?, ?, ?, ?)
2026-08-27 12:57:19.592 [DEBUG] [main] org.hibernate.SQL - 
    insert 
    into
        question_options
        (category, correct_answer, option_text, question_id, score) 
    values
        (?, ?, ?, ?, ?)
2026-08-27 12:57:19.594 [DEBUG] [main] org.hibernate.SQL - 
    insert 
    into
        question_options
        (category, correct_answer, option_text, question_id, score) 
    values
        (?, ?, ?, ?, ?)
2026-08-27 12:57:19.598 [DEBUG] [main] org.hibernate.SQL - 
    insert 
    into
        question_options
        (category, correct_answer, option_text, question_id, score) 
    values
        (?, ?, ?, ?, ?)
2026-08-27 12:57:19.639 [INFO ] [main] com.career.config.DataInitializer - Seeded sample assessment questions.
2026-08-27 12:57:21.280 [INFO ] [http-nio-8080-exec-1] o.a.c.c.C.[Tomcat].[localhost].[/] - Initializing Spring DispatcherServlet 'dispatcherServlet'
2026-08-27 12:57:21.282 [INFO ] [http-nio-8080-exec-1] o.s.web.servlet.DispatcherServlet - Initializing Servlet 'dispatcherServlet'
2026-08-27 12:57:21.287 [INFO ] [http-nio-8080-exec-1] o.s.web.servlet.DispatcherServlet - Completed initialization in 5 ms
2026-08-27 12:57:21.326 [DEBUG] [http-nio-8080-exec-1] o.s.security.web.FilterChainProxy - Securing GET /index.html
2026-08-27 12:57:21.352 [DEBUG] [http-nio-8080-exec-1] o.s.s.w.a.AnonymousAuthenticationFilter - Set SecurityContextHolder to anonymous SecurityContext
2026-08-27 12:57:21.354 [DEBUG] [http-nio-8080-exec-1] o.s.security.web.FilterChainProxy - Secured GET /index.html
2026-08-27 12:57:21.468 [DEBUG] [http-nio-8080-exec-2] o.s.security.web.FilterChainProxy - Securing GET /css/style.css
2026-08-27 12:57:21.468 [DEBUG] [http-nio-8080-exec-2] o.s.s.w.a.AnonymousAuthenticationFilter - Set SecurityContextHolder to anonymous SecurityContext
2026-08-27 12:57:21.468 [DEBUG] [http-nio-8080-exec-3] o.s.security.web.FilterChainProxy - Securing GET /js/app-toast.js
2026-08-27 12:57:21.472 [DEBUG] [http-nio-8080-exec-3] o.s.s.w.a.AnonymousAuthenticationFilter - Set SecurityContextHolder to anonymous SecurityContext
2026-08-27 12:57:21.475 [DEBUG] [http-nio-8080-exec-3] o.s.security.web.FilterChainProxy - Secured GET /js/app-toast.js
2026-08-27 12:57:21.477 [DEBUG] [http-nio-8080-exec-2] o.s.security.web.FilterChainProxy - Secured GET /css/style.css
2026-08-27 12:57:21.682 [DEBUG] [http-nio-8080-exec-4] o.s.security.web.FilterChainProxy - Securing GET /favicon.ico
2026-08-27 12:57:21.682 [DEBUG] [http-nio-8080-exec-4] o.s.s.w.a.AnonymousAuthenticationFilter - Set SecurityContextHolder to anonymous SecurityContext
2026-08-27 12:57:21.682 [DEBUG] [http-nio-8080-exec-4] o.s.security.web.FilterChainProxy - Secured GET /favicon.ico
2026-08-27 12:57:21.836 [DEBUG] [http-nio-8080-exec-4] c.c.exception.GlobalExceptionHandler - Static resource not found: No static resource favicon.ico for request '/favicon.ico'. on URI /favicon.ico
2026-08-27 12:59:13.955 [DEBUG] [http-nio-8080-exec-7] o.s.security.web.FilterChainProxy - Securing GET /index.html
2026-08-27 12:59:13.959 [DEBUG] [http-nio-8080-exec-7] o.s.s.w.a.AnonymousAuthenticationFilter - Set SecurityContextHolder to anonymous SecurityContext
2026-08-27 12:59:13.959 [DEBUG] [http-nio-8080-exec-7] o.s.security.web.FilterChainProxy - Secured GET /index.html
2026-08-27 12:59:14.028 [DEBUG] [http-nio-8080-exec-8] o.s.security.web.FilterChainProxy - Securing GET /css/style.css
2026-08-27 12:59:14.028 [DEBUG] [http-nio-8080-exec-8] o.s.s.w.a.AnonymousAuthenticationFilter - Set SecurityContextHolder to anonymous SecurityContext
2026-08-27 12:59:14.028 [DEBUG] [http-nio-8080-exec-9] o.s.security.web.FilterChainProxy - Securing GET /js/app-toast.js
2026-08-27 12:59:14.030 [DEBUG] [http-nio-8080-exec-8] o.s.security.web.FilterChainProxy - Secured GET /css/style.css
2026-08-27 12:59:14.030 [DEBUG] [http-nio-8080-exec-9] o.s.s.w.a.AnonymousAuthenticationFilter - Set SecurityContextHolder to anonymous SecurityContext
2026-08-27 12:59:14.033 [DEBUG] [http-nio-8080-exec-9] o.s.security.web.FilterChainProxy - Secured GET /js/app-toast.js
2026-08-27 12:59:15.210 [DEBUG] [http-nio-8080-exec-10] o.s.security.web.FilterChainProxy - Securing GET /index.html
2026-08-27 12:59:15.211 [DEBUG] [http-nio-8080-exec-10] o.s.s.w.a.AnonymousAuthenticationFilter - Set SecurityContextHolder to anonymous SecurityContext
2026-08-27 12:59:15.213 [DEBUG] [http-nio-8080-exec-10] o.s.security.web.FilterChainProxy - Secured GET /index.html
2026-08-27 12:59:15.260 [DEBUG] [http-nio-8080-exec-1] o.s.security.web.FilterChainProxy - Securing GET /css/style.css
2026-08-27 12:59:15.260 [DEBUG] [http-nio-8080-exec-3] o.s.security.web.FilterChainProxy - Securing GET /js/app-toast.js
2026-08-27 12:59:15.262 [DEBUG] [http-nio-8080-exec-1] o.s.s.w.a.AnonymousAuthenticationFilter - Set SecurityContextHolder to anonymous SecurityContext
2026-08-27 12:59:15.264 [DEBUG] [http-nio-8080-exec-1] o.s.security.web.FilterChainProxy - Secured GET /css/style.css
2026-08-27 12:59:15.264 [DEBUG] [http-nio-8080-exec-3] o.s.s.w.a.AnonymousAuthenticationFilter - Set SecurityContextHolder to anonymous SecurityContext
2026-08-27 12:59:15.265 [DEBUG] [http-nio-8080-exec-3] o.s.security.web.FilterChainProxy - Secured GET /js/app-toast.js
2026-08-27 12:59:17.020 [DEBUG] [http-nio-8080-exec-2] o.s.security.web.FilterChainProxy - Securing GET /student-login.html
2026-08-27 12:59:17.025 [DEBUG] [http-nio-8080-exec-2] o.s.s.w.a.AnonymousAuthenticationFilter - Set SecurityContextHolder to anonymous SecurityContext
2026-08-27 12:59:17.025 [DEBUG] [http-nio-8080-exec-2] o.s.security.web.FilterChainProxy - Secured GET /student-login.html
2026-08-27 12:59:17.071 [DEBUG] [http-nio-8080-exec-4] o.s.security.web.FilterChainProxy - Securing GET /css/student-auth.css
2026-08-27 12:59:17.072 [DEBUG] [http-nio-8080-exec-5] o.s.security.web.FilterChainProxy - Securing GET /js/app-toast.js
2026-08-27 12:59:17.074 [DEBUG] [http-nio-8080-exec-5] o.s.s.w.a.AnonymousAuthenticationFilter - Set SecurityContextHolder to anonymous SecurityContext
2026-08-27 12:59:17.074 [DEBUG] [http-nio-8080-exec-6] o.s.security.web.FilterChainProxy - Securing GET /js/auth.js
2026-08-27 12:59:17.076 [DEBUG] [http-nio-8080-exec-5] o.s.security.web.FilterChainProxy - Secured GET /js/app-toast.js
2026-08-27 12:59:17.078 [DEBUG] [http-nio-8080-exec-6] o.s.s.w.a.AnonymousAuthenticationFilter - Set SecurityContextHolder to anonymous SecurityContext
2026-08-27 12:59:17.078 [DEBUG] [http-nio-8080-exec-6] o.s.security.web.FilterChainProxy - Secured GET /js/auth.js
2026-08-27 12:59:17.080 [DEBUG] [http-nio-8080-exec-4] o.s.s.w.a.AnonymousAuthenticationFilter - Set SecurityContextHolder to anonymous SecurityContext
2026-08-27 12:59:17.080 [DEBUG] [http-nio-8080-exec-4] o.s.security.web.FilterChainProxy - Secured GET /css/student-auth.css
2026-08-27 12:59:19.147 [DEBUG] [http-nio-8080-exec-7] o.s.security.web.FilterChainProxy - Securing POST /api/auth/login
2026-08-27 12:59:19.175 [DEBUG] [http-nio-8080-exec-7] o.s.s.w.a.AnonymousAuthenticationFilter - Set SecurityContextHolder to anonymous SecurityContext
2026-08-27 12:59:19.175 [DEBUG] [http-nio-8080-exec-7] o.s.security.web.FilterChainProxy - Secured POST /api/auth/login
2026-08-27 12:59:19.401 [INFO ] [http-nio-8080-exec-7] c.career.controller.AuthController - REST: Student login request for email dhruvyelmame6@gmail.com
2026-08-27 12:59:19.403 [DEBUG] [http-nio-8080-exec-7] c.c.service.impl.AuthServiceImpl - Authenticating student: dhruvyelmame6@gmail.com
2026-08-27 12:59:19.422 [DEBUG] [http-nio-8080-exec-7] org.hibernate.SQL - 
    select
        u1_0.id,
        u1_0.course,
        u1_0.email,
        u1_0.mobile,
        u1_0.name,
        u1_0.password,
        u1_0.percentage,
        u1_0.role 
    from
        users u1_0 
    where
        u1_0.email=?
2026-08-27 12:59:19.647 [INFO ] [http-nio-8080-exec-7] c.c.service.impl.AuthServiceImpl - Student dhruvyelmame6@gmail.com logged in successfully
2026-08-27 12:59:19.647 [DEBUG] [http-nio-8080-exec-7] com.career.security.JwtService - Generating JWT token for email: dhruvyelmame6@gmail.com with role: STUDENT
2026-08-27 12:59:20.331 [DEBUG] [http-nio-8080-exec-8] o.s.security.web.FilterChainProxy - Securing GET /student-dashboard.html
2026-08-27 12:59:20.332 [DEBUG] [http-nio-8080-exec-8] o.s.s.w.a.AnonymousAuthenticationFilter - Set SecurityContextHolder to anonymous SecurityContext
2026-08-27 12:59:20.332 [DEBUG] [http-nio-8080-exec-8] o.s.security.web.FilterChainProxy - Secured GET /student-dashboard.html
2026-08-27 12:59:20.380 [DEBUG] [http-nio-8080-exec-9] o.s.security.web.FilterChainProxy - Securing GET /css/student.css
2026-08-27 12:59:20.380 [DEBUG] [http-nio-8080-exec-10] o.s.security.web.FilterChainProxy - Securing GET /js/app-toast.js
2026-08-27 12:59:20.382 [DEBUG] [http-nio-8080-exec-9] o.s.s.w.a.AnonymousAuthenticationFilter - Set SecurityContextHolder to anonymous SecurityContext
2026-08-27 12:59:20.382 [DEBUG] [http-nio-8080-exec-1] o.s.security.web.FilterChainProxy - Securing GET /js/auth.js
2026-08-27 12:59:20.382 [DEBUG] [http-nio-8080-exec-10] o.s.s.w.a.AnonymousAuthenticationFilter - Set SecurityContextHolder to anonymous SecurityContext
2026-08-27 12:59:20.382 [DEBUG] [http-nio-8080-exec-9] o.s.security.web.FilterChainProxy - Secured GET /css/student.css
2026-08-27 12:59:20.382 [DEBUG] [http-nio-8080-exec-1] o.s.s.w.a.AnonymousAuthenticationFilter - Set SecurityContextHolder to anonymous SecurityContext
2026-08-27 12:59:20.382 [DEBUG] [http-nio-8080-exec-10] o.s.security.web.FilterChainProxy - Secured GET /js/app-toast.js
2026-08-27 12:59:20.382 [DEBUG] [http-nio-8080-exec-1] o.s.security.web.FilterChainProxy - Secured GET /js/auth.js
2026-08-27 12:59:20.392 [DEBUG] [http-nio-8080-exec-2] o.s.security.web.FilterChainProxy - Securing GET /js/student-dashboard.js
2026-08-27 12:59:20.393 [DEBUG] [http-nio-8080-exec-3] o.s.security.web.FilterChainProxy - Securing GET /js/student-common.js
2026-08-27 12:59:20.395 [DEBUG] [http-nio-8080-exec-3] o.s.s.w.a.AnonymousAuthenticationFilter - Set SecurityContextHolder to anonymous SecurityContext
2026-08-27 12:59:20.395 [DEBUG] [http-nio-8080-exec-3] o.s.security.web.FilterChainProxy - Secured GET /js/student-common.js
2026-08-27 12:59:20.393 [DEBUG] [http-nio-8080-exec-2] o.s.s.w.a.AnonymousAuthenticationFilter - Set SecurityContextHolder to anonymous SecurityContext
2026-08-27 12:59:20.397 [DEBUG] [http-nio-8080-exec-2] o.s.security.web.FilterChainProxy - Secured GET /js/student-dashboard.js
2026-08-27 12:59:20.700 [DEBUG] [http-nio-8080-exec-5] o.s.security.web.FilterChainProxy - Securing GET /api/student/profile
2026-08-27 12:59:20.837 [DEBUG] [http-nio-8080-exec-5] org.hibernate.SQL - 
    select
        u1_0.id,
        u1_0.course,
        u1_0.email,
        u1_0.mobile,
        u1_0.name,
        u1_0.password,
        u1_0.percentage,
        u1_0.role 
    from
        users u1_0 
    where
        u1_0.email=?
2026-08-27 12:59:20.845 [DEBUG] [http-nio-8080-exec-5] c.c.security.JwtAuthenticationFilter - Authenticated user: dhruvyelmame6@gmail.com with role: ROLE_STUDENT
2026-08-27 12:59:20.845 [DEBUG] [http-nio-8080-exec-5] o.s.security.web.FilterChainProxy - Secured GET /api/student/profile
2026-08-27 12:59:20.849 [DEBUG] [http-nio-8080-exec-5] org.hibernate.SQL - 
    select
        u1_0.id,
        u1_0.course,
        u1_0.email,
        u1_0.mobile,
        u1_0.name,
        u1_0.password,
        u1_0.percentage,
        u1_0.role 
    from
        users u1_0 
    where
        u1_0.email=?
2026-08-27 12:59:20.877 [DEBUG] [http-nio-8080-exec-4] o.s.security.web.FilterChainProxy - Securing GET /api/student/profile
2026-08-27 12:59:20.882 [DEBUG] [http-nio-8080-exec-4] org.hibernate.SQL - 
    select
        u1_0.id,
        u1_0.course,
        u1_0.email,
        u1_0.mobile,
        u1_0.name,
        u1_0.password,
        u1_0.percentage,
        u1_0.role 
    from
        users u1_0 
    where
        u1_0.email=?
2026-08-27 12:59:20.887 [DEBUG] [http-nio-8080-exec-4] c.c.security.JwtAuthenticationFilter - Authenticated user: dhruvyelmame6@gmail.com with role: ROLE_STUDENT
2026-08-27 12:59:20.887 [DEBUG] [http-nio-8080-exec-4] o.s.security.web.FilterChainProxy - Secured GET /api/student/profile
2026-08-27 12:59:20.890 [DEBUG] [http-nio-8080-exec-4] org.hibernate.SQL - 
    select
        u1_0.id,
        u1_0.course,
        u1_0.email,
        u1_0.mobile,
        u1_0.name,
        u1_0.password,
        u1_0.percentage,
        u1_0.role 
    from
        users u1_0 
    where
        u1_0.email=?
2026-08-27 12:59:20.899 [DEBUG] [http-nio-8080-exec-6] o.s.security.web.FilterChainProxy - Securing GET /api/student/stats?studentId=2
2026-08-27 12:59:20.899 [DEBUG] [http-nio-8080-exec-8] o.s.security.web.FilterChainProxy - Securing GET /api/student/tests/my-attempts
2026-08-27 12:59:20.899 [DEBUG] [http-nio-8080-exec-7] o.s.security.web.FilterChainProxy - Securing GET /api/student/tests
2026-08-27 12:59:20.899 [DEBUG] [http-nio-8080-exec-10] o.s.security.web.FilterChainProxy - Securing GET /api/student/results/my-results
2026-08-27 12:59:20.907 [DEBUG] [http-nio-8080-exec-7] org.hibernate.SQL - 
    select
        u1_0.id,
        u1_0.course,
        u1_0.email,
        u1_0.mobile,
        u1_0.name,
        u1_0.password,
        u1_0.percentage,
        u1_0.role 
    from
        users u1_0 
    where
        u1_0.email=?
2026-08-27 12:59:20.909 [DEBUG] [http-nio-8080-exec-8] org.hibernate.SQL - 
    select
        u1_0.id,
        u1_0.course,
        u1_0.email,
        u1_0.mobile,
        u1_0.name,
        u1_0.password,
        u1_0.percentage,
        u1_0.role 
    from
        users u1_0 
    where
        u1_0.email=?
2026-08-27 12:59:20.911 [DEBUG] [http-nio-8080-exec-10] org.hibernate.SQL - 
    select
        u1_0.id,
        u1_0.course,
        u1_0.email,
        u1_0.mobile,
        u1_0.name,
        u1_0.password,
        u1_0.percentage,
        u1_0.role 
    from
        users u1_0 
    where
        u1_0.email=?
2026-08-27 12:59:20.911 [DEBUG] [http-nio-8080-exec-7] c.c.security.JwtAuthenticationFilter - Authenticated user: dhruvyelmame6@gmail.com with role: ROLE_STUDENT
2026-08-27 12:59:20.911 [DEBUG] [http-nio-8080-exec-6] org.hibernate.SQL - 
    select
        u1_0.id,
        u1_0.course,
        u1_0.email,
        u1_0.mobile,
        u1_0.name,
        u1_0.password,
        u1_0.percentage,
        u1_0.role 
    from
        users u1_0 
    where
        u1_0.email=?
2026-08-27 12:59:20.912 [DEBUG] [http-nio-8080-exec-7] o.s.security.web.FilterChainProxy - Secured GET /api/student/tests
2026-08-27 12:59:20.913 [DEBUG] [http-nio-8080-exec-8] c.c.security.JwtAuthenticationFilter - Authenticated user: dhruvyelmame6@gmail.com with role: ROLE_STUDENT
2026-08-27 12:59:20.913 [DEBUG] [http-nio-8080-exec-10] c.c.security.JwtAuthenticationFilter - Authenticated user: dhruvyelmame6@gmail.com with role: ROLE_STUDENT
2026-08-27 12:59:20.915 [DEBUG] [http-nio-8080-exec-8] o.s.security.web.FilterChainProxy - Secured GET /api/student/tests/my-attempts
2026-08-27 12:59:20.915 [DEBUG] [http-nio-8080-exec-10] o.s.security.web.FilterChainProxy - Secured GET /api/student/results/my-results
2026-08-27 12:59:20.915 [DEBUG] [http-nio-8080-exec-8] org.hibernate.SQL - 
    select
        u1_0.id,
        u1_0.course,
        u1_0.email,
        u1_0.mobile,
        u1_0.name,
        u1_0.password,
        u1_0.percentage,
        u1_0.role 
    from
        users u1_0 
    where
        u1_0.email=?
2026-08-27 12:59:20.915 [DEBUG] [http-nio-8080-exec-6] c.c.security.JwtAuthenticationFilter - Authenticated user: dhruvyelmame6@gmail.com with role: ROLE_STUDENT
2026-08-27 12:59:20.915 [DEBUG] [http-nio-8080-exec-6] o.s.security.web.FilterChainProxy - Secured GET /api/student/stats?studentId=2
2026-08-27 12:59:20.915 [DEBUG] [http-nio-8080-exec-10] org.hibernate.SQL - 
    select
        u1_0.id,
        u1_0.course,
        u1_0.email,
        u1_0.mobile,
        u1_0.name,
        u1_0.password,
        u1_0.percentage,
        u1_0.role 
    from
        users u1_0 
    where
        u1_0.email=?
2026-08-27 12:59:20.921 [DEBUG] [http-nio-8080-exec-10] c.career.controller.ResultController - REST: Fetching authenticated results for student ID 2
2026-08-27 12:59:20.923 [DEBUG] [http-nio-8080-exec-10] c.c.service.impl.ResultServiceImpl - Fetching assessment results for student ID: 2
2026-08-27 12:59:20.923 [DEBUG] [http-nio-8080-exec-7] c.c.service.impl.TestServiceImpl - Fetching all tests from DB/Cache
2026-08-27 12:59:20.937 [DEBUG] [http-nio-8080-exec-8] org.hibernate.SQL - 
    select
        ta1_0.id,
        ta1_0.score,
        ta1_0.started_at,
        ta1_0.status,
        ta1_0.student_id,
        ta1_0.submitted_at,
        ta1_0.test_id 
    from
        test_attempts ta1_0 
    where
        ta1_0.student_id=? 
    order by
        ta1_0.started_at desc
2026-08-27 12:59:20.937 [DEBUG] [http-nio-8080-exec-10] org.hibernate.SQL - 
    select
        ar1_0.id,
        ar1_0.attempt_id,
        ar1_0.category,
        ar1_0.completed_at,
        ar1_0.interest_score,
        ar1_0.knowledge_score,
        ar1_0.career_path_id,
        ar1_0.score,
        ar1_0.student_id 
    from
        assessment_results ar1_0 
    where
        ar1_0.student_id=? 
    order by
        ar1_0.completed_at desc
2026-08-27 12:59:20.937 [DEBUG] [http-nio-8080-exec-6] org.hibernate.SQL - 
    select
        count(t1_0.id) 
    from
        tests t1_0 
    where
        t1_0.active=true
2026-08-27 12:59:20.967 [DEBUG] [http-nio-8080-exec-7] org.hibernate.SQL - 
    select
        t1_0.id,
        t1_0.active,
        t1_0.created_at,
        t1_0.description,
        t1_0.end_time,
        t1_0.question_count,
        t1_0.random_questions,
        t1_0.start_time,
        t1_0.test_name,
        t1_0.time_limit_minutes 
    from
        tests t1_0
2026-08-27 12:59:20.982 [DEBUG] [http-nio-8080-exec-6] org.hibernate.SQL - 
    select
        count(ta1_0.id) 
    from
        test_attempts ta1_0 
    where
        ta1_0.student_id=?
2026-08-27 12:59:20.997 [DEBUG] [http-nio-8080-exec-6] org.hibernate.SQL - 
    select
        count(ta1_0.id) 
    from
        test_attempts ta1_0 
    where
        ta1_0.student_id=? 
        and ta1_0.status=?
2026-08-27 12:59:21.000 [DEBUG] [http-nio-8080-exec-6] c.c.s.impl.CareerPathServiceImpl - Fetching all career paths from DB/Cache
2026-08-27 12:59:21.000 [DEBUG] [http-nio-8080-exec-6] org.hibernate.SQL - 
    select
        cp1_0.id,
        cp1_0.career_name,
        cp1_0.category,
        cp1_0.description,
        cp1_0.education,
        cp1_0.salary_range,
        cp1_0.skills 
    from
        career_paths cp1_0 
    order by
        cp1_0.career_name
2026-08-27 12:59:22.383 [DEBUG] [http-nio-8080-exec-1] o.s.security.web.FilterChainProxy - Securing GET /available-tests.html
2026-08-27 12:59:22.392 [DEBUG] [http-nio-8080-exec-1] o.s.s.w.a.AnonymousAuthenticationFilter - Set SecurityContextHolder to anonymous SecurityContext
2026-08-27 12:59:22.392 [DEBUG] [http-nio-8080-exec-1] o.s.security.web.FilterChainProxy - Secured GET /available-tests.html
2026-08-27 12:59:22.444 [DEBUG] [http-nio-8080-exec-9] o.s.security.web.FilterChainProxy - Securing GET /css/student.css
2026-08-27 12:59:22.452 [DEBUG] [http-nio-8080-exec-2] o.s.security.web.FilterChainProxy - Securing GET /js/auth.js
2026-08-27 12:59:22.454 [DEBUG] [http-nio-8080-exec-4] o.s.security.web.FilterChainProxy - Securing GET /js/available-tests.js
2026-08-27 12:59:22.454 [DEBUG] [http-nio-8080-exec-2] o.s.s.w.a.AnonymousAuthenticationFilter - Set SecurityContextHolder to anonymous SecurityContext
2026-08-27 12:59:22.454 [DEBUG] [http-nio-8080-exec-4] o.s.s.w.a.AnonymousAuthenticationFilter - Set SecurityContextHolder to anonymous SecurityContext
2026-08-27 12:59:22.456 [DEBUG] [http-nio-8080-exec-2] o.s.security.web.FilterChainProxy - Secured GET /js/auth.js
2026-08-27 12:59:22.456 [DEBUG] [http-nio-8080-exec-4] o.s.security.web.FilterChainProxy - Secured GET /js/available-tests.js
2026-08-27 12:59:22.456 [DEBUG] [http-nio-8080-exec-5] o.s.security.web.FilterChainProxy - Securing GET /js/student-common.js
2026-08-27 12:59:22.454 [DEBUG] [http-nio-8080-exec-9] o.s.s.w.a.AnonymousAuthenticationFilter - Set SecurityContextHolder to anonymous SecurityContext
2026-08-27 12:59:22.456 [DEBUG] [http-nio-8080-exec-3] o.s.security.web.FilterChainProxy - Securing GET /js/app-toast.js
2026-08-27 12:59:22.462 [DEBUG] [http-nio-8080-exec-9] o.s.security.web.FilterChainProxy - Secured GET /css/student.css
2026-08-27 12:59:22.458 [DEBUG] [http-nio-8080-exec-5] o.s.s.w.a.AnonymousAuthenticationFilter - Set SecurityContextHolder to anonymous SecurityContext
2026-08-27 12:59:22.468 [DEBUG] [http-nio-8080-exec-3] o.s.s.w.a.AnonymousAuthenticationFilter - Set SecurityContextHolder to anonymous SecurityContext
2026-08-27 12:59:22.468 [DEBUG] [http-nio-8080-exec-5] o.s.security.web.FilterChainProxy - Secured GET /js/student-common.js
2026-08-27 12:59:22.468 [DEBUG] [http-nio-8080-exec-3] o.s.security.web.FilterChainProxy - Secured GET /js/app-toast.js
2026-08-27 12:59:22.569 [DEBUG] [http-nio-8080-exec-10] o.s.security.web.FilterChainProxy - Securing GET /api/student/profile
2026-08-27 12:59:22.571 [DEBUG] [http-nio-8080-exec-8] o.s.security.web.FilterChainProxy - Securing GET /api/student/tests
2026-08-27 12:59:22.571 [DEBUG] [http-nio-8080-exec-7] o.s.security.web.FilterChainProxy - Securing GET /api/student/tests/my-attempts
2026-08-27 12:59:22.575 [DEBUG] [http-nio-8080-exec-6] o.s.security.web.FilterChainProxy - Securing GET /api/student/results/my-results
2026-08-27 12:59:22.581 [DEBUG] [http-nio-8080-exec-7] org.hibernate.SQL - 
    select
        u1_0.id,
        u1_0.course,
        u1_0.email,
        u1_0.mobile,
        u1_0.name,
        u1_0.password,
        u1_0.percentage,
        u1_0.role 
    from
        users u1_0 
    where
        u1_0.email=?
2026-08-27 12:59:22.581 [DEBUG] [http-nio-8080-exec-8] org.hibernate.SQL - 
    select
        u1_0.id,
        u1_0.course,
        u1_0.email,
        u1_0.mobile,
        u1_0.name,
        u1_0.password,
        u1_0.percentage,
        u1_0.role 
    from
        users u1_0 
    where
        u1_0.email=?
2026-08-27 12:59:22.588 [DEBUG] [http-nio-8080-exec-7] c.c.security.JwtAuthenticationFilter - Authenticated user: dhruvyelmame6@gmail.com with role: ROLE_STUDENT
2026-08-27 12:59:22.588 [DEBUG] [http-nio-8080-exec-8] c.c.security.JwtAuthenticationFilter - Authenticated user: dhruvyelmame6@gmail.com with role: ROLE_STUDENT
2026-08-27 12:59:22.588 [DEBUG] [http-nio-8080-exec-8] o.s.security.web.FilterChainProxy - Secured GET /api/student/tests
2026-08-27 12:59:22.588 [DEBUG] [http-nio-8080-exec-7] o.s.security.web.FilterChainProxy - Secured GET /api/student/tests/my-attempts
2026-08-27 12:59:22.591 [DEBUG] [http-nio-8080-exec-6] org.hibernate.SQL - 
    select
        u1_0.id,
        u1_0.course,
        u1_0.email,
        u1_0.mobile,
        u1_0.name,
        u1_0.password,
        u1_0.percentage,
        u1_0.role 
    from
        users u1_0 
    where
        u1_0.email=?
2026-08-27 12:59:22.591 [DEBUG] [http-nio-8080-exec-7] org.hibernate.SQL - 
    select
        u1_0.id,
        u1_0.course,
        u1_0.email,
        u1_0.mobile,
        u1_0.name,
        u1_0.password,
        u1_0.percentage,
        u1_0.role 
    from
        users u1_0 
    where
        u1_0.email=?
2026-08-27 12:59:22.592 [DEBUG] [http-nio-8080-exec-10] org.hibernate.SQL - 
    select
        u1_0.id,
        u1_0.course,
        u1_0.email,
        u1_0.mobile,
        u1_0.name,
        u1_0.password,
        u1_0.percentage,
        u1_0.role 
    from
        users u1_0 
    where
        u1_0.email=?
2026-08-27 12:59:22.594 [DEBUG] [http-nio-8080-exec-6] c.c.security.JwtAuthenticationFilter - Authenticated user: dhruvyelmame6@gmail.com with role: ROLE_STUDENT
2026-08-27 12:59:22.594 [DEBUG] [http-nio-8080-exec-6] o.s.security.web.FilterChainProxy - Secured GET /api/student/results/my-results
2026-08-27 12:59:22.594 [DEBUG] [http-nio-8080-exec-10] c.c.security.JwtAuthenticationFilter - Authenticated user: dhruvyelmame6@gmail.com with role: ROLE_STUDENT
2026-08-27 12:59:22.594 [DEBUG] [http-nio-8080-exec-7] org.hibernate.SQL - 
    select
        ta1_0.id,
        ta1_0.score,
        ta1_0.started_at,
        ta1_0.status,
        ta1_0.student_id,
        ta1_0.submitted_at,
        ta1_0.test_id 
    from
        test_attempts ta1_0 
    where
        ta1_0.student_id=? 
    order by
        ta1_0.started_at desc
2026-08-27 12:59:22.594 [DEBUG] [http-nio-8080-exec-10] o.s.security.web.FilterChainProxy - Secured GET /api/student/profile
2026-08-27 12:59:22.596 [DEBUG] [http-nio-8080-exec-6] org.hibernate.SQL - 
    select
        u1_0.id,
        u1_0.course,
        u1_0.email,
        u1_0.mobile,
        u1_0.name,
        u1_0.password,
        u1_0.percentage,
        u1_0.role 
    from
        users u1_0 
    where
        u1_0.email=?
2026-08-27 12:59:22.596 [DEBUG] [http-nio-8080-exec-10] org.hibernate.SQL - 
    select
        u1_0.id,
        u1_0.course,
        u1_0.email,
        u1_0.mobile,
        u1_0.name,
        u1_0.password,
        u1_0.percentage,
        u1_0.role 
    from
        users u1_0 
    where
        u1_0.email=?
2026-08-27 12:59:22.599 [DEBUG] [http-nio-8080-exec-6] c.career.controller.ResultController - REST: Fetching authenticated results for student ID 2
2026-08-27 12:59:22.602 [DEBUG] [http-nio-8080-exec-6] c.c.service.impl.ResultServiceImpl - Fetching assessment results for student ID: 2
2026-08-27 12:59:22.602 [DEBUG] [http-nio-8080-exec-6] org.hibernate.SQL - 
    select
        ar1_0.id,
        ar1_0.attempt_id,
        ar1_0.category,
        ar1_0.completed_at,
        ar1_0.interest_score,
        ar1_0.knowledge_score,
        ar1_0.career_path_id,
        ar1_0.score,
        ar1_0.student_id 
    from
        assessment_results ar1_0 
    where
        ar1_0.student_id=? 
    order by
        ar1_0.completed_at desc
2026-08-27 12:59:24.708 [DEBUG] [http-nio-8080-exec-1] o.s.security.web.FilterChainProxy - Securing GET /available-tests.html
2026-08-27 12:59:24.712 [DEBUG] [http-nio-8080-exec-1] o.s.s.w.a.AnonymousAuthenticationFilter - Set SecurityContextHolder to anonymous SecurityContext
2026-08-27 12:59:24.712 [DEBUG] [http-nio-8080-exec-1] o.s.security.web.FilterChainProxy - Secured GET /available-tests.html
2026-08-27 12:59:24.749 [DEBUG] [http-nio-8080-exec-3] o.s.security.web.FilterChainProxy - Securing GET /css/student.css
2026-08-27 12:59:24.751 [DEBUG] [http-nio-8080-exec-3] o.s.s.w.a.AnonymousAuthenticationFilter - Set SecurityContextHolder to anonymous SecurityContext
2026-08-27 12:59:24.754 [DEBUG] [http-nio-8080-exec-3] o.s.security.web.FilterChainProxy - Secured GET /css/student.css
2026-08-27 12:59:24.754 [DEBUG] [http-nio-8080-exec-4] o.s.security.web.FilterChainProxy - Securing GET /js/auth.js
2026-08-27 12:59:24.751 [DEBUG] [http-nio-8080-exec-5] o.s.security.web.FilterChainProxy - Securing GET /js/app-toast.js
2026-08-27 12:59:24.755 [DEBUG] [http-nio-8080-exec-4] o.s.s.w.a.AnonymousAuthenticationFilter - Set SecurityContextHolder to anonymous SecurityContext
2026-08-27 12:59:24.755 [DEBUG] [http-nio-8080-exec-5] o.s.s.w.a.AnonymousAuthenticationFilter - Set SecurityContextHolder to anonymous SecurityContext
2026-08-27 12:59:24.756 [DEBUG] [http-nio-8080-exec-5] o.s.security.web.FilterChainProxy - Secured GET /js/app-toast.js
2026-08-27 12:59:24.755 [DEBUG] [http-nio-8080-exec-2] o.s.security.web.FilterChainProxy - Securing GET /js/student-common.js
2026-08-27 12:59:24.758 [DEBUG] [http-nio-8080-exec-4] o.s.security.web.FilterChainProxy - Secured GET /js/auth.js
2026-08-27 12:59:24.758 [DEBUG] [http-nio-8080-exec-9] o.s.security.web.FilterChainProxy - Securing GET /js/available-tests.js
2026-08-27 12:59:24.758 [DEBUG] [http-nio-8080-exec-2] o.s.s.w.a.AnonymousAuthenticationFilter - Set SecurityContextHolder to anonymous SecurityContext
2026-08-27 12:59:24.760 [DEBUG] [http-nio-8080-exec-2] o.s.security.web.FilterChainProxy - Secured GET /js/student-common.js
2026-08-27 12:59:24.760 [DEBUG] [http-nio-8080-exec-9] o.s.s.w.a.AnonymousAuthenticationFilter - Set SecurityContextHolder to anonymous SecurityContext
2026-08-27 12:59:24.760 [DEBUG] [http-nio-8080-exec-9] o.s.security.web.FilterChainProxy - Secured GET /js/available-tests.js
2026-08-27 12:59:24.826 [DEBUG] [http-nio-8080-exec-8] o.s.security.web.FilterChainProxy - Securing GET /api/student/profile
2026-08-27 12:59:24.829 [DEBUG] [http-nio-8080-exec-10] o.s.security.web.FilterChainProxy - Securing GET /api/student/tests/my-attempts
2026-08-27 12:59:24.829 [DEBUG] [http-nio-8080-exec-7] o.s.security.web.FilterChainProxy - Securing GET /api/student/tests
2026-08-27 12:59:24.831 [DEBUG] [http-nio-8080-exec-6] o.s.security.web.FilterChainProxy - Securing GET /api/student/results/my-results
2026-08-27 12:59:24.853 [DEBUG] [http-nio-8080-exec-10] org.hibernate.SQL - 
    select
        u1_0.id,
        u1_0.course,
        u1_0.email,
        u1_0.mobile,
        u1_0.name,
        u1_0.password,
        u1_0.percentage,
        u1_0.role 
    from
        users u1_0 
    where
        u1_0.email=?
2026-08-27 12:59:24.861 [DEBUG] [http-nio-8080-exec-6] org.hibernate.SQL - 
    select
        u1_0.id,
        u1_0.course,
        u1_0.email,
        u1_0.mobile,
        u1_0.name,
        u1_0.password,
        u1_0.percentage,
        u1_0.role 
    from
        users u1_0 
    where
        u1_0.email=?
2026-08-27 12:59:24.864 [DEBUG] [http-nio-8080-exec-7] org.hibernate.SQL - 
    select
        u1_0.id,
        u1_0.course,
        u1_0.email,
        u1_0.mobile,
        u1_0.name,
        u1_0.password,
        u1_0.percentage,
        u1_0.role 
    from
        users u1_0 
    where
        u1_0.email=?
2026-08-27 12:59:24.866 [DEBUG] [http-nio-8080-exec-8] org.hibernate.SQL - 
    select
        u1_0.id,
        u1_0.course,
        u1_0.email,
        u1_0.mobile,
        u1_0.name,
        u1_0.password,
        u1_0.percentage,
        u1_0.role 
    from
        users u1_0 
    where
        u1_0.email=?
2026-08-27 12:59:24.869 [DEBUG] [http-nio-8080-exec-10] c.c.security.JwtAuthenticationFilter - Authenticated user: dhruvyelmame6@gmail.com with role: ROLE_STUDENT
2026-08-27 12:59:24.871 [DEBUG] [http-nio-8080-exec-10] o.s.security.web.FilterChainProxy - Secured GET /api/student/tests/my-attempts
2026-08-27 12:59:24.871 [DEBUG] [http-nio-8080-exec-8] c.c.security.JwtAuthenticationFilter - Authenticated user: dhruvyelmame6@gmail.com with role: ROLE_STUDENT
2026-08-27 12:59:24.871 [DEBUG] [http-nio-8080-exec-7] c.c.security.JwtAuthenticationFilter - Authenticated user: dhruvyelmame6@gmail.com with role: ROLE_STUDENT
2026-08-27 12:59:24.873 [DEBUG] [http-nio-8080-exec-8] o.s.security.web.FilterChainProxy - Secured GET /api/student/profile
2026-08-27 12:59:24.873 [DEBUG] [http-nio-8080-exec-7] o.s.security.web.FilterChainProxy - Secured GET /api/student/tests
2026-08-27 12:59:24.876 [DEBUG] [http-nio-8080-exec-6] c.c.security.JwtAuthenticationFilter - Authenticated user: dhruvyelmame6@gmail.com with role: ROLE_STUDENT
2026-08-27 12:59:24.877 [DEBUG] [http-nio-8080-exec-8] org.hibernate.SQL - 
    select
        u1_0.id,
        u1_0.course,
        u1_0.email,
        u1_0.mobile,
        u1_0.name,
        u1_0.password,
        u1_0.percentage,
        u1_0.role 
    from
        users u1_0 
    where
        u1_0.email=?
2026-08-27 12:59:24.882 [DEBUG] [http-nio-8080-exec-6] o.s.security.web.FilterChainProxy - Secured GET /api/student/results/my-results
2026-08-27 12:59:24.875 [DEBUG] [http-nio-8080-exec-10] org.hibernate.SQL - 
    select
        u1_0.id,
        u1_0.course,
        u1_0.email,
        u1_0.mobile,
        u1_0.name,
        u1_0.password,
        u1_0.percentage,
        u1_0.role 
    from
        users u1_0 
    where
        u1_0.email=?
2026-08-27 12:59:24.888 [DEBUG] [http-nio-8080-exec-6] org.hibernate.SQL - 
    select
        u1_0.id,
        u1_0.course,
        u1_0.email,
        u1_0.mobile,
        u1_0.name,
        u1_0.password,
        u1_0.percentage,
        u1_0.role 
    from
        users u1_0 
    where
        u1_0.email=?
2026-08-27 12:59:24.897 [DEBUG] [http-nio-8080-exec-10] org.hibernate.SQL - 
    select
        ta1_0.id,
        ta1_0.score,
        ta1_0.started_at,
        ta1_0.status,
        ta1_0.student_id,
        ta1_0.submitted_at,
        ta1_0.test_id 
    from
        test_attempts ta1_0 
    where
        ta1_0.student_id=? 
    order by
        ta1_0.started_at desc
2026-08-27 12:59:24.900 [DEBUG] [http-nio-8080-exec-6] c.career.controller.ResultController - REST: Fetching authenticated results for student ID 2
2026-08-27 12:59:24.900 [DEBUG] [http-nio-8080-exec-6] c.c.service.impl.ResultServiceImpl - Fetching assessment results for student ID: 2
2026-08-27 12:59:24.902 [DEBUG] [http-nio-8080-exec-6] org.hibernate.SQL - 
    select
        ar1_0.id,
        ar1_0.attempt_id,
        ar1_0.category,
        ar1_0.completed_at,
        ar1_0.interest_score,
        ar1_0.knowledge_score,
        ar1_0.career_path_id,
        ar1_0.score,
        ar1_0.student_id 
    from
        assessment_results ar1_0 
    where
        ar1_0.student_id=? 
    order by
        ar1_0.completed_at desc
2026-08-27 12:59:25.529 [DEBUG] [http-nio-8080-exec-1] o.s.security.web.FilterChainProxy - Securing GET /student-results.html
2026-08-27 12:59:25.531 [DEBUG] [http-nio-8080-exec-1] o.s.s.w.a.AnonymousAuthenticationFilter - Set SecurityContextHolder to anonymous SecurityContext
2026-08-27 12:59:25.531 [DEBUG] [http-nio-8080-exec-1] o.s.security.web.FilterChainProxy - Secured GET /student-results.html
2026-08-27 12:59:25.571 [DEBUG] [http-nio-8080-exec-3] o.s.security.web.FilterChainProxy - Securing GET /css/student.css
2026-08-27 12:59:25.575 [DEBUG] [http-nio-8080-exec-3] o.s.s.w.a.AnonymousAuthenticationFilter - Set SecurityContextHolder to anonymous SecurityContext
2026-08-27 12:59:25.578 [DEBUG] [http-nio-8080-exec-9] o.s.security.web.FilterChainProxy - Securing GET /js/auth.js
2026-08-27 12:59:25.578 [DEBUG] [http-nio-8080-exec-4] o.s.security.web.FilterChainProxy - Securing GET /js/app-toast.js
2026-08-27 12:59:25.578 [DEBUG] [http-nio-8080-exec-9] o.s.s.w.a.AnonymousAuthenticationFilter - Set SecurityContextHolder to anonymous SecurityContext
2026-08-27 12:59:25.578 [DEBUG] [http-nio-8080-exec-4] o.s.s.w.a.AnonymousAuthenticationFilter - Set SecurityContextHolder to anonymous SecurityContext
2026-08-27 12:59:25.578 [DEBUG] [http-nio-8080-exec-3] o.s.security.web.FilterChainProxy - Secured GET /css/student.css
2026-08-27 12:59:25.580 [DEBUG] [http-nio-8080-exec-9] o.s.security.web.FilterChainProxy - Secured GET /js/auth.js
2026-08-27 12:59:25.580 [DEBUG] [http-nio-8080-exec-4] o.s.security.web.FilterChainProxy - Secured GET /js/app-toast.js
2026-08-27 12:59:25.588 [DEBUG] [http-nio-8080-exec-5] o.s.security.web.FilterChainProxy - Securing GET /js/student-common.js
2026-08-27 12:59:25.586 [DEBUG] [http-nio-8080-exec-2] o.s.security.web.FilterChainProxy - Securing GET /js/student-results.js
2026-08-27 12:59:25.588 [DEBUG] [http-nio-8080-exec-5] o.s.s.w.a.AnonymousAuthenticationFilter - Set SecurityContextHolder to anonymous SecurityContext
2026-08-27 12:59:25.588 [DEBUG] [http-nio-8080-exec-2] o.s.s.w.a.AnonymousAuthenticationFilter - Set SecurityContextHolder to anonymous SecurityContext
2026-08-27 12:59:25.590 [DEBUG] [http-nio-8080-exec-2] o.s.security.web.FilterChainProxy - Secured GET /js/student-results.js
2026-08-27 12:59:25.588 [DEBUG] [http-nio-8080-exec-5] o.s.security.web.FilterChainProxy - Secured GET /js/student-common.js
2026-08-27 12:59:25.652 [DEBUG] [http-nio-8080-exec-7] o.s.security.web.FilterChainProxy - Securing GET /api/student/profile
2026-08-27 12:59:25.663 [DEBUG] [http-nio-8080-exec-8] o.s.security.web.FilterChainProxy - Securing GET /api/student/results/my-results
2026-08-27 12:59:25.676 [DEBUG] [http-nio-8080-exec-7] org.hibernate.SQL - 
    select
        u1_0.id,
        u1_0.course,
        u1_0.email,
        u1_0.mobile,
        u1_0.name,
        u1_0.password,
        u1_0.percentage,
        u1_0.role 
    from
        users u1_0 
    where
        u1_0.email=?
2026-08-27 12:59:25.680 [DEBUG] [http-nio-8080-exec-8] org.hibernate.SQL - 
    select
        u1_0.id,
        u1_0.course,
        u1_0.email,
        u1_0.mobile,
        u1_0.name,
        u1_0.password,
        u1_0.percentage,
        u1_0.role 
    from
        users u1_0 
    where
        u1_0.email=?
2026-08-27 12:59:25.681 [DEBUG] [http-nio-8080-exec-7] c.c.security.JwtAuthenticationFilter - Authenticated user: dhruvyelmame6@gmail.com with role: ROLE_STUDENT
2026-08-27 12:59:25.681 [DEBUG] [http-nio-8080-exec-7] o.s.security.web.FilterChainProxy - Secured GET /api/student/profile
2026-08-27 12:59:25.681 [DEBUG] [http-nio-8080-exec-8] c.c.security.JwtAuthenticationFilter - Authenticated user: dhruvyelmame6@gmail.com with role: ROLE_STUDENT
2026-08-27 12:59:25.687 [DEBUG] [http-nio-8080-exec-8] o.s.security.web.FilterChainProxy - Secured GET /api/student/results/my-results
2026-08-27 12:59:25.687 [DEBUG] [http-nio-8080-exec-7] org.hibernate.SQL - 
    select
        u1_0.id,
        u1_0.course,
        u1_0.email,
        u1_0.mobile,
        u1_0.name,
        u1_0.password,
        u1_0.percentage,
        u1_0.role 
    from
        users u1_0 
    where
        u1_0.email=?
2026-08-27 12:59:25.689 [DEBUG] [http-nio-8080-exec-8] org.hibernate.SQL - 
    select
        u1_0.id,
        u1_0.course,
        u1_0.email,
        u1_0.mobile,
        u1_0.name,
        u1_0.password,
        u1_0.percentage,
        u1_0.role 
    from
        users u1_0 
    where
        u1_0.email=?
2026-08-27 12:59:25.695 [DEBUG] [http-nio-8080-exec-8] c.career.controller.ResultController - REST: Fetching authenticated results for student ID 2
2026-08-27 12:59:25.697 [DEBUG] [http-nio-8080-exec-8] c.c.service.impl.ResultServiceImpl - Fetching assessment results for student ID: 2
2026-08-27 12:59:25.699 [DEBUG] [http-nio-8080-exec-8] org.hibernate.SQL - 
    select
        ar1_0.id,
        ar1_0.attempt_id,
        ar1_0.category,
        ar1_0.completed_at,
        ar1_0.interest_score,
        ar1_0.knowledge_score,
        ar1_0.career_path_id,
        ar1_0.score,
        ar1_0.student_id 
    from
        assessment_results ar1_0 
    where
        ar1_0.student_id=? 
    order by
        ar1_0.completed_at desc
2026-08-27 12:59:26.327 [DEBUG] [http-nio-8080-exec-10] o.s.security.web.FilterChainProxy - Securing GET /student-results.html
2026-08-27 12:59:26.327 [DEBUG] [http-nio-8080-exec-10] o.s.s.w.a.AnonymousAuthenticationFilter - Set SecurityContextHolder to anonymous SecurityContext
2026-08-27 12:59:26.327 [DEBUG] [http-nio-8080-exec-10] o.s.security.web.FilterChainProxy - Secured GET /student-results.html
2026-08-27 12:59:26.363 [DEBUG] [http-nio-8080-exec-6] o.s.security.web.FilterChainProxy - Securing GET /css/student.css
2026-08-27 12:59:26.363 [DEBUG] [http-nio-8080-exec-1] o.s.security.web.FilterChainProxy - Securing GET /js/app-toast.js
2026-08-27 12:59:26.363 [DEBUG] [http-nio-8080-exec-6] o.s.s.w.a.AnonymousAuthenticationFilter - Set SecurityContextHolder to anonymous SecurityContext
2026-08-27 12:59:26.364 [DEBUG] [http-nio-8080-exec-1] o.s.s.w.a.AnonymousAuthenticationFilter - Set SecurityContextHolder to anonymous SecurityContext
2026-08-27 12:59:26.364 [DEBUG] [http-nio-8080-exec-6] o.s.security.web.FilterChainProxy - Secured GET /css/student.css
2026-08-27 12:59:26.364 [DEBUG] [http-nio-8080-exec-1] o.s.security.web.FilterChainProxy - Secured GET /js/app-toast.js
2026-08-27 12:59:26.367 [DEBUG] [http-nio-8080-exec-4] o.s.security.web.FilterChainProxy - Securing GET /js/auth.js
2026-08-27 12:59:26.367 [DEBUG] [http-nio-8080-exec-3] o.s.security.web.FilterChainProxy - Securing GET /js/student-common.js
2026-08-27 12:59:26.367 [DEBUG] [http-nio-8080-exec-9] o.s.security.web.FilterChainProxy - Securing GET /js/student-results.js
2026-08-27 12:59:26.367 [DEBUG] [http-nio-8080-exec-4] o.s.s.w.a.AnonymousAuthenticationFilter - Set SecurityContextHolder to anonymous SecurityContext
2026-08-27 12:59:26.369 [DEBUG] [http-nio-8080-exec-4] o.s.security.web.FilterChainProxy - Secured GET /js/auth.js
2026-08-27 12:59:26.369 [DEBUG] [http-nio-8080-exec-3] o.s.s.w.a.AnonymousAuthenticationFilter - Set SecurityContextHolder to anonymous SecurityContext
2026-08-27 12:59:26.369 [DEBUG] [http-nio-8080-exec-3] o.s.security.web.FilterChainProxy - Secured GET /js/student-common.js
2026-08-27 12:59:26.372 [DEBUG] [http-nio-8080-exec-9] o.s.s.w.a.AnonymousAuthenticationFilter - Set SecurityContextHolder to anonymous SecurityContext
2026-08-27 12:59:26.372 [DEBUG] [http-nio-8080-exec-9] o.s.security.web.FilterChainProxy - Secured GET /js/student-results.js
2026-08-27 12:59:26.437 [DEBUG] [http-nio-8080-exec-5] o.s.security.web.FilterChainProxy - Securing GET /api/student/profile
2026-08-27 12:59:26.440 [DEBUG] [http-nio-8080-exec-2] o.s.security.web.FilterChainProxy - Securing GET /api/student/results/my-results
2026-08-27 12:59:26.451 [DEBUG] [http-nio-8080-exec-5] org.hibernate.SQL - 
    select
        u1_0.id,
        u1_0.course,
        u1_0.email,
        u1_0.mobile,
        u1_0.name,
        u1_0.password,
        u1_0.percentage,
        u1_0.role 
    from
        users u1_0 
    where
        u1_0.email=?
2026-08-27 12:59:26.460 [DEBUG] [http-nio-8080-exec-5] c.c.security.JwtAuthenticationFilter - Authenticated user: dhruvyelmame6@gmail.com with role: ROLE_STUDENT
2026-08-27 12:59:26.460 [DEBUG] [http-nio-8080-exec-2] org.hibernate.SQL - 
    select
        u1_0.id,
        u1_0.course,
        u1_0.email,
        u1_0.mobile,
        u1_0.name,
        u1_0.password,
        u1_0.percentage,
        u1_0.role 
    from
        users u1_0 
    where
        u1_0.email=?
2026-08-27 12:59:26.462 [DEBUG] [http-nio-8080-exec-5] o.s.security.web.FilterChainProxy - Secured GET /api/student/profile
2026-08-27 12:59:26.466 [DEBUG] [http-nio-8080-exec-5] org.hibernate.SQL - 
    select
        u1_0.id,
        u1_0.course,
        u1_0.email,
        u1_0.mobile,
        u1_0.name,
        u1_0.password,
        u1_0.percentage,
        u1_0.role 
    from
        users u1_0 
    where
        u1_0.email=?
2026-08-27 12:59:26.468 [DEBUG] [http-nio-8080-exec-2] c.c.security.JwtAuthenticationFilter - Authenticated user: dhruvyelmame6@gmail.com with role: ROLE_STUDENT
2026-08-27 12:59:26.468 [DEBUG] [http-nio-8080-exec-2] o.s.security.web.FilterChainProxy - Secured GET /api/student/results/my-results
2026-08-27 12:59:26.476 [DEBUG] [http-nio-8080-exec-2] org.hibernate.SQL - 
    select
        u1_0.id,
        u1_0.course,
        u1_0.email,
        u1_0.mobile,
        u1_0.name,
        u1_0.password,
        u1_0.percentage,
        u1_0.role 
    from
        users u1_0 
    where
        u1_0.email=?
2026-08-27 12:59:26.481 [DEBUG] [http-nio-8080-exec-2] c.career.controller.ResultController - REST: Fetching authenticated results for student ID 2
2026-08-27 12:59:26.481 [DEBUG] [http-nio-8080-exec-2] c.c.service.impl.ResultServiceImpl - Fetching assessment results for student ID: 2
2026-08-27 12:59:26.481 [DEBUG] [http-nio-8080-exec-2] org.hibernate.SQL - 
    select
        ar1_0.id,
        ar1_0.attempt_id,
        ar1_0.category,
        ar1_0.completed_at,
        ar1_0.interest_score,
        ar1_0.knowledge_score,
        ar1_0.career_path_id,
        ar1_0.score,
        ar1_0.student_id 
    from
        assessment_results ar1_0 
    where
        ar1_0.student_id=? 
    order by
        ar1_0.completed_at desc
2026-08-27 12:59:27.293 [DEBUG] [http-nio-8080-exec-7] o.s.security.web.FilterChainProxy - Securing GET /career-paths-student.html
2026-08-27 12:59:27.293 [DEBUG] [http-nio-8080-exec-7] o.s.s.w.a.AnonymousAuthenticationFilter - Set SecurityContextHolder to anonymous SecurityContext
2026-08-27 12:59:27.293 [DEBUG] [http-nio-8080-exec-7] o.s.security.web.FilterChainProxy - Secured GET /career-paths-student.html
2026-08-27 12:59:27.335 [DEBUG] [http-nio-8080-exec-8] o.s.security.web.FilterChainProxy - Securing GET /css/student.css
2026-08-27 12:59:27.336 [DEBUG] [http-nio-8080-exec-10] o.s.security.web.FilterChainProxy - Securing GET /js/app-toast.js
2026-08-27 12:59:27.336 [DEBUG] [http-nio-8080-exec-4] o.s.security.web.FilterChainProxy - Securing GET /js/auth.js
2026-08-27 12:59:27.336 [DEBUG] [http-nio-8080-exec-1] o.s.security.web.FilterChainProxy - Securing GET /js/student-common.js
2026-08-27 12:59:27.339 [DEBUG] [http-nio-8080-exec-8] o.s.s.w.a.AnonymousAuthenticationFilter - Set SecurityContextHolder to anonymous SecurityContext
2026-08-27 12:59:27.341 [DEBUG] [http-nio-8080-exec-8] o.s.security.web.FilterChainProxy - Secured GET /css/student.css
2026-08-27 12:59:27.341 [DEBUG] [http-nio-8080-exec-10] o.s.s.w.a.AnonymousAuthenticationFilter - Set SecurityContextHolder to anonymous SecurityContext
2026-08-27 12:59:27.341 [DEBUG] [http-nio-8080-exec-4] o.s.s.w.a.AnonymousAuthenticationFilter - Set SecurityContextHolder to anonymous SecurityContext
2026-08-27 12:59:27.343 [DEBUG] [http-nio-8080-exec-10] o.s.security.web.FilterChainProxy - Secured GET /js/app-toast.js
2026-08-27 12:59:27.343 [DEBUG] [http-nio-8080-exec-1] o.s.s.w.a.AnonymousAuthenticationFilter - Set SecurityContextHolder to anonymous SecurityContext
2026-08-27 12:59:27.343 [DEBUG] [http-nio-8080-exec-4] o.s.security.web.FilterChainProxy - Secured GET /js/auth.js
2026-08-27 12:59:27.344 [DEBUG] [http-nio-8080-exec-1] o.s.security.web.FilterChainProxy - Secured GET /js/student-common.js
2026-08-27 12:59:27.344 [DEBUG] [http-nio-8080-exec-6] o.s.security.web.FilterChainProxy - Securing GET /js/career-paths-student.js
2026-08-27 12:59:27.344 [DEBUG] [http-nio-8080-exec-6] o.s.s.w.a.AnonymousAuthenticationFilter - Set SecurityContextHolder to anonymous SecurityContext
2026-08-27 12:59:27.344 [DEBUG] [http-nio-8080-exec-6] o.s.security.web.FilterChainProxy - Secured GET /js/career-paths-student.js
2026-08-27 12:59:27.416 [DEBUG] [http-nio-8080-exec-3] o.s.security.web.FilterChainProxy - Securing GET /api/student/profile
2026-08-27 12:59:27.418 [DEBUG] [http-nio-8080-exec-9] o.s.security.web.FilterChainProxy - Securing GET /api/student/career-paths
2026-08-27 12:59:27.430 [DEBUG] [http-nio-8080-exec-3] org.hibernate.SQL - 
    select
        u1_0.id,
        u1_0.course,
        u1_0.email,
        u1_0.mobile,
        u1_0.name,
        u1_0.password,
        u1_0.percentage,
        u1_0.role 
    from
        users u1_0 
    where
        u1_0.email=?
2026-08-27 12:59:27.434 [DEBUG] [http-nio-8080-exec-9] org.hibernate.SQL - 
    select
        u1_0.id,
        u1_0.course,
        u1_0.email,
        u1_0.mobile,
        u1_0.name,
        u1_0.password,
        u1_0.percentage,
        u1_0.role 
    from
        users u1_0 
    where
        u1_0.email=?
2026-08-27 12:59:27.436 [DEBUG] [http-nio-8080-exec-3] c.c.security.JwtAuthenticationFilter - Authenticated user: dhruvyelmame6@gmail.com with role: ROLE_STUDENT
2026-08-27 12:59:27.438 [DEBUG] [http-nio-8080-exec-3] o.s.security.web.FilterChainProxy - Secured GET /api/student/profile
2026-08-27 12:59:27.440 [DEBUG] [http-nio-8080-exec-9] c.c.security.JwtAuthenticationFilter - Authenticated user: dhruvyelmame6@gmail.com with role: ROLE_STUDENT
2026-08-27 12:59:27.440 [DEBUG] [http-nio-8080-exec-9] o.s.security.web.FilterChainProxy - Secured GET /api/student/career-paths
2026-08-27 12:59:27.440 [DEBUG] [http-nio-8080-exec-3] org.hibernate.SQL - 
    select
        u1_0.id,
        u1_0.course,
        u1_0.email,
        u1_0.mobile,
        u1_0.name,
        u1_0.password,
        u1_0.percentage,
        u1_0.role 
    from
        users u1_0 
    where
        u1_0.email=?
2026-08-27 12:59:28.693 [DEBUG] [http-nio-8080-exec-5] o.s.security.web.FilterChainProxy - Securing GET /student-profile.html
2026-08-27 12:59:28.693 [DEBUG] [http-nio-8080-exec-5] o.s.s.w.a.AnonymousAuthenticationFilter - Set SecurityContextHolder to anonymous SecurityContext
2026-08-27 12:59:28.693 [DEBUG] [http-nio-8080-exec-5] o.s.security.web.FilterChainProxy - Secured GET /student-profile.html
2026-08-27 12:59:28.739 [DEBUG] [http-nio-8080-exec-2] o.s.security.web.FilterChainProxy - Securing GET /css/student.css
2026-08-27 12:59:28.741 [DEBUG] [http-nio-8080-exec-2] o.s.s.w.a.AnonymousAuthenticationFilter - Set SecurityContextHolder to anonymous SecurityContext
2026-08-27 12:59:28.741 [DEBUG] [http-nio-8080-exec-7] o.s.security.web.FilterChainProxy - Securing GET /js/app-toast.js
2026-08-27 12:59:28.741 [DEBUG] [http-nio-8080-exec-2] o.s.security.web.FilterChainProxy - Secured GET /css/student.css
2026-08-27 12:59:28.741 [DEBUG] [http-nio-8080-exec-7] o.s.s.w.a.AnonymousAuthenticationFilter - Set SecurityContextHolder to anonymous SecurityContext
2026-08-27 12:59:28.741 [DEBUG] [http-nio-8080-exec-10] o.s.security.web.FilterChainProxy - Securing GET /js/auth.js
2026-08-27 12:59:28.743 [DEBUG] [http-nio-8080-exec-7] o.s.security.web.FilterChainProxy - Secured GET /js/app-toast.js
2026-08-27 12:59:28.743 [DEBUG] [http-nio-8080-exec-10] o.s.s.w.a.AnonymousAuthenticationFilter - Set SecurityContextHolder to anonymous SecurityContext
2026-08-27 12:59:28.743 [DEBUG] [http-nio-8080-exec-10] o.s.security.web.FilterChainProxy - Secured GET /js/auth.js
2026-08-27 12:59:28.745 [DEBUG] [http-nio-8080-exec-8] o.s.security.web.FilterChainProxy - Securing GET /js/student-common.js
2026-08-27 12:59:28.745 [DEBUG] [http-nio-8080-exec-1] o.s.security.web.FilterChainProxy - Securing GET /js/student-profile.js
2026-08-27 12:59:28.746 [DEBUG] [http-nio-8080-exec-1] o.s.s.w.a.AnonymousAuthenticationFilter - Set SecurityContextHolder to anonymous SecurityContext
2026-08-27 12:59:28.746 [DEBUG] [http-nio-8080-exec-1] o.s.security.web.FilterChainProxy - Secured GET /js/student-profile.js
2026-08-27 12:59:28.746 [DEBUG] [http-nio-8080-exec-8] o.s.s.w.a.AnonymousAuthenticationFilter - Set SecurityContextHolder to anonymous SecurityContext
2026-08-27 12:59:28.749 [DEBUG] [http-nio-8080-exec-8] o.s.security.web.FilterChainProxy - Secured GET /js/student-common.js
2026-08-27 12:59:28.845 [DEBUG] [http-nio-8080-exec-4] o.s.security.web.FilterChainProxy - Securing GET /api/student/profile
2026-08-27 12:59:28.860 [DEBUG] [http-nio-8080-exec-4] org.hibernate.SQL - 
    select
        u1_0.id,
        u1_0.course,
        u1_0.email,
        u1_0.mobile,
        u1_0.name,
        u1_0.password,
        u1_0.percentage,
        u1_0.role 
    from
        users u1_0 
    where
        u1_0.email=?
2026-08-27 12:59:28.868 [DEBUG] [http-nio-8080-exec-4] c.c.security.JwtAuthenticationFilter - Authenticated user: dhruvyelmame6@gmail.com with role: ROLE_STUDENT
2026-08-27 12:59:28.870 [DEBUG] [http-nio-8080-exec-4] o.s.security.web.FilterChainProxy - Secured GET /api/student/profile
2026-08-27 12:59:28.873 [DEBUG] [http-nio-8080-exec-4] org.hibernate.SQL - 
    select
        u1_0.id,
        u1_0.course,
        u1_0.email,
        u1_0.mobile,
        u1_0.name,
        u1_0.password,
        u1_0.percentage,
        u1_0.role 
    from
        users u1_0 
    where
        u1_0.email=?
2026-08-27 12:59:28.879 [DEBUG] [http-nio-8080-exec-6] o.s.security.web.FilterChainProxy - Securing GET /api/student/profile
2026-08-27 12:59:28.882 [DEBUG] [http-nio-8080-exec-6] org.hibernate.SQL - 
    select
        u1_0.id,
        u1_0.course,
        u1_0.email,
        u1_0.mobile,
        u1_0.name,
        u1_0.password,
        u1_0.percentage,
        u1_0.role 
    from
        users u1_0 
    where
        u1_0.email=?
2026-08-27 12:59:28.882 [DEBUG] [http-nio-8080-exec-6] c.c.security.JwtAuthenticationFilter - Authenticated user: dhruvyelmame6@gmail.com with role: ROLE_STUDENT
2026-08-27 12:59:28.888 [DEBUG] [http-nio-8080-exec-6] o.s.security.web.FilterChainProxy - Secured GET /api/student/profile
2026-08-27 12:59:28.888 [DEBUG] [http-nio-8080-exec-6] org.hibernate.SQL - 
    select
        u1_0.id,
        u1_0.course,
        u1_0.email,
        u1_0.mobile,
        u1_0.name,
        u1_0.password,
        u1_0.percentage,
        u1_0.role 
    from
        users u1_0 
    where
        u1_0.email=?
2026-08-27 12:59:32.657 [DEBUG] [http-nio-8080-exec-3] o.s.security.web.FilterChainProxy - Securing PUT /api/student/profile
2026-08-27 12:59:32.665 [DEBUG] [http-nio-8080-exec-3] org.hibernate.SQL - 
    select
        u1_0.id,
        u1_0.course,
        u1_0.email,
        u1_0.mobile,
        u1_0.name,
        u1_0.password,
        u1_0.percentage,
        u1_0.role 
    from
        users u1_0 
    where
        u1_0.email=?
2026-08-27 12:59:32.672 [DEBUG] [http-nio-8080-exec-3] c.c.security.JwtAuthenticationFilter - Authenticated user: dhruvyelmame6@gmail.com with role: ROLE_STUDENT
2026-08-27 12:59:32.674 [DEBUG] [http-nio-8080-exec-3] o.s.security.web.FilterChainProxy - Secured PUT /api/student/profile
2026-08-27 12:59:32.689 [DEBUG] [http-nio-8080-exec-3] org.hibernate.SQL - 
    select
        u1_0.id,
        u1_0.course,
        u1_0.email,
        u1_0.mobile,
        u1_0.name,
        u1_0.password,
        u1_0.percentage,
        u1_0.role 
    from
        users u1_0 
    where
        u1_0.email=?
2026-08-27 12:59:32.714 [INFO ] [http-nio-8080-exec-3] c.c.c.StudentProfileController - REST: Student profile updated successfully for ID 2
2026-08-27 12:59:34.375 [DEBUG] [http-nio-8080-exec-9] o.s.security.web.FilterChainProxy - Securing GET /student-login.html
2026-08-27 12:59:34.376 [DEBUG] [http-nio-8080-exec-9] o.s.s.w.a.AnonymousAuthenticationFilter - Set SecurityContextHolder to anonymous SecurityContext
2026-08-27 12:59:34.376 [DEBUG] [http-nio-8080-exec-9] o.s.security.web.FilterChainProxy - Secured GET /student-login.html
2026-08-27 12:59:34.412 [DEBUG] [http-nio-8080-exec-5] o.s.security.web.FilterChainProxy - Securing GET /student-login.html
2026-08-27 12:59:34.414 [DEBUG] [http-nio-8080-exec-5] o.s.s.w.a.AnonymousAuthenticationFilter - Set SecurityContextHolder to anonymous SecurityContext
2026-08-27 12:59:34.414 [DEBUG] [http-nio-8080-exec-5] o.s.security.web.FilterChainProxy - Secured GET /student-login.html
2026-08-27 12:59:34.428 [DEBUG] [http-nio-8080-exec-2] o.s.security.web.FilterChainProxy - Securing GET /student-login.html
2026-08-27 12:59:34.428 [DEBUG] [http-nio-8080-exec-2] o.s.s.w.a.AnonymousAuthenticationFilter - Set SecurityContextHolder to anonymous SecurityContext
2026-08-27 12:59:34.428 [DEBUG] [http-nio-8080-exec-2] o.s.security.web.FilterChainProxy - Secured GET /student-login.html
2026-08-27 12:59:34.464 [DEBUG] [http-nio-8080-exec-7] o.s.security.web.FilterChainProxy - Securing GET /css/student-auth.css
2026-08-27 12:59:34.464 [DEBUG] [http-nio-8080-exec-10] o.s.security.web.FilterChainProxy - Securing GET /js/app-toast.js
2026-08-27 12:59:34.464 [DEBUG] [http-nio-8080-exec-8] o.s.security.web.FilterChainProxy - Securing GET /js/auth.js
2026-08-27 12:59:34.466 [DEBUG] [http-nio-8080-exec-10] o.s.s.w.a.AnonymousAuthenticationFilter - Set SecurityContextHolder to anonymous SecurityContext
2026-08-27 12:59:34.467 [DEBUG] [http-nio-8080-exec-10] o.s.security.web.FilterChainProxy - Secured GET /js/app-toast.js
2026-08-27 12:59:34.466 [DEBUG] [http-nio-8080-exec-8] o.s.s.w.a.AnonymousAuthenticationFilter - Set SecurityContextHolder to anonymous SecurityContext
2026-08-27 12:59:34.468 [DEBUG] [http-nio-8080-exec-7] o.s.s.w.a.AnonymousAuthenticationFilter - Set SecurityContextHolder to anonymous SecurityContext
2026-08-27 12:59:34.471 [DEBUG] [http-nio-8080-exec-8] o.s.security.web.FilterChainProxy - Secured GET /js/auth.js
2026-08-27 12:59:34.474 [DEBUG] [http-nio-8080-exec-7] o.s.security.web.FilterChainProxy - Secured GET /css/student-auth.css
2026-08-27 12:59:36.262 [DEBUG] [http-nio-8080-exec-1] o.s.security.web.FilterChainProxy - Securing GET /admin-login.html
2026-08-27 12:59:36.262 [DEBUG] [http-nio-8080-exec-1] o.s.s.w.a.AnonymousAuthenticationFilter - Set SecurityContextHolder to anonymous SecurityContext
2026-08-27 12:59:36.262 [DEBUG] [http-nio-8080-exec-1] o.s.security.web.FilterChainProxy - Secured GET /admin-login.html
2026-08-27 12:59:36.298 [DEBUG] [http-nio-8080-exec-4] o.s.security.web.FilterChainProxy - Securing GET /css/admin-login.css
2026-08-27 12:59:36.302 [DEBUG] [http-nio-8080-exec-3] o.s.security.web.FilterChainProxy - Securing GET /js/auth.js
2026-08-27 12:59:36.302 [DEBUG] [http-nio-8080-exec-4] o.s.s.w.a.AnonymousAuthenticationFilter - Set SecurityContextHolder to anonymous SecurityContext
2026-08-27 12:59:36.302 [DEBUG] [http-nio-8080-exec-6] o.s.security.web.FilterChainProxy - Securing GET /js/app-toast.js
2026-08-27 12:59:36.302 [DEBUG] [http-nio-8080-exec-3] o.s.s.w.a.AnonymousAuthenticationFilter - Set SecurityContextHolder to anonymous SecurityContext
2026-08-27 12:59:36.302 [DEBUG] [http-nio-8080-exec-4] o.s.security.web.FilterChainProxy - Secured GET /css/admin-login.css
2026-08-27 12:59:36.302 [DEBUG] [http-nio-8080-exec-6] o.s.s.w.a.AnonymousAuthenticationFilter - Set SecurityContextHolder to anonymous SecurityContext
2026-08-27 12:59:36.302 [DEBUG] [http-nio-8080-exec-3] o.s.security.web.FilterChainProxy - Secured GET /js/auth.js
2026-08-27 12:59:36.302 [DEBUG] [http-nio-8080-exec-6] o.s.security.web.FilterChainProxy - Secured GET /js/app-toast.js
2026-08-27 12:59:40.875 [DEBUG] [http-nio-8080-exec-9] o.s.security.web.FilterChainProxy - Securing POST /api/auth/admin/login
2026-08-27 12:59:40.875 [DEBUG] [http-nio-8080-exec-9] o.s.s.w.a.AnonymousAuthenticationFilter - Set SecurityContextHolder to anonymous SecurityContext
2026-08-27 12:59:40.875 [DEBUG] [http-nio-8080-exec-9] o.s.security.web.FilterChainProxy - Secured POST /api/auth/admin/login
2026-08-27 12:59:40.880 [INFO ] [http-nio-8080-exec-9] c.career.controller.AuthController - REST: Admin login request for email admin@gmail.com
2026-08-27 12:59:40.883 [DEBUG] [http-nio-8080-exec-9] c.c.service.impl.AuthServiceImpl - Authenticating admin: admin@gmail.com
2026-08-27 12:59:40.886 [DEBUG] [http-nio-8080-exec-9] org.hibernate.SQL - 
    select
        u1_0.id,
        u1_0.course,
        u1_0.email,
        u1_0.mobile,
        u1_0.name,
        u1_0.password,
        u1_0.percentage,
        u1_0.role 
    from
        users u1_0 
    where
        u1_0.email=?
2026-08-27 12:59:41.236 [INFO ] [http-nio-8080-exec-9] c.c.service.impl.AuthServiceImpl - Admin admin@gmail.com logged in successfully
2026-08-27 12:59:41.236 [DEBUG] [http-nio-8080-exec-9] com.career.security.JwtService - Generating JWT token for email: admin@gmail.com with role: ADMIN
2026-08-27 12:59:41.663 [DEBUG] [http-nio-8080-exec-5] o.s.security.web.FilterChainProxy - Securing GET /admin-dashboard.html
2026-08-27 12:59:41.663 [DEBUG] [http-nio-8080-exec-5] o.s.s.w.a.AnonymousAuthenticationFilter - Set SecurityContextHolder to anonymous SecurityContext
2026-08-27 12:59:41.663 [DEBUG] [http-nio-8080-exec-5] o.s.security.web.FilterChainProxy - Secured GET /admin-dashboard.html
2026-08-27 12:59:41.695 [DEBUG] [http-nio-8080-exec-10] o.s.security.web.FilterChainProxy - Securing GET /css/admin-dashboard.css
2026-08-27 12:59:41.695 [DEBUG] [http-nio-8080-exec-2] o.s.security.web.FilterChainProxy - Securing GET /css/admin.css
2026-08-27 12:59:41.695 [DEBUG] [http-nio-8080-exec-10] o.s.s.w.a.AnonymousAuthenticationFilter - Set SecurityContextHolder to anonymous SecurityContext
2026-08-27 12:59:41.695 [DEBUG] [http-nio-8080-exec-10] o.s.security.web.FilterChainProxy - Secured GET /css/admin-dashboard.css
2026-08-27 12:59:41.695 [DEBUG] [http-nio-8080-exec-2] o.s.s.w.a.AnonymousAuthenticationFilter - Set SecurityContextHolder to anonymous SecurityContext
2026-08-27 12:59:41.697 [DEBUG] [http-nio-8080-exec-2] o.s.security.web.FilterChainProxy - Secured GET /css/admin.css
2026-08-27 12:59:41.700 [DEBUG] [http-nio-8080-exec-7] o.s.security.web.FilterChainProxy - Securing GET /js/app-toast.js
2026-08-27 12:59:41.700 [DEBUG] [http-nio-8080-exec-7] o.s.s.w.a.AnonymousAuthenticationFilter - Set SecurityContextHolder to anonymous SecurityContext
2026-08-27 12:59:41.700 [DEBUG] [http-nio-8080-exec-8] o.s.security.web.FilterChainProxy - Securing GET /js/auth.js
2026-08-27 12:59:41.700 [DEBUG] [http-nio-8080-exec-7] o.s.security.web.FilterChainProxy - Secured GET /js/app-toast.js
2026-08-27 12:59:41.700 [DEBUG] [http-nio-8080-exec-8] o.s.s.w.a.AnonymousAuthenticationFilter - Set SecurityContextHolder to anonymous SecurityContext
2026-08-27 12:59:41.702 [DEBUG] [http-nio-8080-exec-8] o.s.security.web.FilterChainProxy - Secured GET /js/auth.js
2026-08-27 12:59:41.702 [DEBUG] [http-nio-8080-exec-1] o.s.security.web.FilterChainProxy - Securing GET /js/mobile-sidebar.js
2026-08-27 12:59:41.702 [DEBUG] [http-nio-8080-exec-1] o.s.s.w.a.AnonymousAuthenticationFilter - Set SecurityContextHolder to anonymous SecurityContext
2026-08-27 12:59:41.702 [DEBUG] [http-nio-8080-exec-1] o.s.security.web.FilterChainProxy - Secured GET /js/mobile-sidebar.js
2026-08-27 12:59:41.702 [DEBUG] [http-nio-8080-exec-3] o.s.security.web.FilterChainProxy - Securing GET /js/admin-dashboard.js
2026-08-27 12:59:41.702 [DEBUG] [http-nio-8080-exec-3] o.s.s.w.a.AnonymousAuthenticationFilter - Set SecurityContextHolder to anonymous SecurityContext
2026-08-27 12:59:41.703 [DEBUG] [http-nio-8080-exec-3] o.s.security.web.FilterChainProxy - Secured GET /js/admin-dashboard.js
2026-08-27 12:59:41.803 [DEBUG] [http-nio-8080-exec-4] o.s.security.web.FilterChainProxy - Securing GET /api/admin/students/dashboard-stats
2026-08-27 12:59:41.808 [DEBUG] [http-nio-8080-exec-4] org.hibernate.SQL - 
    select
        u1_0.id,
        u1_0.course,
        u1_0.email,
        u1_0.mobile,
        u1_0.name,
        u1_0.password,
        u1_0.percentage,
        u1_0.role 
    from
        users u1_0 
    where
        u1_0.email=?
2026-08-27 12:59:41.814 [DEBUG] [http-nio-8080-exec-4] c.c.security.JwtAuthenticationFilter - Authenticated user: admin@gmail.com with role: ROLE_ADMIN
2026-08-27 12:59:41.814 [DEBUG] [http-nio-8080-exec-4] o.s.security.web.FilterChainProxy - Secured GET /api/admin/students/dashboard-stats
2026-08-27 12:59:41.816 [DEBUG] [http-nio-8080-exec-4] c.c.controller.StudentController - REST: Fetching dashboard stats
2026-08-27 12:59:41.820 [DEBUG] [http-nio-8080-exec-4] org.hibernate.SQL - 
    select
        count(u1_0.id) 
    from
        users u1_0 
    where
        u1_0.role=?
2026-08-27 12:59:41.832 [DEBUG] [http-nio-8080-exec-4] org.hibernate.SQL - 
    select
        count(*) 
    from
        questions q1_0
2026-08-27 12:59:41.847 [DEBUG] [http-nio-8080-exec-4] org.hibernate.SQL - 
    select
        count(*) 
    from
        tests t1_0
2026-08-27 12:59:41.853 [DEBUG] [http-nio-8080-exec-4] org.hibernate.SQL - 
    select
        count(t1_0.id) 
    from
        tests t1_0 
    where
        t1_0.active=true
2026-08-27 12:59:41.859 [DEBUG] [http-nio-8080-exec-4] org.hibernate.SQL - 
    select
        count(*) 
    from
        career_paths cp1_0
2026-08-27 12:59:41.864 [DEBUG] [http-nio-8080-exec-4] org.hibernate.SQL - 
    select
        count(*) 
    from
        test_attempts ta1_0
2026-08-27 12:59:41.880 [DEBUG] [http-nio-8080-exec-4] org.hibernate.SQL - 
    select
        count(ta1_0.id) 
    from
        test_attempts ta1_0 
    where
        ta1_0.status=?
2026-08-27 12:59:41.880 [DEBUG] [http-nio-8080-exec-4] org.hibernate.SQL - 
    select
        count(ta1_0.id) 
    from
        test_attempts ta1_0 
    where
        ta1_0.status=?
2026-08-27 12:59:41.893 [DEBUG] [http-nio-8080-exec-4] org.hibernate.SQL - 
    select
        cp1_0.id,
        cp1_0.career_name,
        cp1_0.category,
        cp1_0.description,
        cp1_0.education,
        cp1_0.salary_range,
        cp1_0.skills 
    from
        career_paths cp1_0
2026-08-27 12:59:41.908 [DEBUG] [http-nio-8080-exec-4] org.hibernate.SQL - 
    select
        count(ar1_0.id) 
    from
        assessment_results ar1_0 
    where
        ar1_0.career_path_id=?
2026-08-27 12:59:41.911 [DEBUG] [http-nio-8080-exec-4] org.hibernate.SQL - 
    select
        count(ar1_0.id) 
    from
        assessment_results ar1_0 
    where
        ar1_0.career_path_id=?
2026-08-27 12:59:41.914 [DEBUG] [http-nio-8080-exec-4] org.hibernate.SQL - 
    select
        count(ar1_0.id) 
    from
        assessment_results ar1_0 
    where
        ar1_0.career_path_id=?
2026-08-27 12:59:41.918 [DEBUG] [http-nio-8080-exec-4] org.hibernate.SQL - 
    select
        count(ar1_0.id) 
    from
        assessment_results ar1_0 
    where
        ar1_0.career_path_id=?
2026-08-27 12:59:41.922 [DEBUG] [http-nio-8080-exec-4] org.hibernate.SQL - 
    select
        count(ar1_0.id) 
    from
        assessment_results ar1_0 
    where
        ar1_0.career_path_id=?
2026-08-27 12:59:41.925 [DEBUG] [http-nio-8080-exec-4] org.hibernate.SQL - 
    select
        count(ar1_0.id) 
    from
        assessment_results ar1_0 
    where
        ar1_0.career_path_id=?
2026-08-27 12:59:41.925 [DEBUG] [http-nio-8080-exec-4] org.hibernate.SQL - 
    select
        count(ar1_0.id) 
    from
        assessment_results ar1_0 
    where
        ar1_0.career_path_id=?
2026-08-27 12:59:41.925 [DEBUG] [http-nio-8080-exec-4] org.hibernate.SQL - 
    select
        count(ar1_0.id) 
    from
        assessment_results ar1_0 
    where
        ar1_0.career_path_id=?
2026-08-27 12:59:41.925 [DEBUG] [http-nio-8080-exec-4] org.hibernate.SQL - 
    select
        count(ar1_0.id) 
    from
        assessment_results ar1_0 
    where
        ar1_0.career_path_id=?
2026-08-27 12:59:41.925 [DEBUG] [http-nio-8080-exec-4] org.hibernate.SQL - 
    select
        count(ar1_0.id) 
    from
        assessment_results ar1_0 
    where
        ar1_0.career_path_id=?
2026-08-27 12:59:41.941 [DEBUG] [http-nio-8080-exec-4] org.hibernate.SQL - 
    select
        count(ar1_0.id) 
    from
        assessment_results ar1_0 
    where
        ar1_0.career_path_id=?
2026-08-27 12:59:41.941 [DEBUG] [http-nio-8080-exec-4] org.hibernate.SQL - 
    select
        count(ar1_0.id) 
    from
        assessment_results ar1_0 
    where
        ar1_0.career_path_id=?
2026-08-27 12:59:41.948 [DEBUG] [http-nio-8080-exec-4] org.hibernate.SQL - 
    select
        count(ar1_0.id) 
    from
        assessment_results ar1_0 
    where
        ar1_0.career_path_id=?
2026-08-27 12:59:41.950 [DEBUG] [http-nio-8080-exec-4] org.hibernate.SQL - 
    select
        count(ar1_0.id) 
    from
        assessment_results ar1_0 
    where
        ar1_0.career_path_id=?
2026-08-27 12:59:41.950 [DEBUG] [http-nio-8080-exec-4] org.hibernate.SQL - 
    select
        count(ar1_0.id) 
    from
        assessment_results ar1_0 
    where
        ar1_0.career_path_id=?
2026-08-27 12:59:41.957 [DEBUG] [http-nio-8080-exec-4] org.hibernate.SQL - 
    select
        count(ar1_0.id) 
    from
        assessment_results ar1_0 
    where
        ar1_0.career_path_id=?
2026-08-27 12:59:41.962 [DEBUG] [http-nio-8080-exec-4] org.hibernate.SQL - 
    select
        count(ar1_0.id) 
    from
        assessment_results ar1_0 
    where
        ar1_0.career_path_id=?
2026-08-27 12:59:41.966 [DEBUG] [http-nio-8080-exec-4] org.hibernate.SQL - 
    select
        count(ar1_0.id) 
    from
        assessment_results ar1_0 
    where
        ar1_0.career_path_id=?
2026-08-27 12:59:41.966 [DEBUG] [http-nio-8080-exec-4] org.hibernate.SQL - 
    select
        count(ar1_0.id) 
    from
        assessment_results ar1_0 
    where
        ar1_0.career_path_id=?
2026-08-27 12:59:41.973 [DEBUG] [http-nio-8080-exec-4] org.hibernate.SQL - 
    select
        count(ar1_0.id) 
    from
        assessment_results ar1_0 
    where
        ar1_0.career_path_id=?
2026-08-27 12:59:44.890 [DEBUG] [http-nio-8080-exec-6] o.s.security.web.FilterChainProxy - Securing GET /api/admin/students/dashboard-stats
2026-08-27 12:59:44.895 [DEBUG] [http-nio-8080-exec-6] org.hibernate.SQL - 
    select
        u1_0.id,
        u1_0.course,
        u1_0.email,
        u1_0.mobile,
        u1_0.name,
        u1_0.password,
        u1_0.percentage,
        u1_0.role 
    from
        users u1_0 
    where
        u1_0.email=?
2026-08-27 12:59:44.895 [DEBUG] [http-nio-8080-exec-6] c.c.security.JwtAuthenticationFilter - Authenticated user: admin@gmail.com with role: ROLE_ADMIN
2026-08-27 12:59:44.905 [DEBUG] [http-nio-8080-exec-6] o.s.security.web.FilterChainProxy - Secured GET /api/admin/students/dashboard-stats
2026-08-27 12:59:44.906 [DEBUG] [http-nio-8080-exec-6] c.c.controller.StudentController - REST: Fetching dashboard stats
2026-08-27 12:59:44.909 [DEBUG] [http-nio-8080-exec-6] org.hibernate.SQL - 
    select
        count(u1_0.id) 
    from
        users u1_0 
    where
        u1_0.role=?
2026-08-27 12:59:44.919 [DEBUG] [http-nio-8080-exec-6] org.hibernate.SQL - 
    select
        count(*) 
    from
        questions q1_0
2026-08-27 12:59:44.930 [DEBUG] [http-nio-8080-exec-6] org.hibernate.SQL - 
    select
        count(*) 
    from
        tests t1_0
2026-08-27 12:59:44.939 [DEBUG] [http-nio-8080-exec-6] org.hibernate.SQL - 
    select
        count(t1_0.id) 
    from
        tests t1_0 
    where
        t1_0.active=true
2026-08-27 12:59:44.946 [DEBUG] [http-nio-8080-exec-6] org.hibernate.SQL - 
    select
        count(*) 
    from
        career_paths cp1_0
2026-08-27 12:59:44.962 [DEBUG] [http-nio-8080-exec-6] org.hibernate.SQL - 
    select
        count(*) 
    from
        test_attempts ta1_0
2026-08-27 12:59:44.962 [DEBUG] [http-nio-8080-exec-6] org.hibernate.SQL - 
    select
        count(ta1_0.id) 
    from
        test_attempts ta1_0 
    where
        ta1_0.status=?
2026-08-27 12:59:44.974 [DEBUG] [http-nio-8080-exec-6] org.hibernate.SQL - 
    select
        count(ta1_0.id) 
    from
        test_attempts ta1_0 
    where
        ta1_0.status=?
2026-08-27 12:59:44.983 [DEBUG] [http-nio-8080-exec-6] org.hibernate.SQL - 
    select
        cp1_0.id,
        cp1_0.career_name,
        cp1_0.category,
        cp1_0.description,
        cp1_0.education,
        cp1_0.salary_range,
        cp1_0.skills 
    from
        career_paths cp1_0
2026-08-27 12:59:44.994 [DEBUG] [http-nio-8080-exec-6] org.hibernate.SQL - 
    select
        count(ar1_0.id) 
    from
        assessment_results ar1_0 
    where
        ar1_0.career_path_id=?
2026-08-27 12:59:44.994 [DEBUG] [http-nio-8080-exec-6] org.hibernate.SQL - 
    select
        count(ar1_0.id) 
    from
        assessment_results ar1_0 
    where
        ar1_0.career_path_id=?
2026-08-27 12:59:45.011 [DEBUG] [http-nio-8080-exec-6] org.hibernate.SQL - 
    select
        count(ar1_0.id) 
    from
        assessment_results ar1_0 
    where
        ar1_0.career_path_id=?
2026-08-27 12:59:45.013 [DEBUG] [http-nio-8080-exec-6] org.hibernate.SQL - 
    select
        count(ar1_0.id) 
    from
        assessment_results ar1_0 
    where
        ar1_0.career_path_id=?
2026-08-27 12:59:45.013 [DEBUG] [http-nio-8080-exec-6] org.hibernate.SQL - 
    select
        count(ar1_0.id) 
    from
        assessment_results ar1_0 
    where
        ar1_0.career_path_id=?
2026-08-27 12:59:45.025 [DEBUG] [http-nio-8080-exec-6] org.hibernate.SQL - 
    select
        count(ar1_0.id) 
    from
        assessment_results ar1_0 
    where
        ar1_0.career_path_id=?
2026-08-27 12:59:45.025 [DEBUG] [http-nio-8080-exec-6] org.hibernate.SQL - 
    select
        count(ar1_0.id) 
    from
        assessment_results ar1_0 
    where
        ar1_0.career_path_id=?
2026-08-27 12:59:45.025 [DEBUG] [http-nio-8080-exec-6] org.hibernate.SQL - 
    select
        count(ar1_0.id) 
    from
        assessment_results ar1_0 
    where
        ar1_0.career_path_id=?
2026-08-27 12:59:45.041 [DEBUG] [http-nio-8080-exec-6] org.hibernate.SQL - 
    select
        count(ar1_0.id) 
    from
        assessment_results ar1_0 
    where
        ar1_0.career_path_id=?
2026-08-27 12:59:45.041 [DEBUG] [http-nio-8080-exec-6] org.hibernate.SQL - 
    select
        count(ar1_0.id) 
    from
        assessment_results ar1_0 
    where
        ar1_0.career_path_id=?
2026-08-27 12:59:45.041 [DEBUG] [http-nio-8080-exec-6] org.hibernate.SQL - 
    select
        count(ar1_0.id) 
    from
        assessment_results ar1_0 
    where
        ar1_0.career_path_id=?
2026-08-27 12:59:45.041 [DEBUG] [http-nio-8080-exec-6] org.hibernate.SQL - 
    select
        count(ar1_0.id) 
    from
        assessment_results ar1_0 
    where
        ar1_0.career_path_id=?
2026-08-27 12:59:45.057 [DEBUG] [http-nio-8080-exec-6] org.hibernate.SQL - 
    select
        count(ar1_0.id) 
    from
        assessment_results ar1_0 
    where
        ar1_0.career_path_id=?
2026-08-27 12:59:45.057 [DEBUG] [http-nio-8080-exec-6] org.hibernate.SQL - 
    select
        count(ar1_0.id) 
    from
        assessment_results ar1_0 
    where
        ar1_0.career_path_id=?
2026-08-27 12:59:45.057 [DEBUG] [http-nio-8080-exec-6] org.hibernate.SQL - 
    select
        count(ar1_0.id) 
    from
        assessment_results ar1_0 
    where
        ar1_0.career_path_id=?
2026-08-27 12:59:45.073 [DEBUG] [http-nio-8080-exec-6] org.hibernate.SQL - 
    select
        count(ar1_0.id) 
    from
        assessment_results ar1_0 
    where
        ar1_0.career_path_id=?
2026-08-27 12:59:45.077 [DEBUG] [http-nio-8080-exec-6] org.hibernate.SQL - 
    select
        count(ar1_0.id) 
    from
        assessment_results ar1_0 
    where
        ar1_0.career_path_id=?
2026-08-27 12:59:45.077 [DEBUG] [http-nio-8080-exec-6] org.hibernate.SQL - 
    select
        count(ar1_0.id) 
    from
        assessment_results ar1_0 
    where
        ar1_0.career_path_id=?
2026-08-27 12:59:45.089 [DEBUG] [http-nio-8080-exec-6] org.hibernate.SQL - 
    select
        count(ar1_0.id) 
    from
        assessment_results ar1_0 
    where
        ar1_0.career_path_id=?
2026-08-27 12:59:45.089 [DEBUG] [http-nio-8080-exec-6] org.hibernate.SQL - 
    select
        count(ar1_0.id) 
    from
        assessment_results ar1_0 
    where
        ar1_0.career_path_id=?
2026-08-27 12:59:45.496 [DEBUG] [http-nio-8080-exec-9] o.s.security.web.FilterChainProxy - Securing GET /api/admin/students/dashboard-stats
2026-08-27 12:59:45.506 [DEBUG] [http-nio-8080-exec-9] org.hibernate.SQL - 
    select
        u1_0.id,
        u1_0.course,
        u1_0.email,
        u1_0.mobile,
        u1_0.name,
        u1_0.password,
        u1_0.percentage,
        u1_0.role 
    from
        users u1_0 
    where
        u1_0.email=?
2026-08-27 12:59:45.508 [DEBUG] [http-nio-8080-exec-9] c.c.security.JwtAuthenticationFilter - Authenticated user: admin@gmail.com with role: ROLE_ADMIN
2026-08-27 12:59:45.512 [DEBUG] [http-nio-8080-exec-9] o.s.security.web.FilterChainProxy - Secured GET /api/admin/students/dashboard-stats
2026-08-27 12:59:45.512 [DEBUG] [http-nio-8080-exec-9] c.c.controller.StudentController - REST: Fetching dashboard stats
2026-08-27 12:59:45.514 [DEBUG] [http-nio-8080-exec-9] org.hibernate.SQL - 
    select
        count(u1_0.id) 
    from
        users u1_0 
    where
        u1_0.role=?
2026-08-27 12:59:45.522 [DEBUG] [http-nio-8080-exec-9] org.hibernate.SQL - 
    select
        count(*) 
    from
        questions q1_0
2026-08-27 12:59:45.536 [DEBUG] [http-nio-8080-exec-9] org.hibernate.SQL - 
    select
        count(*) 
    from
        tests t1_0
2026-08-27 12:59:45.543 [DEBUG] [http-nio-8080-exec-9] org.hibernate.SQL - 
    select
        count(t1_0.id) 
    from
        tests t1_0 
    where
        t1_0.active=true
2026-08-27 12:59:45.554 [DEBUG] [http-nio-8080-exec-9] org.hibernate.SQL - 
    select
        count(*) 
    from
        career_paths cp1_0
2026-08-27 12:59:45.554 [DEBUG] [http-nio-8080-exec-9] org.hibernate.SQL - 
    select
        count(*) 
    from
        test_attempts ta1_0
2026-08-27 12:59:45.576 [DEBUG] [http-nio-8080-exec-9] org.hibernate.SQL - 
    select
        count(ta1_0.id) 
    from
        test_attempts ta1_0 
    where
        ta1_0.status=?
2026-08-27 12:59:45.580 [DEBUG] [http-nio-8080-exec-9] org.hibernate.SQL - 
    select
        count(ta1_0.id) 
    from
        test_attempts ta1_0 
    where
        ta1_0.status=?
2026-08-27 12:59:45.591 [DEBUG] [http-nio-8080-exec-9] org.hibernate.SQL - 
    select
        cp1_0.id,
        cp1_0.career_name,
        cp1_0.category,
        cp1_0.description,
        cp1_0.education,
        cp1_0.salary_range,
        cp1_0.skills 
    from
        career_paths cp1_0
2026-08-27 12:59:45.609 [DEBUG] [http-nio-8080-exec-9] org.hibernate.SQL - 
    select
        count(ar1_0.id) 
    from
        assessment_results ar1_0 
    where
        ar1_0.career_path_id=?
2026-08-27 12:59:45.614 [DEBUG] [http-nio-8080-exec-9] org.hibernate.SQL - 
    select
        count(ar1_0.id) 
    from
        assessment_results ar1_0 
    where
        ar1_0.career_path_id=?
2026-08-27 12:59:45.616 [DEBUG] [http-nio-8080-exec-9] org.hibernate.SQL - 
    select
        count(ar1_0.id) 
    from
        assessment_results ar1_0 
    where
        ar1_0.career_path_id=?
2026-08-27 12:59:45.616 [DEBUG] [http-nio-8080-exec-9] org.hibernate.SQL - 
    select
        count(ar1_0.id) 
    from
        assessment_results ar1_0 
    where
        ar1_0.career_path_id=?
2026-08-27 12:59:45.616 [DEBUG] [http-nio-8080-exec-9] org.hibernate.SQL - 
    select
        count(ar1_0.id) 
    from
        assessment_results ar1_0 
    where
        ar1_0.career_path_id=?
2026-08-27 12:59:45.632 [DEBUG] [http-nio-8080-exec-9] org.hibernate.SQL - 
    select
        count(ar1_0.id) 
    from
        assessment_results ar1_0 
    where
        ar1_0.career_path_id=?
2026-08-27 12:59:45.634 [DEBUG] [http-nio-8080-exec-9] org.hibernate.SQL - 
    select
        count(ar1_0.id) 
    from
        assessment_results ar1_0 
    where
        ar1_0.career_path_id=?
2026-08-27 12:59:45.634 [DEBUG] [http-nio-8080-exec-9] org.hibernate.SQL - 
    select
        count(ar1_0.id) 
    from
        assessment_results ar1_0 
    where
        ar1_0.career_path_id=?
2026-08-27 12:59:45.648 [DEBUG] [http-nio-8080-exec-9] org.hibernate.SQL - 
    select
        count(ar1_0.id) 
    from
        assessment_results ar1_0 
    where
        ar1_0.career_path_id=?
2026-08-27 12:59:45.650 [DEBUG] [http-nio-8080-exec-9] org.hibernate.SQL - 
    select
        count(ar1_0.id) 
    from
        assessment_results ar1_0 
    where
        ar1_0.career_path_id=?
2026-08-27 12:59:45.650 [DEBUG] [http-nio-8080-exec-9] org.hibernate.SQL - 
    select
        count(ar1_0.id) 
    from
        assessment_results ar1_0 
    where
        ar1_0.career_path_id=?
2026-08-27 12:59:45.650 [DEBUG] [http-nio-8080-exec-9] org.hibernate.SQL - 
    select
        count(ar1_0.id) 
    from
        assessment_results ar1_0 
    where
        ar1_0.career_path_id=?
2026-08-27 12:59:45.664 [DEBUG] [http-nio-8080-exec-9] org.hibernate.SQL - 
    select
        count(ar1_0.id) 
    from
        assessment_results ar1_0 
    where
        ar1_0.career_path_id=?
2026-08-27 12:59:45.664 [DEBUG] [http-nio-8080-exec-9] org.hibernate.SQL - 
    select
        count(ar1_0.id) 
    from
        assessment_results ar1_0 
    where
        ar1_0.career_path_id=?
2026-08-27 12:59:45.664 [DEBUG] [http-nio-8080-exec-9] org.hibernate.SQL - 
    select
        count(ar1_0.id) 
    from
        assessment_results ar1_0 
    where
        ar1_0.career_path_id=?
2026-08-27 12:59:45.680 [DEBUG] [http-nio-8080-exec-9] org.hibernate.SQL - 
    select
        count(ar1_0.id) 
    from
        assessment_results ar1_0 
    where
        ar1_0.career_path_id=?
2026-08-27 12:59:45.686 [DEBUG] [http-nio-8080-exec-9] org.hibernate.SQL - 
    select
        count(ar1_0.id) 
    from
        assessment_results ar1_0 
    where
        ar1_0.career_path_id=?
2026-08-27 12:59:45.690 [DEBUG] [http-nio-8080-exec-9] org.hibernate.SQL - 
    select
        count(ar1_0.id) 
    from
        assessment_results ar1_0 
    where
        ar1_0.career_path_id=?
2026-08-27 12:59:45.696 [DEBUG] [http-nio-8080-exec-9] org.hibernate.SQL - 
    select
        count(ar1_0.id) 
    from
        assessment_results ar1_0 
    where
        ar1_0.career_path_id=?
2026-08-27 12:59:45.700 [DEBUG] [http-nio-8080-exec-9] org.hibernate.SQL - 
    select
        count(ar1_0.id) 
    from
        assessment_results ar1_0 
    where
        ar1_0.career_path_id=?
2026-08-27 12:59:54.313 [DEBUG] [http-nio-8080-exec-5] o.s.security.web.FilterChainProxy - Securing GET /add-question.html
2026-08-27 12:59:54.313 [DEBUG] [http-nio-8080-exec-5] o.s.s.w.a.AnonymousAuthenticationFilter - Set SecurityContextHolder to anonymous SecurityContext
2026-08-27 12:59:54.313 [DEBUG] [http-nio-8080-exec-5] o.s.security.web.FilterChainProxy - Secured GET /add-question.html
2026-08-27 12:59:54.353 [DEBUG] [http-nio-8080-exec-7] o.s.security.web.FilterChainProxy - Securing GET /css/admin.css
2026-08-27 12:59:54.355 [DEBUG] [http-nio-8080-exec-7] o.s.s.w.a.AnonymousAuthenticationFilter - Set SecurityContextHolder to anonymous SecurityContext
2026-08-27 12:59:54.355 [DEBUG] [http-nio-8080-exec-8] o.s.security.web.FilterChainProxy - Securing GET /css/add-question.css
2026-08-27 12:59:54.355 [DEBUG] [http-nio-8080-exec-7] o.s.security.web.FilterChainProxy - Secured GET /css/admin.css
2026-08-27 12:59:54.357 [DEBUG] [http-nio-8080-exec-8] o.s.s.w.a.AnonymousAuthenticationFilter - Set SecurityContextHolder to anonymous SecurityContext
2026-08-27 12:59:54.357 [DEBUG] [http-nio-8080-exec-3] o.s.security.web.FilterChainProxy - Securing GET /js/app-toast.js
2026-08-27 12:59:54.357 [DEBUG] [http-nio-8080-exec-8] o.s.security.web.FilterChainProxy - Secured GET /css/add-question.css
2026-08-27 12:59:54.358 [DEBUG] [http-nio-8080-exec-3] o.s.s.w.a.AnonymousAuthenticationFilter - Set SecurityContextHolder to anonymous SecurityContext
2026-08-27 12:59:54.359 [DEBUG] [http-nio-8080-exec-3] o.s.security.web.FilterChainProxy - Secured GET /js/app-toast.js
2026-08-27 12:59:54.359 [DEBUG] [http-nio-8080-exec-2] o.s.security.web.FilterChainProxy - Securing GET /js/mobile-sidebar.js
2026-08-27 12:59:54.359 [DEBUG] [http-nio-8080-exec-10] o.s.security.web.FilterChainProxy - Securing GET /js/auth.js
2026-08-27 12:59:54.359 [DEBUG] [http-nio-8080-exec-10] o.s.s.w.a.AnonymousAuthenticationFilter - Set SecurityContextHolder to anonymous SecurityContext
2026-08-27 12:59:54.359 [DEBUG] [http-nio-8080-exec-2] o.s.s.w.a.AnonymousAuthenticationFilter - Set SecurityContextHolder to anonymous SecurityContext
2026-08-27 12:59:54.362 [DEBUG] [http-nio-8080-exec-10] o.s.security.web.FilterChainProxy - Secured GET /js/auth.js
2026-08-27 12:59:54.362 [DEBUG] [http-nio-8080-exec-1] o.s.security.web.FilterChainProxy - Securing GET /js/add-question.js
2026-08-27 12:59:54.362 [DEBUG] [http-nio-8080-exec-1] o.s.s.w.a.AnonymousAuthenticationFilter - Set SecurityContextHolder to anonymous SecurityContext
2026-08-27 12:59:54.362 [DEBUG] [http-nio-8080-exec-2] o.s.security.web.FilterChainProxy - Secured GET /js/mobile-sidebar.js
2026-08-27 12:59:54.364 [DEBUG] [http-nio-8080-exec-1] o.s.security.web.FilterChainProxy - Secured GET /js/add-question.js
2026-08-27 12:59:54.458 [DEBUG] [http-nio-8080-exec-4] o.s.security.web.FilterChainProxy - Securing GET /api/admin/career-paths
2026-08-27 12:59:54.468 [DEBUG] [http-nio-8080-exec-4] org.hibernate.SQL - 
    select
        u1_0.id,
        u1_0.course,
        u1_0.email,
        u1_0.mobile,
        u1_0.name,
        u1_0.password,
        u1_0.percentage,
        u1_0.role 
    from
        users u1_0 
    where
        u1_0.email=?
2026-08-27 12:59:54.473 [DEBUG] [http-nio-8080-exec-4] c.c.security.JwtAuthenticationFilter - Authenticated user: admin@gmail.com with role: ROLE_ADMIN
2026-08-27 12:59:54.473 [DEBUG] [http-nio-8080-exec-4] o.s.security.web.FilterChainProxy - Secured GET /api/admin/career-paths
2026-08-27 12:59:54.477 [DEBUG] [http-nio-8080-exec-4] c.c.controller.CareerPathController - REST: Fetching career paths. page=null, size=10, search=null
2026-08-27 13:00:01.665 [DEBUG] [http-nio-8080-exec-6] o.s.security.web.FilterChainProxy - Securing GET /view-question.html
2026-08-27 13:00:01.665 [DEBUG] [http-nio-8080-exec-6] o.s.s.w.a.AnonymousAuthenticationFilter - Set SecurityContextHolder to anonymous SecurityContext
2026-08-27 13:00:01.667 [DEBUG] [http-nio-8080-exec-6] o.s.security.web.FilterChainProxy - Secured GET /view-question.html
2026-08-27 13:00:01.710 [DEBUG] [http-nio-8080-exec-5] o.s.security.web.FilterChainProxy - Securing GET /css/view-question.css
2026-08-27 13:00:01.710 [DEBUG] [http-nio-8080-exec-9] o.s.security.web.FilterChainProxy - Securing GET /css/admin.css
2026-08-27 13:00:01.710 [DEBUG] [http-nio-8080-exec-5] o.s.s.w.a.AnonymousAuthenticationFilter - Set SecurityContextHolder to anonymous SecurityContext
2026-08-27 13:00:01.710 [DEBUG] [http-nio-8080-exec-5] o.s.security.web.FilterChainProxy - Secured GET /css/view-question.css
2026-08-27 13:00:01.710 [DEBUG] [http-nio-8080-exec-9] o.s.s.w.a.AnonymousAuthenticationFilter - Set SecurityContextHolder to anonymous SecurityContext
2026-08-27 13:00:01.712 [DEBUG] [http-nio-8080-exec-9] o.s.security.web.FilterChainProxy - Secured GET /css/admin.css
2026-08-27 13:00:01.718 [DEBUG] [http-nio-8080-exec-3] o.s.security.web.FilterChainProxy - Securing GET /js/app-toast.js
2026-08-27 13:00:01.718 [DEBUG] [http-nio-8080-exec-7] o.s.security.web.FilterChainProxy - Securing GET /js/auth.js
2026-08-27 13:00:01.720 [DEBUG] [http-nio-8080-exec-3] o.s.s.w.a.AnonymousAuthenticationFilter - Set SecurityContextHolder to anonymous SecurityContext
2026-08-27 13:00:01.720 [DEBUG] [http-nio-8080-exec-7] o.s.s.w.a.AnonymousAuthenticationFilter - Set SecurityContextHolder to anonymous SecurityContext
2026-08-27 13:00:01.720 [DEBUG] [http-nio-8080-exec-10] o.s.security.web.FilterChainProxy - Securing GET /js/view-question.js
2026-08-27 13:00:01.720 [DEBUG] [http-nio-8080-exec-2] o.s.security.web.FilterChainProxy - Securing GET /js/mobile-sidebar.js
2026-08-27 13:00:01.720 [DEBUG] [http-nio-8080-exec-7] o.s.security.web.FilterChainProxy - Secured GET /js/auth.js
2026-08-27 13:00:01.720 [DEBUG] [http-nio-8080-exec-2] o.s.s.w.a.AnonymousAuthenticationFilter - Set SecurityContextHolder to anonymous SecurityContext
2026-08-27 13:00:01.722 [DEBUG] [http-nio-8080-exec-10] o.s.s.w.a.AnonymousAuthenticationFilter - Set SecurityContextHolder to anonymous SecurityContext
2026-08-27 13:00:01.720 [DEBUG] [http-nio-8080-exec-3] o.s.security.web.FilterChainProxy - Secured GET /js/app-toast.js
2026-08-27 13:00:01.722 [DEBUG] [http-nio-8080-exec-10] o.s.security.web.FilterChainProxy - Secured GET /js/view-question.js
2026-08-27 13:00:01.722 [DEBUG] [http-nio-8080-exec-2] o.s.security.web.FilterChainProxy - Secured GET /js/mobile-sidebar.js
2026-08-27 13:00:01.794 [DEBUG] [http-nio-8080-exec-8] o.s.security.web.FilterChainProxy - Securing GET /api/admin/questions
2026-08-27 13:00:01.809 [DEBUG] [http-nio-8080-exec-8] org.hibernate.SQL - 
    select
        u1_0.id,
        u1_0.course,
        u1_0.email,
        u1_0.mobile,
        u1_0.name,
        u1_0.password,
        u1_0.percentage,
        u1_0.role 
    from
        users u1_0 
    where
        u1_0.email=?
2026-08-27 13:00:01.812 [DEBUG] [http-nio-8080-exec-8] c.c.security.JwtAuthenticationFilter - Authenticated user: admin@gmail.com with role: ROLE_ADMIN
2026-08-27 13:00:01.816 [DEBUG] [http-nio-8080-exec-8] o.s.security.web.FilterChainProxy - Secured GET /api/admin/questions
2026-08-27 13:00:01.820 [DEBUG] [http-nio-8080-exec-8] c.c.controller.QuestionController - REST: Fetching questions. page=null, size=10, search=null, type=null
2026-08-27 13:00:01.820 [DEBUG] [http-nio-8080-exec-8] c.c.service.impl.QuestionServiceImpl - Fetching all questions from DB/Cache
2026-08-27 13:00:01.828 [DEBUG] [http-nio-8080-exec-8] org.hibernate.SQL - 
    select
        q1_0.id,
        q1_0.active,
        q1_0.question_text,
        q1_0.question_type 
    from
        questions q1_0
2026-08-27 13:00:01.856 [DEBUG] [http-nio-8080-exec-8] org.hibernate.SQL - 
    select
        o1_0.question_id,
        o1_0.id,
        o1_0.category,
        o1_0.correct_answer,
        o1_0.option_text,
        o1_0.score 
    from
        question_options o1_0 
    where
        o1_0.question_id=?
2026-08-27 13:00:01.864 [DEBUG] [http-nio-8080-exec-8] org.hibernate.SQL - 
    select
        o1_0.question_id,
        o1_0.id,
        o1_0.category,
        o1_0.correct_answer,
        o1_0.option_text,
        o1_0.score 
    from
        question_options o1_0 
    where
        o1_0.question_id=?
2026-08-27 13:00:11.510 [DEBUG] [http-nio-8080-exec-1] o.s.security.web.FilterChainProxy - Securing GET /create-test.html
2026-08-27 13:00:11.510 [DEBUG] [http-nio-8080-exec-1] o.s.s.w.a.AnonymousAuthenticationFilter - Set SecurityContextHolder to anonymous SecurityContext
2026-08-27 13:00:11.510 [DEBUG] [http-nio-8080-exec-1] o.s.security.web.FilterChainProxy - Secured GET /create-test.html
2026-08-27 13:00:11.534 [DEBUG] [http-nio-8080-exec-4] o.s.security.web.FilterChainProxy - Securing GET /css/admin.css
2026-08-27 13:00:11.536 [DEBUG] [http-nio-8080-exec-4] o.s.s.w.a.AnonymousAuthenticationFilter - Set SecurityContextHolder to anonymous SecurityContext
2026-08-27 13:00:11.538 [DEBUG] [http-nio-8080-exec-9] o.s.security.web.FilterChainProxy - Securing GET /js/app-toast.js
2026-08-27 13:00:11.538 [DEBUG] [http-nio-8080-exec-4] o.s.security.web.FilterChainProxy - Secured GET /css/admin.css
2026-08-27 13:00:11.538 [DEBUG] [http-nio-8080-exec-9] o.s.s.w.a.AnonymousAuthenticationFilter - Set SecurityContextHolder to anonymous SecurityContext
2026-08-27 13:00:11.538 [DEBUG] [http-nio-8080-exec-9] o.s.security.web.FilterChainProxy - Secured GET /js/app-toast.js
2026-08-27 13:00:11.538 [DEBUG] [http-nio-8080-exec-6] o.s.security.web.FilterChainProxy - Securing GET /css/create-test.css
2026-08-27 13:00:11.538 [DEBUG] [http-nio-8080-exec-6] o.s.s.w.a.AnonymousAuthenticationFilter - Set SecurityContextHolder to anonymous SecurityContext
2026-08-27 13:00:11.540 [DEBUG] [http-nio-8080-exec-6] o.s.security.web.FilterChainProxy - Secured GET /css/create-test.css
2026-08-27 13:00:11.540 [DEBUG] [http-nio-8080-exec-3] o.s.security.web.FilterChainProxy - Securing GET /js/auth.js
2026-08-27 13:00:11.540 [DEBUG] [http-nio-8080-exec-3] o.s.s.w.a.AnonymousAuthenticationFilter - Set SecurityContextHolder to anonymous SecurityContext
2026-08-27 13:00:11.540 [DEBUG] [http-nio-8080-exec-3] o.s.security.web.FilterChainProxy - Secured GET /js/auth.js
2026-08-27 13:00:11.541 [DEBUG] [http-nio-8080-exec-2] o.s.security.web.FilterChainProxy - Securing GET /js/create-test.js
2026-08-27 13:00:11.542 [DEBUG] [http-nio-8080-exec-2] o.s.s.w.a.AnonymousAuthenticationFilter - Set SecurityContextHolder to anonymous SecurityContext
2026-08-27 13:00:11.542 [DEBUG] [http-nio-8080-exec-2] o.s.security.web.FilterChainProxy - Secured GET /js/create-test.js
2026-08-27 13:00:11.542 [DEBUG] [http-nio-8080-exec-7] o.s.security.web.FilterChainProxy - Securing GET /js/mobile-sidebar.js
2026-08-27 13:00:11.542 [DEBUG] [http-nio-8080-exec-7] o.s.s.w.a.AnonymousAuthenticationFilter - Set SecurityContextHolder to anonymous SecurityContext
2026-08-27 13:00:11.544 [DEBUG] [http-nio-8080-exec-7] o.s.security.web.FilterChainProxy - Secured GET /js/mobile-sidebar.js
2026-08-27 13:00:11.595 [DEBUG] [http-nio-8080-exec-5] o.s.security.web.FilterChainProxy - Securing GET /api/admin/questions
2026-08-27 13:00:11.604 [DEBUG] [http-nio-8080-exec-5] org.hibernate.SQL - 
    select
        u1_0.id,
        u1_0.course,
        u1_0.email,
        u1_0.mobile,
        u1_0.name,
        u1_0.password,
        u1_0.percentage,
        u1_0.role 
    from
        users u1_0 
    where
        u1_0.email=?
2026-08-27 13:00:11.608 [DEBUG] [http-nio-8080-exec-5] c.c.security.JwtAuthenticationFilter - Authenticated user: admin@gmail.com with role: ROLE_ADMIN
2026-08-27 13:00:11.608 [DEBUG] [http-nio-8080-exec-5] o.s.security.web.FilterChainProxy - Secured GET /api/admin/questions
2026-08-27 13:00:11.611 [DEBUG] [http-nio-8080-exec-5] c.c.controller.QuestionController - REST: Fetching questions. page=null, size=10, search=null, type=null
2026-08-27 13:00:32.276 [DEBUG] [http-nio-8080-exec-10] o.s.security.web.FilterChainProxy - Securing GET /view-tests.html
2026-08-27 13:00:32.276 [DEBUG] [http-nio-8080-exec-10] o.s.s.w.a.AnonymousAuthenticationFilter - Set SecurityContextHolder to anonymous SecurityContext
2026-08-27 13:00:32.276 [DEBUG] [http-nio-8080-exec-10] o.s.security.web.FilterChainProxy - Secured GET /view-tests.html
2026-08-27 13:00:32.324 [DEBUG] [http-nio-8080-exec-8] o.s.security.web.FilterChainProxy - Securing GET /css/admin.css
2026-08-27 13:00:32.327 [DEBUG] [http-nio-8080-exec-8] o.s.s.w.a.AnonymousAuthenticationFilter - Set SecurityContextHolder to anonymous SecurityContext
2026-08-27 13:00:32.329 [DEBUG] [http-nio-8080-exec-8] o.s.security.web.FilterChainProxy - Secured GET /css/admin.css
2026-08-27 13:00:32.329 [DEBUG] [http-nio-8080-exec-1] o.s.security.web.FilterChainProxy - Securing GET /css/view-tests.css
2026-08-27 13:00:32.333 [DEBUG] [http-nio-8080-exec-1] o.s.s.w.a.AnonymousAuthenticationFilter - Set SecurityContextHolder to anonymous SecurityContext
2026-08-27 13:00:32.333 [DEBUG] [http-nio-8080-exec-1] o.s.security.web.FilterChainProxy - Secured GET /css/view-tests.css
2026-08-27 13:00:32.333 [DEBUG] [http-nio-8080-exec-4] o.s.security.web.FilterChainProxy - Securing GET /js/auth.js
2026-08-27 13:00:32.335 [DEBUG] [http-nio-8080-exec-4] o.s.s.w.a.AnonymousAuthenticationFilter - Set SecurityContextHolder to anonymous SecurityContext
2026-08-27 13:00:32.340 [DEBUG] [http-nio-8080-exec-4] o.s.security.web.FilterChainProxy - Secured GET /js/auth.js
2026-08-27 13:00:32.340 [DEBUG] [http-nio-8080-exec-9] o.s.security.web.FilterChainProxy - Securing GET /js/app-toast.js
2026-08-27 13:00:32.342 [DEBUG] [http-nio-8080-exec-9] o.s.s.w.a.AnonymousAuthenticationFilter - Set SecurityContextHolder to anonymous SecurityContext
2026-08-27 13:00:32.342 [DEBUG] [http-nio-8080-exec-9] o.s.security.web.FilterChainProxy - Secured GET /js/app-toast.js
2026-08-27 13:00:32.344 [DEBUG] [http-nio-8080-exec-7] o.s.security.web.FilterChainProxy - Securing GET /js/view-tests.js
2026-08-27 13:00:32.344 [DEBUG] [http-nio-8080-exec-7] o.s.s.w.a.AnonymousAuthenticationFilter - Set SecurityContextHolder to anonymous SecurityContext
2026-08-27 13:00:32.345 [DEBUG] [http-nio-8080-exec-3] o.s.security.web.FilterChainProxy - Securing GET /js/mobile-sidebar.js
2026-08-27 13:00:32.345 [DEBUG] [http-nio-8080-exec-7] o.s.security.web.FilterChainProxy - Secured GET /js/view-tests.js
2026-08-27 13:00:32.345 [DEBUG] [http-nio-8080-exec-3] o.s.s.w.a.AnonymousAuthenticationFilter - Set SecurityContextHolder to anonymous SecurityContext
2026-08-27 13:00:32.346 [DEBUG] [http-nio-8080-exec-3] o.s.security.web.FilterChainProxy - Secured GET /js/mobile-sidebar.js
2026-08-27 13:00:32.426 [DEBUG] [http-nio-8080-exec-6] o.s.security.web.FilterChainProxy - Securing GET /api/admin/tests
2026-08-27 13:00:32.443 [DEBUG] [http-nio-8080-exec-6] org.hibernate.SQL - 
    select
        u1_0.id,
        u1_0.course,
        u1_0.email,
        u1_0.mobile,
        u1_0.name,
        u1_0.password,
        u1_0.percentage,
        u1_0.role 
    from
        users u1_0 
    where
        u1_0.email=?
2026-08-27 13:00:32.448 [DEBUG] [http-nio-8080-exec-6] c.c.security.JwtAuthenticationFilter - Authenticated user: admin@gmail.com with role: ROLE_ADMIN
2026-08-27 13:00:32.448 [DEBUG] [http-nio-8080-exec-6] o.s.security.web.FilterChainProxy - Secured GET /api/admin/tests
2026-08-27 13:00:32.453 [DEBUG] [http-nio-8080-exec-6] c.career.controller.TestController - REST: Fetching tests. page=null, size=10, search=null
2026-08-27 13:00:37.654 [DEBUG] [http-nio-8080-exec-2] o.s.security.web.FilterChainProxy - Securing GET /career-paths.html
2026-08-27 13:00:37.654 [DEBUG] [http-nio-8080-exec-2] o.s.s.w.a.AnonymousAuthenticationFilter - Set SecurityContextHolder to anonymous SecurityContext
2026-08-27 13:00:37.654 [DEBUG] [http-nio-8080-exec-2] o.s.security.web.FilterChainProxy - Secured GET /career-paths.html
2026-08-27 13:00:37.703 [DEBUG] [http-nio-8080-exec-10] o.s.security.web.FilterChainProxy - Securing GET /css/career-paths.css
2026-08-27 13:00:37.704 [DEBUG] [http-nio-8080-exec-5] o.s.security.web.FilterChainProxy - Securing GET /css/admin.css
2026-08-27 13:00:37.704 [DEBUG] [http-nio-8080-exec-10] o.s.s.w.a.AnonymousAuthenticationFilter - Set SecurityContextHolder to anonymous SecurityContext
2026-08-27 13:00:37.705 [DEBUG] [http-nio-8080-exec-10] o.s.security.web.FilterChainProxy - Secured GET /css/career-paths.css
2026-08-27 13:00:37.705 [DEBUG] [http-nio-8080-exec-5] o.s.s.w.a.AnonymousAuthenticationFilter - Set SecurityContextHolder to anonymous SecurityContext
2026-08-27 13:00:37.706 [DEBUG] [http-nio-8080-exec-5] o.s.security.web.FilterChainProxy - Secured GET /css/admin.css
2026-08-27 13:00:37.706 [DEBUG] [http-nio-8080-exec-8] o.s.security.web.FilterChainProxy - Securing GET /js/app-toast.js
2026-08-27 13:00:37.708 [DEBUG] [http-nio-8080-exec-3] o.s.security.web.FilterChainProxy - Securing GET /js/auth.js
2026-08-27 13:00:37.709 [DEBUG] [http-nio-8080-exec-8] o.s.s.w.a.AnonymousAuthenticationFilter - Set SecurityContextHolder to anonymous SecurityContext
2026-08-27 13:00:37.709 [DEBUG] [http-nio-8080-exec-4] o.s.security.web.FilterChainProxy - Securing GET /js/mobile-sidebar.js
2026-08-27 13:00:37.709 [DEBUG] [http-nio-8080-exec-9] o.s.security.web.FilterChainProxy - Securing GET /js/career-paths.js
2026-08-27 13:00:37.709 [DEBUG] [http-nio-8080-exec-8] o.s.security.web.FilterChainProxy - Secured GET /js/app-toast.js
2026-08-27 13:00:37.711 [DEBUG] [http-nio-8080-exec-9] o.s.s.w.a.AnonymousAuthenticationFilter - Set SecurityContextHolder to anonymous SecurityContext
2026-08-27 13:00:37.712 [DEBUG] [http-nio-8080-exec-3] o.s.s.w.a.AnonymousAuthenticationFilter - Set SecurityContextHolder to anonymous SecurityContext
2026-08-27 13:00:37.712 [DEBUG] [http-nio-8080-exec-9] o.s.security.web.FilterChainProxy - Secured GET /js/career-paths.js
2026-08-27 13:00:37.712 [DEBUG] [http-nio-8080-exec-4] o.s.s.w.a.AnonymousAuthenticationFilter - Set SecurityContextHolder to anonymous SecurityContext
2026-08-27 13:00:37.712 [DEBUG] [http-nio-8080-exec-4] o.s.security.web.FilterChainProxy - Secured GET /js/mobile-sidebar.js
2026-08-27 13:00:37.712 [DEBUG] [http-nio-8080-exec-3] o.s.security.web.FilterChainProxy - Secured GET /js/auth.js
2026-08-27 13:00:37.790 [DEBUG] [http-nio-8080-exec-1] o.s.security.web.FilterChainProxy - Securing GET /api/admin/career-paths
2026-08-27 13:00:37.804 [DEBUG] [http-nio-8080-exec-1] org.hibernate.SQL - 
    select
        u1_0.id,
        u1_0.course,
        u1_0.email,
        u1_0.mobile,
        u1_0.name,
        u1_0.password,
        u1_0.percentage,
        u1_0.role 
    from
        users u1_0 
    where
        u1_0.email=?
2026-08-27 13:00:37.807 [DEBUG] [http-nio-8080-exec-1] c.c.security.JwtAuthenticationFilter - Authenticated user: admin@gmail.com with role: ROLE_ADMIN
2026-08-27 13:00:37.807 [DEBUG] [http-nio-8080-exec-1] o.s.security.web.FilterChainProxy - Secured GET /api/admin/career-paths
2026-08-27 13:00:37.814 [DEBUG] [http-nio-8080-exec-1] c.c.controller.CareerPathController - REST: Fetching career paths. page=null, size=10, search=null
2026-08-27 13:00:37.830 [DEBUG] [http-nio-8080-exec-7] o.s.security.web.FilterChainProxy - Securing GET /api/admin/students/dashboard-stats
2026-08-27 13:00:37.837 [DEBUG] [http-nio-8080-exec-7] org.hibernate.SQL - 
    select
        u1_0.id,
        u1_0.course,
        u1_0.email,
        u1_0.mobile,
        u1_0.name,
        u1_0.password,
        u1_0.percentage,
        u1_0.role 
    from
        users u1_0 
    where
        u1_0.email=?
2026-08-27 13:00:37.842 [DEBUG] [http-nio-8080-exec-7] c.c.security.JwtAuthenticationFilter - Authenticated user: admin@gmail.com with role: ROLE_ADMIN
2026-08-27 13:00:37.842 [DEBUG] [http-nio-8080-exec-7] o.s.security.web.FilterChainProxy - Secured GET /api/admin/students/dashboard-stats
2026-08-27 13:00:37.844 [DEBUG] [http-nio-8080-exec-7] c.c.controller.StudentController - REST: Fetching dashboard stats
2026-08-27 13:00:37.844 [DEBUG] [http-nio-8080-exec-7] org.hibernate.SQL - 
    select
        count(u1_0.id) 
    from
        users u1_0 
    where
        u1_0.role=?
2026-08-27 13:00:37.850 [DEBUG] [http-nio-8080-exec-7] org.hibernate.SQL - 
    select
        count(*) 
    from
        questions q1_0
2026-08-27 13:00:37.867 [DEBUG] [http-nio-8080-exec-7] org.hibernate.SQL - 
    select
        count(*) 
    from
        tests t1_0
2026-08-27 13:00:37.875 [DEBUG] [http-nio-8080-exec-7] org.hibernate.SQL - 
    select
        count(t1_0.id) 
    from
        tests t1_0 
    where
        t1_0.active=true
2026-08-27 13:00:37.882 [DEBUG] [http-nio-8080-exec-7] org.hibernate.SQL - 
    select
        count(*) 
    from
        career_paths cp1_0
2026-08-27 13:00:37.896 [DEBUG] [http-nio-8080-exec-7] org.hibernate.SQL - 
    select
        count(*) 
    from
        test_attempts ta1_0
2026-08-27 13:00:37.902 [DEBUG] [http-nio-8080-exec-7] org.hibernate.SQL - 
    select
        count(ta1_0.id) 
    from
        test_attempts ta1_0 
    where
        ta1_0.status=?
2026-08-27 13:00:37.909 [DEBUG] [http-nio-8080-exec-7] org.hibernate.SQL - 
    select
        count(ta1_0.id) 
    from
        test_attempts ta1_0 
    where
        ta1_0.status=?
2026-08-27 13:00:37.919 [DEBUG] [http-nio-8080-exec-7] org.hibernate.SQL - 
    select
        cp1_0.id,
        cp1_0.career_name,
        cp1_0.category,
        cp1_0.description,
        cp1_0.education,
        cp1_0.salary_range,
        cp1_0.skills 
    from
        career_paths cp1_0
2026-08-27 13:00:37.938 [DEBUG] [http-nio-8080-exec-7] org.hibernate.SQL - 
    select
        count(ar1_0.id) 
    from
        assessment_results ar1_0 
    where
        ar1_0.career_path_id=?
2026-08-27 13:00:37.939 [DEBUG] [http-nio-8080-exec-7] org.hibernate.SQL - 
    select
        count(ar1_0.id) 
    from
        assessment_results ar1_0 
    where
        ar1_0.career_path_id=?
2026-08-27 13:00:37.944 [DEBUG] [http-nio-8080-exec-7] org.hibernate.SQL - 
    select
        count(ar1_0.id) 
    from
        assessment_results ar1_0 
    where
        ar1_0.career_path_id=?
2026-08-27 13:00:37.947 [DEBUG] [http-nio-8080-exec-7] org.hibernate.SQL - 
    select
        count(ar1_0.id) 
    from
        assessment_results ar1_0 
    where
        ar1_0.career_path_id=?
2026-08-27 13:00:37.949 [DEBUG] [http-nio-8080-exec-7] org.hibernate.SQL - 
    select
        count(ar1_0.id) 
    from
        assessment_results ar1_0 
    where
        ar1_0.career_path_id=?
2026-08-27 13:00:37.949 [DEBUG] [http-nio-8080-exec-7] org.hibernate.SQL - 
    select
        count(ar1_0.id) 
    from
        assessment_results ar1_0 
    where
        ar1_0.career_path_id=?
2026-08-27 13:00:37.955 [DEBUG] [http-nio-8080-exec-7] org.hibernate.SQL - 
    select
        count(ar1_0.id) 
    from
        assessment_results ar1_0 
    where
        ar1_0.career_path_id=?
2026-08-27 13:00:37.955 [DEBUG] [http-nio-8080-exec-7] org.hibernate.SQL - 
    select
        count(ar1_0.id) 
    from
        assessment_results ar1_0 
    where
        ar1_0.career_path_id=?
2026-08-27 13:00:37.955 [DEBUG] [http-nio-8080-exec-7] org.hibernate.SQL - 
    select
        count(ar1_0.id) 
    from
        assessment_results ar1_0 
    where
        ar1_0.career_path_id=?
2026-08-27 13:00:37.964 [DEBUG] [http-nio-8080-exec-7] org.hibernate.SQL - 
    select
        count(ar1_0.id) 
    from
        assessment_results ar1_0 
    where
        ar1_0.career_path_id=?
2026-08-27 13:00:37.965 [DEBUG] [http-nio-8080-exec-7] org.hibernate.SQL - 
    select
        count(ar1_0.id) 
    from
        assessment_results ar1_0 
    where
        ar1_0.career_path_id=?
2026-08-27 13:00:37.968 [DEBUG] [http-nio-8080-exec-7] org.hibernate.SQL - 
    select
        count(ar1_0.id) 
    from
        assessment_results ar1_0 
    where
        ar1_0.career_path_id=?
2026-08-27 13:00:37.972 [DEBUG] [http-nio-8080-exec-7] org.hibernate.SQL - 
    select
        count(ar1_0.id) 
    from
        assessment_results ar1_0 
    where
        ar1_0.career_path_id=?
2026-08-27 13:00:37.972 [DEBUG] [http-nio-8080-exec-7] org.hibernate.SQL - 
    select
        count(ar1_0.id) 
    from
        assessment_results ar1_0 
    where
        ar1_0.career_path_id=?
2026-08-27 13:00:37.972 [DEBUG] [http-nio-8080-exec-7] org.hibernate.SQL - 
    select
        count(ar1_0.id) 
    from
        assessment_results ar1_0 
    where
        ar1_0.career_path_id=?
2026-08-27 13:00:37.978 [DEBUG] [http-nio-8080-exec-7] org.hibernate.SQL - 
    select
        count(ar1_0.id) 
    from
        assessment_results ar1_0 
    where
        ar1_0.career_path_id=?
2026-08-27 13:00:37.982 [DEBUG] [http-nio-8080-exec-7] org.hibernate.SQL - 
    select
        count(ar1_0.id) 
    from
        assessment_results ar1_0 
    where
        ar1_0.career_path_id=?
2026-08-27 13:00:37.984 [DEBUG] [http-nio-8080-exec-7] org.hibernate.SQL - 
    select
        count(ar1_0.id) 
    from
        assessment_results ar1_0 
    where
        ar1_0.career_path_id=?
2026-08-27 13:00:37.984 [DEBUG] [http-nio-8080-exec-7] org.hibernate.SQL - 
    select
        count(ar1_0.id) 
    from
        assessment_results ar1_0 
    where
        ar1_0.career_path_id=?
2026-08-27 13:00:37.988 [DEBUG] [http-nio-8080-exec-7] org.hibernate.SQL - 
    select
        count(ar1_0.id) 
    from
        assessment_results ar1_0 
    where
        ar1_0.career_path_id=?
2026-08-27 13:00:47.903 [DEBUG] [http-nio-8080-exec-6] o.s.security.web.FilterChainProxy - Securing GET /students.html
2026-08-27 13:00:47.903 [DEBUG] [http-nio-8080-exec-6] o.s.s.w.a.AnonymousAuthenticationFilter - Set SecurityContextHolder to anonymous SecurityContext
2026-08-27 13:00:47.903 [DEBUG] [http-nio-8080-exec-6] o.s.security.web.FilterChainProxy - Secured GET /students.html
2026-08-27 13:00:47.955 [DEBUG] [http-nio-8080-exec-5] o.s.security.web.FilterChainProxy - Securing GET /css/students.css
2026-08-27 13:00:47.955 [DEBUG] [http-nio-8080-exec-2] o.s.security.web.FilterChainProxy - Securing GET /css/admin.css
2026-08-27 13:00:47.959 [DEBUG] [http-nio-8080-exec-10] o.s.security.web.FilterChainProxy - Securing GET /js/app-toast.js
2026-08-27 13:00:47.959 [DEBUG] [http-nio-8080-exec-8] o.s.security.web.FilterChainProxy - Securing GET /js/auth.js
2026-08-27 13:00:47.959 [DEBUG] [http-nio-8080-exec-2] o.s.s.w.a.AnonymousAuthenticationFilter - Set SecurityContextHolder to anonymous SecurityContext
2026-08-27 13:00:47.959 [DEBUG] [http-nio-8080-exec-10] o.s.s.w.a.AnonymousAuthenticationFilter - Set SecurityContextHolder to anonymous SecurityContext
2026-08-27 13:00:47.959 [DEBUG] [http-nio-8080-exec-2] o.s.security.web.FilterChainProxy - Secured GET /css/admin.css
2026-08-27 13:00:47.961 [DEBUG] [http-nio-8080-exec-10] o.s.security.web.FilterChainProxy - Secured GET /js/app-toast.js
2026-08-27 13:00:47.961 [DEBUG] [http-nio-8080-exec-4] o.s.security.web.FilterChainProxy - Securing GET /js/mobile-sidebar.js
2026-08-27 13:00:47.961 [DEBUG] [http-nio-8080-exec-5] o.s.s.w.a.AnonymousAuthenticationFilter - Set SecurityContextHolder to anonymous SecurityContext
2026-08-27 13:00:47.961 [DEBUG] [http-nio-8080-exec-4] o.s.s.w.a.AnonymousAuthenticationFilter - Set SecurityContextHolder to anonymous SecurityContext
2026-08-27 13:00:47.961 [DEBUG] [http-nio-8080-exec-8] o.s.s.w.a.AnonymousAuthenticationFilter - Set SecurityContextHolder to anonymous SecurityContext
2026-08-27 13:00:47.961 [DEBUG] [http-nio-8080-exec-5] o.s.security.web.FilterChainProxy - Secured GET /css/students.css
2026-08-27 13:00:47.963 [DEBUG] [http-nio-8080-exec-8] o.s.security.web.FilterChainProxy - Secured GET /js/auth.js
2026-08-27 13:00:47.963 [DEBUG] [http-nio-8080-exec-9] o.s.security.web.FilterChainProxy - Securing GET /js/students.js
2026-08-27 13:00:47.964 [DEBUG] [http-nio-8080-exec-9] o.s.s.w.a.AnonymousAuthenticationFilter - Set SecurityContextHolder to anonymous SecurityContext
2026-08-27 13:00:47.961 [DEBUG] [http-nio-8080-exec-4] o.s.security.web.FilterChainProxy - Secured GET /js/mobile-sidebar.js
2026-08-27 13:00:47.966 [DEBUG] [http-nio-8080-exec-9] o.s.security.web.FilterChainProxy - Secured GET /js/students.js
2026-08-27 13:00:48.018 [DEBUG] [http-nio-8080-exec-3] o.s.security.web.FilterChainProxy - Securing GET /api/admin/students
2026-08-27 13:00:48.022 [DEBUG] [http-nio-8080-exec-3] org.hibernate.SQL - 
    select
        u1_0.id,
        u1_0.course,
        u1_0.email,
        u1_0.mobile,
        u1_0.name,
        u1_0.password,
        u1_0.percentage,
        u1_0.role 
    from
        users u1_0 
    where
        u1_0.email=?
2026-08-27 13:00:48.029 [DEBUG] [http-nio-8080-exec-3] c.c.security.JwtAuthenticationFilter - Authenticated user: admin@gmail.com with role: ROLE_ADMIN
2026-08-27 13:00:48.031 [DEBUG] [http-nio-8080-exec-3] o.s.security.web.FilterChainProxy - Secured GET /api/admin/students
2026-08-27 13:00:48.034 [DEBUG] [http-nio-8080-exec-3] c.c.controller.StudentController - REST: Fetching students. page=null, size=10, search=null
2026-08-27 13:00:48.034 [DEBUG] [http-nio-8080-exec-3] c.c.service.impl.StudentServiceImpl - Fetching all students
2026-08-27 13:00:48.045 [DEBUG] [http-nio-8080-exec-3] org.hibernate.SQL - 
    select
        u1_0.id,
        u1_0.course,
        u1_0.email,
        u1_0.mobile,
        u1_0.name,
        u1_0.password,
        u1_0.percentage,
        u1_0.role 
    from
        users u1_0 
    where
        u1_0.role=?
2026-08-27 13:00:48.056 [DEBUG] [http-nio-8080-exec-3] org.hibernate.SQL - 
    select
        count(ta1_0.id) 
    from
        test_attempts ta1_0 
    where
        ta1_0.student_id=?
2026-08-27 13:00:48.062 [DEBUG] [http-nio-8080-exec-3] org.hibernate.SQL - 
    select
        count(ta1_0.id) 
    from
        test_attempts ta1_0 
    where
        ta1_0.student_id=? 
        and ta1_0.status=?
2026-08-27 13:00:48.069 [DEBUG] [http-nio-8080-exec-3] org.hibernate.SQL - 
    select
        count(ta1_0.id) 
    from
        test_attempts ta1_0 
    where
        ta1_0.student_id=? 
        and ta1_0.status=?
2026-08-27 13:00:48.079 [DEBUG] [http-nio-8080-exec-3] org.hibernate.SQL - 
    select
        ar1_0.id,
        ar1_0.attempt_id,
        ar1_0.category,
        ar1_0.completed_at,
        ar1_0.interest_score,
        ar1_0.knowledge_score,
        ar1_0.career_path_id,
        ar1_0.score,
        ar1_0.student_id 
    from
        assessment_results ar1_0 
    where
        ar1_0.student_id=? 
    order by
        ar1_0.completed_at desc 
    limit
        ?
2026-08-27 13:00:50.151 [DEBUG] [http-nio-8080-exec-1] o.s.security.web.FilterChainProxy - Securing GET /student-details.html?id=2
2026-08-27 13:00:50.151 [DEBUG] [http-nio-8080-exec-1] o.s.s.w.a.AnonymousAuthenticationFilter - Set SecurityContextHolder to anonymous SecurityContext
2026-08-27 13:00:50.151 [DEBUG] [http-nio-8080-exec-1] o.s.security.web.FilterChainProxy - Secured GET /student-details.html?id=2
2026-08-27 13:00:50.198 [DEBUG] [http-nio-8080-exec-6] o.s.security.web.FilterChainProxy - Securing GET /css/students.css
2026-08-27 13:00:50.198 [DEBUG] [http-nio-8080-exec-7] o.s.security.web.FilterChainProxy - Securing GET /css/admin.css
2026-08-27 13:00:50.198 [DEBUG] [http-nio-8080-exec-6] o.s.s.w.a.AnonymousAuthenticationFilter - Set SecurityContextHolder to anonymous SecurityContext
2026-08-27 13:00:50.198 [DEBUG] [http-nio-8080-exec-2] o.s.security.web.FilterChainProxy - Securing GET /js/app-toast.js
2026-08-27 13:00:50.199 [DEBUG] [http-nio-8080-exec-7] o.s.s.w.a.AnonymousAuthenticationFilter - Set SecurityContextHolder to anonymous SecurityContext
2026-08-27 13:00:50.199 [DEBUG] [http-nio-8080-exec-6] o.s.security.web.FilterChainProxy - Secured GET /css/students.css
2026-08-27 13:00:50.199 [DEBUG] [http-nio-8080-exec-2] o.s.s.w.a.AnonymousAuthenticationFilter - Set SecurityContextHolder to anonymous SecurityContext
2026-08-27 13:00:50.200 [DEBUG] [http-nio-8080-exec-8] o.s.security.web.FilterChainProxy - Securing GET /js/auth.js
2026-08-27 13:00:50.200 [DEBUG] [http-nio-8080-exec-2] o.s.security.web.FilterChainProxy - Secured GET /js/app-toast.js
2026-08-27 13:00:50.200 [DEBUG] [http-nio-8080-exec-7] o.s.security.web.FilterChainProxy - Secured GET /css/admin.css
2026-08-27 13:00:50.200 [DEBUG] [http-nio-8080-exec-9] o.s.security.web.FilterChainProxy - Securing GET /js/mobile-sidebar.js
2026-08-27 13:00:50.202 [DEBUG] [http-nio-8080-exec-8] o.s.s.w.a.AnonymousAuthenticationFilter - Set SecurityContextHolder to anonymous SecurityContext
2026-08-27 13:00:50.202 [DEBUG] [http-nio-8080-exec-9] o.s.s.w.a.AnonymousAuthenticationFilter - Set SecurityContextHolder to anonymous SecurityContext
2026-08-27 13:00:50.202 [DEBUG] [http-nio-8080-exec-8] o.s.security.web.FilterChainProxy - Secured GET /js/auth.js
2026-08-27 13:00:50.202 [DEBUG] [http-nio-8080-exec-9] o.s.security.web.FilterChainProxy - Secured GET /js/mobile-sidebar.js
2026-08-27 13:00:50.203 [DEBUG] [http-nio-8080-exec-4] o.s.security.web.FilterChainProxy - Securing GET /js/student-details.js
2026-08-27 13:00:50.205 [DEBUG] [http-nio-8080-exec-4] o.s.s.w.a.AnonymousAuthenticationFilter - Set SecurityContextHolder to anonymous SecurityContext
2026-08-27 13:00:50.205 [DEBUG] [http-nio-8080-exec-4] o.s.security.web.FilterChainProxy - Secured GET /js/student-details.js
2026-08-27 13:00:50.264 [DEBUG] [http-nio-8080-exec-5] o.s.security.web.FilterChainProxy - Securing GET /api/admin/students/2
2026-08-27 13:00:50.266 [DEBUG] [http-nio-8080-exec-10] o.s.security.web.FilterChainProxy - Securing GET /api/student/results/student/2
2026-08-27 13:00:50.274 [DEBUG] [http-nio-8080-exec-5] org.hibernate.SQL - 
    select
        u1_0.id,
        u1_0.course,
        u1_0.email,
        u1_0.mobile,
        u1_0.name,
        u1_0.password,
        u1_0.percentage,
        u1_0.role 
    from
        users u1_0 
    where
        u1_0.email=?
2026-08-27 13:00:50.274 [DEBUG] [http-nio-8080-exec-10] org.hibernate.SQL - 
    select
        u1_0.id,
        u1_0.course,
        u1_0.email,
        u1_0.mobile,
        u1_0.name,
        u1_0.password,
        u1_0.percentage,
        u1_0.role 
    from
        users u1_0 
    where
        u1_0.email=?
2026-08-27 13:00:50.281 [DEBUG] [http-nio-8080-exec-5] c.c.security.JwtAuthenticationFilter - Authenticated user: admin@gmail.com with role: ROLE_ADMIN
2026-08-27 13:00:50.281 [DEBUG] [http-nio-8080-exec-5] o.s.security.web.FilterChainProxy - Secured GET /api/admin/students/2
2026-08-27 13:00:50.281 [DEBUG] [http-nio-8080-exec-10] c.c.security.JwtAuthenticationFilter - Authenticated user: admin@gmail.com with role: ROLE_ADMIN
2026-08-27 13:00:50.281 [DEBUG] [http-nio-8080-exec-10] o.s.security.web.FilterChainProxy - Secured GET /api/student/results/student/2
2026-08-27 13:00:50.285 [DEBUG] [http-nio-8080-exec-5] c.c.controller.StudentController - REST: Fetching student ID 2
2026-08-27 13:00:50.285 [DEBUG] [http-nio-8080-exec-5] c.c.service.impl.StudentServiceImpl - Fetching student with ID: 2
2026-08-27 13:00:50.285 [DEBUG] [http-nio-8080-exec-10] c.career.controller.ResultController - REST: Fetching student results. studentId=2, page=null
2026-08-27 13:00:50.285 [DEBUG] [http-nio-8080-exec-10] c.c.service.impl.ResultServiceImpl - Fetching assessment results for student ID: 2
2026-08-27 13:00:50.292 [DEBUG] [http-nio-8080-exec-10] org.hibernate.SQL - 
    select
        ar1_0.id,
        ar1_0.attempt_id,
        ar1_0.category,
        ar1_0.completed_at,
        ar1_0.interest_score,
        ar1_0.knowledge_score,
        ar1_0.career_path_id,
        ar1_0.score,
        ar1_0.student_id 
    from
        assessment_results ar1_0 
    where
        ar1_0.student_id=? 
    order by
        ar1_0.completed_at desc
2026-08-27 13:00:50.317 [DEBUG] [http-nio-8080-exec-5] org.hibernate.SQL - 
    select
        u1_0.id,
        u1_0.course,
        u1_0.email,
        u1_0.mobile,
        u1_0.name,
        u1_0.password,
        u1_0.percentage,
        u1_0.role 
    from
        users u1_0 
    where
        u1_0.id=?
2026-08-27 13:00:50.328 [DEBUG] [http-nio-8080-exec-5] org.hibernate.SQL - 
    select
        count(ta1_0.id) 
    from
        test_attempts ta1_0 
    where
        ta1_0.student_id=?
2026-08-27 13:00:50.333 [DEBUG] [http-nio-8080-exec-5] org.hibernate.SQL - 
    select
        count(ta1_0.id) 
    from
        test_attempts ta1_0 
    where
        ta1_0.student_id=? 
        and ta1_0.status=?
2026-08-27 13:00:50.338 [DEBUG] [http-nio-8080-exec-5] org.hibernate.SQL - 
    select
        count(ta1_0.id) 
    from
        test_attempts ta1_0 
    where
        ta1_0.student_id=? 
        and ta1_0.status=?
2026-08-27 13:00:50.348 [DEBUG] [http-nio-8080-exec-5] org.hibernate.SQL - 
    select
        ar1_0.id,
        ar1_0.attempt_id,
        ar1_0.category,
        ar1_0.completed_at,
        ar1_0.interest_score,
        ar1_0.knowledge_score,
        ar1_0.career_path_id,
        ar1_0.score,
        ar1_0.student_id 
    from
        assessment_results ar1_0 
    where
        ar1_0.student_id=? 
    order by
        ar1_0.completed_at desc 
    limit
        ?
2026-08-27 13:00:56.111 [DEBUG] [http-nio-8080-exec-3] o.s.security.web.FilterChainProxy - Securing GET /students.html
2026-08-27 13:00:56.111 [DEBUG] [http-nio-8080-exec-3] o.s.s.w.a.AnonymousAuthenticationFilter - Set SecurityContextHolder to anonymous SecurityContext
2026-08-27 13:00:56.114 [DEBUG] [http-nio-8080-exec-3] o.s.security.web.FilterChainProxy - Secured GET /students.html
2026-08-27 13:00:56.151 [DEBUG] [http-nio-8080-exec-1] o.s.security.web.FilterChainProxy - Securing GET /css/admin.css
2026-08-27 13:00:56.151 [DEBUG] [http-nio-8080-exec-2] o.s.security.web.FilterChainProxy - Securing GET /css/students.css
2026-08-27 13:00:56.153 [DEBUG] [http-nio-8080-exec-2] o.s.s.w.a.AnonymousAuthenticationFilter - Set SecurityContextHolder to anonymous SecurityContext
2026-08-27 13:00:56.153 [DEBUG] [http-nio-8080-exec-1] o.s.s.w.a.AnonymousAuthenticationFilter - Set SecurityContextHolder to anonymous SecurityContext
2026-08-27 13:00:56.154 [DEBUG] [http-nio-8080-exec-8] o.s.security.web.FilterChainProxy - Securing GET /js/app-toast.js
2026-08-27 13:00:56.154 [DEBUG] [http-nio-8080-exec-1] o.s.security.web.FilterChainProxy - Secured GET /css/admin.css
2026-08-27 13:00:56.154 [DEBUG] [http-nio-8080-exec-2] o.s.security.web.FilterChainProxy - Secured GET /css/students.css
2026-08-27 13:00:56.156 [DEBUG] [http-nio-8080-exec-8] o.s.s.w.a.AnonymousAuthenticationFilter - Set SecurityContextHolder to anonymous SecurityContext
2026-08-27 13:00:56.156 [DEBUG] [http-nio-8080-exec-8] o.s.security.web.FilterChainProxy - Secured GET /js/app-toast.js
2026-08-27 13:00:56.157 [DEBUG] [http-nio-8080-exec-7] o.s.security.web.FilterChainProxy - Securing GET /js/mobile-sidebar.js
2026-08-27 13:00:56.157 [DEBUG] [http-nio-8080-exec-9] o.s.security.web.FilterChainProxy - Securing GET /js/auth.js
2026-08-27 13:00:56.158 [DEBUG] [http-nio-8080-exec-7] o.s.s.w.a.AnonymousAuthenticationFilter - Set SecurityContextHolder to anonymous SecurityContext
2026-08-27 13:00:56.158 [DEBUG] [http-nio-8080-exec-9] o.s.s.w.a.AnonymousAuthenticationFilter - Set SecurityContextHolder to anonymous SecurityContext
2026-08-27 13:00:56.158 [DEBUG] [http-nio-8080-exec-9] o.s.security.web.FilterChainProxy - Secured GET /js/auth.js
2026-08-27 13:00:56.158 [DEBUG] [http-nio-8080-exec-6] o.s.security.web.FilterChainProxy - Securing GET /js/students.js
2026-08-27 13:00:56.158 [DEBUG] [http-nio-8080-exec-7] o.s.security.web.FilterChainProxy - Secured GET /js/mobile-sidebar.js
2026-08-27 13:00:56.158 [DEBUG] [http-nio-8080-exec-6] o.s.s.w.a.AnonymousAuthenticationFilter - Set SecurityContextHolder to anonymous SecurityContext
2026-08-27 13:00:56.158 [DEBUG] [http-nio-8080-exec-6] o.s.security.web.FilterChainProxy - Secured GET /js/students.js
2026-08-27 13:00:56.215 [DEBUG] [http-nio-8080-exec-4] o.s.security.web.FilterChainProxy - Securing GET /api/admin/students
2026-08-27 13:00:56.226 [DEBUG] [http-nio-8080-exec-4] org.hibernate.SQL - 
    select
        u1_0.id,
        u1_0.course,
        u1_0.email,
        u1_0.mobile,
        u1_0.name,
        u1_0.password,
        u1_0.percentage,
        u1_0.role 
    from
        users u1_0 
    where
        u1_0.email=?
2026-08-27 13:00:56.230 [DEBUG] [http-nio-8080-exec-4] c.c.security.JwtAuthenticationFilter - Authenticated user: admin@gmail.com with role: ROLE_ADMIN
2026-08-27 13:00:56.230 [DEBUG] [http-nio-8080-exec-4] o.s.security.web.FilterChainProxy - Secured GET /api/admin/students
2026-08-27 13:00:56.230 [DEBUG] [http-nio-8080-exec-4] c.c.controller.StudentController - REST: Fetching students. page=null, size=10, search=null
2026-08-27 13:00:56.230 [DEBUG] [http-nio-8080-exec-4] c.c.service.impl.StudentServiceImpl - Fetching all students
2026-08-27 13:00:56.235 [DEBUG] [http-nio-8080-exec-4] org.hibernate.SQL - 
    select
        u1_0.id,
        u1_0.course,
        u1_0.email,
        u1_0.mobile,
        u1_0.name,
        u1_0.password,
        u1_0.percentage,
        u1_0.role 
    from
        users u1_0 
    where
        u1_0.role=?
2026-08-27 13:00:56.243 [DEBUG] [http-nio-8080-exec-4] org.hibernate.SQL - 
    select
        count(ta1_0.id) 
    from
        test_attempts ta1_0 
    where
        ta1_0.student_id=?
2026-08-27 13:00:56.250 [DEBUG] [http-nio-8080-exec-4] org.hibernate.SQL - 
    select
        count(ta1_0.id) 
    from
        test_attempts ta1_0 
    where
        ta1_0.student_id=? 
        and ta1_0.status=?
2026-08-27 13:00:56.255 [DEBUG] [http-nio-8080-exec-4] org.hibernate.SQL - 
    select
        count(ta1_0.id) 
    from
        test_attempts ta1_0 
    where
        ta1_0.student_id=? 
        and ta1_0.status=?
2026-08-27 13:00:56.261 [DEBUG] [http-nio-8080-exec-4] org.hibernate.SQL - 
    select
        ar1_0.id,
        ar1_0.attempt_id,
        ar1_0.category,
        ar1_0.completed_at,
        ar1_0.interest_score,
        ar1_0.knowledge_score,
        ar1_0.career_path_id,
        ar1_0.score,
        ar1_0.student_id 
    from
        assessment_results ar1_0 
    where
        ar1_0.student_id=? 
    order by
        ar1_0.completed_at desc 
    limit
        ?
2026-08-27 13:00:58.953 [DEBUG] [http-nio-8080-exec-10] o.s.security.web.FilterChainProxy - Securing GET /results.html
2026-08-27 13:00:58.953 [DEBUG] [http-nio-8080-exec-10] o.s.s.w.a.AnonymousAuthenticationFilter - Set SecurityContextHolder to anonymous SecurityContext
2026-08-27 13:00:58.953 [DEBUG] [http-nio-8080-exec-10] o.s.security.web.FilterChainProxy - Secured GET /results.html
2026-08-27 13:00:58.994 [DEBUG] [http-nio-8080-exec-5] o.s.security.web.FilterChainProxy - Securing GET /css/admin.css
2026-08-27 13:00:58.994 [DEBUG] [http-nio-8080-exec-3] o.s.security.web.FilterChainProxy - Securing GET /css/results.css
2026-08-27 13:00:58.994 [DEBUG] [http-nio-8080-exec-5] o.s.s.w.a.AnonymousAuthenticationFilter - Set SecurityContextHolder to anonymous SecurityContext
2026-08-27 13:00:58.996 [DEBUG] [http-nio-8080-exec-1] o.s.security.web.FilterChainProxy - Securing GET /js/app-toast.js
2026-08-27 13:00:58.996 [DEBUG] [http-nio-8080-exec-3] o.s.s.w.a.AnonymousAuthenticationFilter - Set SecurityContextHolder to anonymous SecurityContext
2026-08-27 13:00:58.996 [DEBUG] [http-nio-8080-exec-1] o.s.s.w.a.AnonymousAuthenticationFilter - Set SecurityContextHolder to anonymous SecurityContext
2026-08-27 13:00:58.996 [DEBUG] [http-nio-8080-exec-5] o.s.security.web.FilterChainProxy - Secured GET /css/admin.css
2026-08-27 13:00:58.996 [DEBUG] [http-nio-8080-exec-3] o.s.security.web.FilterChainProxy - Secured GET /css/results.css
2026-08-27 13:00:58.999 [DEBUG] [http-nio-8080-exec-6] o.s.security.web.FilterChainProxy - Securing GET /js/auth.js
2026-08-27 13:00:58.996 [DEBUG] [http-nio-8080-exec-1] o.s.security.web.FilterChainProxy - Secured GET /js/app-toast.js
2026-08-27 13:00:59.000 [DEBUG] [http-nio-8080-exec-8] o.s.security.web.FilterChainProxy - Securing GET /js/mobile-sidebar.js
2026-08-27 13:00:59.000 [DEBUG] [http-nio-8080-exec-2] o.s.security.web.FilterChainProxy - Securing GET /js/results.js
2026-08-27 13:00:59.001 [DEBUG] [http-nio-8080-exec-2] o.s.s.w.a.AnonymousAuthenticationFilter - Set SecurityContextHolder to anonymous SecurityContext
2026-08-27 13:00:59.001 [DEBUG] [http-nio-8080-exec-6] o.s.s.w.a.AnonymousAuthenticationFilter - Set SecurityContextHolder to anonymous SecurityContext
2026-08-27 13:00:59.003 [DEBUG] [http-nio-8080-exec-6] o.s.security.web.FilterChainProxy - Secured GET /js/auth.js
2026-08-27 13:00:59.003 [DEBUG] [http-nio-8080-exec-2] o.s.security.web.FilterChainProxy - Secured GET /js/results.js
2026-08-27 13:00:59.004 [DEBUG] [http-nio-8080-exec-8] o.s.s.w.a.AnonymousAuthenticationFilter - Set SecurityContextHolder to anonymous SecurityContext
2026-08-27 13:00:59.004 [DEBUG] [http-nio-8080-exec-8] o.s.security.web.FilterChainProxy - Secured GET /js/mobile-sidebar.js
2026-08-27 13:00:59.123 [DEBUG] [http-nio-8080-exec-9] o.s.security.web.FilterChainProxy - Securing GET /api/student/results/all
2026-08-27 13:00:59.132 [DEBUG] [http-nio-8080-exec-9] org.hibernate.SQL - 
    select
        u1_0.id,
        u1_0.course,
        u1_0.email,
        u1_0.mobile,
        u1_0.name,
        u1_0.password,
        u1_0.percentage,
        u1_0.role 
    from
        users u1_0 
    where
        u1_0.email=?
2026-08-27 13:00:59.136 [DEBUG] [http-nio-8080-exec-9] c.c.security.JwtAuthenticationFilter - Authenticated user: admin@gmail.com with role: ROLE_ADMIN
2026-08-27 13:00:59.136 [DEBUG] [http-nio-8080-exec-9] o.s.security.web.FilterChainProxy - Secured GET /api/student/results/all
2026-08-27 13:00:59.142 [DEBUG] [http-nio-8080-exec-9] c.career.controller.ResultController - REST: Fetching all results paged. page=0, size=10
2026-08-27 13:00:59.142 [DEBUG] [http-nio-8080-exec-9] c.c.service.impl.ResultServiceImpl - Fetching all results paged: page=0, size=10
2026-08-27 13:00:59.165 [DEBUG] [http-nio-8080-exec-9] org.hibernate.SQL - 
    select
        ar1_0.id,
        ar1_0.attempt_id,
        ar1_0.category,
        ar1_0.completed_at,
        ar1_0.interest_score,
        ar1_0.knowledge_score,
        ar1_0.career_path_id,
        rc1_0.id,
        rc1_0.career_name,
        rc1_0.category,
        rc1_0.description,
        rc1_0.education,
        rc1_0.salary_range,
        rc1_0.skills,
        ar1_0.score,
        ar1_0.student_id,
        s1_0.id,
        s1_0.course,
        s1_0.email,
        s1_0.mobile,
        s1_0.name,
        s1_0.password,
        s1_0.percentage,
        s1_0.role 
    from
        assessment_results ar1_0 
    join
        users s1_0 
            on s1_0.id=ar1_0.student_id 
    join
        career_paths rc1_0 
            on rc1_0.id=ar1_0.career_path_id 
    order by
        ar1_0.completed_at desc,
        ar1_0.completed_at desc 
    limit
        ?
2026-08-27 13:01:13.994 [DEBUG] [http-nio-8080-exec-7] o.s.security.web.FilterChainProxy - Securing GET /api/student/results/all
2026-08-27 13:01:14.002 [DEBUG] [http-nio-8080-exec-7] org.hibernate.SQL - 
    select
        u1_0.id,
        u1_0.course,
        u1_0.email,
        u1_0.mobile,
        u1_0.name,
        u1_0.password,
        u1_0.percentage,
        u1_0.role 
    from
        users u1_0 
    where
        u1_0.email=?
2026-08-27 13:01:14.006 [DEBUG] [http-nio-8080-exec-7] c.c.security.JwtAuthenticationFilter - Authenticated user: admin@gmail.com with role: ROLE_ADMIN
2026-08-27 13:01:14.008 [DEBUG] [http-nio-8080-exec-7] o.s.security.web.FilterChainProxy - Secured GET /api/student/results/all
2026-08-27 13:01:14.010 [DEBUG] [http-nio-8080-exec-7] c.career.controller.ResultController - REST: Fetching all results paged. page=0, size=10
2026-08-27 13:01:14.010 [DEBUG] [http-nio-8080-exec-7] c.c.service.impl.ResultServiceImpl - Fetching all results paged: page=0, size=10
2026-08-27 13:01:14.013 [DEBUG] [http-nio-8080-exec-7] org.hibernate.SQL - 
    select
        ar1_0.id,
        ar1_0.attempt_id,
        ar1_0.category,
        ar1_0.completed_at,
        ar1_0.interest_score,
        ar1_0.knowledge_score,
        ar1_0.career_path_id,
        rc1_0.id,
        rc1_0.career_name,
        rc1_0.category,
        rc1_0.description,
        rc1_0.education,
        rc1_0.salary_range,
        rc1_0.skills,
        ar1_0.score,
        ar1_0.student_id,
        s1_0.id,
        s1_0.course,
        s1_0.email,
        s1_0.mobile,
        s1_0.name,
        s1_0.password,
        s1_0.percentage,
        s1_0.role 
    from
        assessment_results ar1_0 
    join
        users s1_0 
            on s1_0.id=ar1_0.student_id 
    join
        career_paths rc1_0 
            on rc1_0.id=ar1_0.career_path_id 
    order by
        ar1_0.completed_at desc,
        ar1_0.completed_at desc 
    limit
        ?
2026-08-27 13:01:16.921 [DEBUG] [http-nio-8080-exec-4] o.s.security.web.FilterChainProxy - Securing GET /admin-profile.html
2026-08-27 13:01:16.921 [DEBUG] [http-nio-8080-exec-4] o.s.s.w.a.AnonymousAuthenticationFilter - Set SecurityContextHolder to anonymous SecurityContext
2026-08-27 13:01:16.921 [DEBUG] [http-nio-8080-exec-4] o.s.security.web.FilterChainProxy - Secured GET /admin-profile.html
2026-08-27 13:01:16.964 [DEBUG] [http-nio-8080-exec-10] o.s.security.web.FilterChainProxy - Securing GET /css/admin.css
2026-08-27 13:01:16.964 [DEBUG] [http-nio-8080-exec-8] o.s.security.web.FilterChainProxy - Securing GET /css/admin-profile.css
2026-08-27 13:01:16.964 [DEBUG] [http-nio-8080-exec-10] o.s.s.w.a.AnonymousAuthenticationFilter - Set SecurityContextHolder to anonymous SecurityContext
2026-08-27 13:01:16.964 [DEBUG] [http-nio-8080-exec-10] o.s.security.web.FilterChainProxy - Secured GET /css/admin.css
2026-08-27 13:01:16.964 [DEBUG] [http-nio-8080-exec-8] o.s.s.w.a.AnonymousAuthenticationFilter - Set SecurityContextHolder to anonymous SecurityContext
2026-08-27 13:01:16.966 [DEBUG] [http-nio-8080-exec-8] o.s.security.web.FilterChainProxy - Secured GET /css/admin-profile.css
2026-08-27 13:01:16.966 [DEBUG] [http-nio-8080-exec-5] o.s.security.web.FilterChainProxy - Securing GET /js/app-toast.js
2026-08-27 13:01:16.966 [DEBUG] [http-nio-8080-exec-5] o.s.s.w.a.AnonymousAuthenticationFilter - Set SecurityContextHolder to anonymous SecurityContext
2026-08-27 13:01:16.966 [DEBUG] [http-nio-8080-exec-5] o.s.security.web.FilterChainProxy - Secured GET /js/app-toast.js
2026-08-27 13:01:16.966 [DEBUG] [http-nio-8080-exec-3] o.s.security.web.FilterChainProxy - Securing GET /js/auth.js
2026-08-27 13:01:16.968 [DEBUG] [http-nio-8080-exec-3] o.s.s.w.a.AnonymousAuthenticationFilter - Set SecurityContextHolder to anonymous SecurityContext
2026-08-27 13:01:16.971 [DEBUG] [http-nio-8080-exec-1] o.s.security.web.FilterChainProxy - Securing GET /js/mobile-sidebar.js
2026-08-27 13:01:16.971 [DEBUG] [http-nio-8080-exec-3] o.s.security.web.FilterChainProxy - Secured GET /js/auth.js
2026-08-27 13:01:16.971 [DEBUG] [http-nio-8080-exec-6] o.s.security.web.FilterChainProxy - Securing GET /js/admin-profile.js
2026-08-27 13:01:16.971 [DEBUG] [http-nio-8080-exec-1] o.s.s.w.a.AnonymousAuthenticationFilter - Set SecurityContextHolder to anonymous SecurityContext
2026-08-27 13:01:16.974 [DEBUG] [http-nio-8080-exec-1] o.s.security.web.FilterChainProxy - Secured GET /js/mobile-sidebar.js
2026-08-27 13:01:16.974 [DEBUG] [http-nio-8080-exec-6] o.s.s.w.a.AnonymousAuthenticationFilter - Set SecurityContextHolder to anonymous SecurityContext
2026-08-27 13:01:16.975 [DEBUG] [http-nio-8080-exec-6] o.s.security.web.FilterChainProxy - Secured GET /js/admin-profile.js
2026-08-27 13:01:17.051 [DEBUG] [http-nio-8080-exec-2] o.s.security.web.FilterChainProxy - Securing GET /api/admin/profile
2026-08-27 13:01:17.061 [DEBUG] [http-nio-8080-exec-2] org.hibernate.SQL - 
    select
        u1_0.id,
        u1_0.course,
        u1_0.email,
        u1_0.mobile,
        u1_0.name,
        u1_0.password,
        u1_0.percentage,
        u1_0.role 
    from
        users u1_0 
    where
        u1_0.email=?
2026-08-27 13:01:17.065 [DEBUG] [http-nio-8080-exec-2] c.c.security.JwtAuthenticationFilter - Authenticated user: admin@gmail.com with role: ROLE_ADMIN
2026-08-27 13:01:17.065 [DEBUG] [http-nio-8080-exec-2] o.s.security.web.FilterChainProxy - Secured GET /api/admin/profile
2026-08-27 13:01:17.071 [DEBUG] [http-nio-8080-exec-2] org.hibernate.SQL - 
    select
        u1_0.id,
        u1_0.course,
        u1_0.email,
        u1_0.mobile,
        u1_0.name,
        u1_0.password,
        u1_0.percentage,
        u1_0.role 
    from
        users u1_0 
    where
        u1_0.email=?
2026-08-27 13:01:22.429 [DEBUG] [http-nio-8080-exec-9] o.s.security.web.FilterChainProxy - Securing GET /admin-login.html
2026-08-27 13:01:22.429 [DEBUG] [http-nio-8080-exec-9] o.s.s.w.a.AnonymousAuthenticationFilter - Set SecurityContextHolder to anonymous SecurityContext
2026-08-27 13:01:22.429 [DEBUG] [http-nio-8080-exec-9] o.s.security.web.FilterChainProxy - Secured GET /admin-login.html
2026-08-27 13:01:22.467 [DEBUG] [http-nio-8080-exec-7] o.s.security.web.FilterChainProxy - Securing GET /css/admin-login.css
2026-08-27 13:01:22.467 [DEBUG] [http-nio-8080-exec-7] o.s.s.w.a.AnonymousAuthenticationFilter - Set SecurityContextHolder to anonymous SecurityContext
2026-08-27 13:01:22.469 [DEBUG] [http-nio-8080-exec-7] o.s.security.web.FilterChainProxy - Secured GET /css/admin-login.css
2026-08-27 13:01:22.469 [DEBUG] [http-nio-8080-exec-10] o.s.security.web.FilterChainProxy - Securing GET /js/auth.js
2026-08-27 13:01:22.469 [DEBUG] [http-nio-8080-exec-4] o.s.security.web.FilterChainProxy - Securing GET /js/app-toast.js
2026-08-27 13:01:22.472 [DEBUG] [http-nio-8080-exec-10] o.s.s.w.a.AnonymousAuthenticationFilter - Set SecurityContextHolder to anonymous SecurityContext
2026-08-27 13:01:22.472 [DEBUG] [http-nio-8080-exec-4] o.s.s.w.a.AnonymousAuthenticationFilter - Set SecurityContextHolder to anonymous SecurityContext
2026-08-27 13:01:22.472 [DEBUG] [http-nio-8080-exec-4] o.s.security.web.FilterChainProxy - Secured GET /js/app-toast.js
2026-08-27 13:01:22.472 [DEBUG] [http-nio-8080-exec-10] o.s.security.web.FilterChainProxy - Secured GET /js/auth.js
2026-08-27 13:01:32.112 [DEBUG] [http-nio-8080-exec-5] o.s.security.web.FilterChainProxy - Securing GET /student-login.html
2026-08-27 13:01:32.113 [DEBUG] [http-nio-8080-exec-5] o.s.s.w.a.AnonymousAuthenticationFilter - Set SecurityContextHolder to anonymous SecurityContext
2026-08-27 13:01:32.113 [DEBUG] [http-nio-8080-exec-5] o.s.security.web.FilterChainProxy - Secured GET /student-login.html
2026-08-27 13:01:32.147 [DEBUG] [http-nio-8080-exec-1] o.s.security.web.FilterChainProxy - Securing GET /css/student-auth.css
2026-08-27 13:01:32.148 [DEBUG] [http-nio-8080-exec-1] o.s.s.w.a.AnonymousAuthenticationFilter - Set SecurityContextHolder to anonymous SecurityContext
2026-08-27 13:01:32.148 [DEBUG] [http-nio-8080-exec-1] o.s.security.web.FilterChainProxy - Secured GET /css/student-auth.css
2026-08-27 13:01:32.151 [DEBUG] [http-nio-8080-exec-3] o.s.security.web.FilterChainProxy - Securing GET /js/app-toast.js
2026-08-27 13:01:32.151 [DEBUG] [http-nio-8080-exec-6] o.s.security.web.FilterChainProxy - Securing GET /js/auth.js
2026-08-27 13:01:32.151 [DEBUG] [http-nio-8080-exec-6] o.s.s.w.a.AnonymousAuthenticationFilter - Set SecurityContextHolder to anonymous SecurityContext
2026-08-27 13:01:32.151 [DEBUG] [http-nio-8080-exec-6] o.s.security.web.FilterChainProxy - Secured GET /js/auth.js
2026-08-27 13:01:32.153 [DEBUG] [http-nio-8080-exec-3] o.s.s.w.a.AnonymousAuthenticationFilter - Set SecurityContextHolder to anonymous SecurityContext
2026-08-27 13:01:32.155 [DEBUG] [http-nio-8080-exec-3] o.s.security.web.FilterChainProxy - Secured GET /js/app-toast.js
2026-08-27 13:01:37.967 [DEBUG] [http-nio-8080-exec-8] o.s.security.web.FilterChainProxy - Securing POST /api/auth/login
2026-08-27 13:01:37.967 [DEBUG] [http-nio-8080-exec-8] o.s.s.w.a.AnonymousAuthenticationFilter - Set SecurityContextHolder to anonymous SecurityContext
2026-08-27 13:01:37.968 [DEBUG] [http-nio-8080-exec-8] o.s.security.web.FilterChainProxy - Secured POST /api/auth/login
2026-08-27 13:01:37.968 [INFO ] [http-nio-8080-exec-8] c.career.controller.AuthController - REST: Student login request for email admin@gmail.com
2026-08-27 13:01:37.968 [DEBUG] [http-nio-8080-exec-8] c.c.service.impl.AuthServiceImpl - Authenticating student: admin@gmail.com
2026-08-27 13:01:37.968 [DEBUG] [http-nio-8080-exec-8] org.hibernate.SQL - 
    select
        u1_0.id,
        u1_0.course,
        u1_0.email,
        u1_0.mobile,
        u1_0.name,
        u1_0.password,
        u1_0.percentage,
        u1_0.role 
    from
        users u1_0 
    where
        u1_0.email=?
2026-08-27 13:01:37.968 [WARN ] [http-nio-8080-exec-8] c.c.service.impl.AuthServiceImpl - Account admin@gmail.com is not a student account
2026-08-27 13:01:37.981 [WARN ] [http-nio-8080-exec-8] c.c.exception.GlobalExceptionHandler - Unauthorized access: This account is not a student account on URI /api/auth/login
2026-08-27 13:01:38.187 [DEBUG] [http-nio-8080-exec-2] o.s.security.web.FilterChainProxy - Securing POST /api/auth/login
2026-08-27 13:01:38.187 [DEBUG] [http-nio-8080-exec-2] o.s.s.w.a.AnonymousAuthenticationFilter - Set SecurityContextHolder to anonymous SecurityContext
2026-08-27 13:01:38.187 [DEBUG] [http-nio-8080-exec-2] o.s.security.web.FilterChainProxy - Secured POST /api/auth/login
2026-08-27 13:01:38.189 [INFO ] [http-nio-8080-exec-2] c.career.controller.AuthController - REST: Student login request for email admin@gmail.com
2026-08-27 13:01:38.189 [DEBUG] [http-nio-8080-exec-2] c.c.service.impl.AuthServiceImpl - Authenticating student: admin@gmail.com
2026-08-27 13:01:38.189 [DEBUG] [http-nio-8080-exec-2] org.hibernate.SQL - 
    select
        u1_0.id,
        u1_0.course,
        u1_0.email,
        u1_0.mobile,
        u1_0.name,
        u1_0.password,
        u1_0.percentage,
        u1_0.role 
    from
        users u1_0 
    where
        u1_0.email=?
2026-08-27 13:01:38.189 [WARN ] [http-nio-8080-exec-2] c.c.service.impl.AuthServiceImpl - Account admin@gmail.com is not a student account
2026-08-27 13:01:38.189 [WARN ] [http-nio-8080-exec-2] c.c.exception.GlobalExceptionHandler - Unauthorized access: This account is not a student account on URI /api/auth/login
2026-08-27 13:01:43.558 [DEBUG] [http-nio-8080-exec-9] o.s.security.web.FilterChainProxy - Securing POST /api/auth/login
2026-08-27 13:01:43.560 [DEBUG] [http-nio-8080-exec-9] o.s.s.w.a.AnonymousAuthenticationFilter - Set SecurityContextHolder to anonymous SecurityContext
2026-08-27 13:01:43.560 [DEBUG] [http-nio-8080-exec-9] o.s.security.web.FilterChainProxy - Secured POST /api/auth/login
2026-08-27 13:01:43.560 [INFO ] [http-nio-8080-exec-9] c.career.controller.AuthController - REST: Student login request for email dhruvyelmame6@gmail.com
2026-08-27 13:01:43.560 [DEBUG] [http-nio-8080-exec-9] c.c.service.impl.AuthServiceImpl - Authenticating student: dhruvyelmame6@gmail.com
2026-08-27 13:01:43.567 [DEBUG] [http-nio-8080-exec-9] org.hibernate.SQL - 
    select
        u1_0.id,
        u1_0.course,
        u1_0.email,
        u1_0.mobile,
        u1_0.name,
        u1_0.password,
        u1_0.percentage,
        u1_0.role 
    from
        users u1_0 
    where
        u1_0.email=?
2026-08-27 13:01:43.844 [INFO ] [http-nio-8080-exec-9] c.c.service.impl.AuthServiceImpl - Student dhruvyelmame6@gmail.com logged in successfully
2026-08-27 13:01:43.844 [DEBUG] [http-nio-8080-exec-9] com.career.security.JwtService - Generating JWT token for email: dhruvyelmame6@gmail.com with role: STUDENT
2026-08-27 13:01:44.287 [DEBUG] [http-nio-8080-exec-4] o.s.security.web.FilterChainProxy - Securing GET /student-dashboard.html
2026-08-27 13:01:44.287 [DEBUG] [http-nio-8080-exec-4] o.s.s.w.a.AnonymousAuthenticationFilter - Set SecurityContextHolder to anonymous SecurityContext
2026-08-27 13:01:44.287 [DEBUG] [http-nio-8080-exec-4] o.s.security.web.FilterChainProxy - Secured GET /student-dashboard.html
2026-08-27 13:01:44.326 [DEBUG] [http-nio-8080-exec-10] o.s.security.web.FilterChainProxy - Securing GET /css/student.css
2026-08-27 13:01:44.326 [DEBUG] [http-nio-8080-exec-10] o.s.s.w.a.AnonymousAuthenticationFilter - Set SecurityContextHolder to anonymous SecurityContext
2026-08-27 13:01:44.330 [DEBUG] [http-nio-8080-exec-10] o.s.security.web.FilterChainProxy - Secured GET /css/student.css
2026-08-27 13:01:44.332 [DEBUG] [http-nio-8080-exec-5] o.s.security.web.FilterChainProxy - Securing GET /js/app-toast.js
2026-08-27 13:01:44.332 [DEBUG] [http-nio-8080-exec-5] o.s.s.w.a.AnonymousAuthenticationFilter - Set SecurityContextHolder to anonymous SecurityContext
2026-08-27 13:01:44.332 [DEBUG] [http-nio-8080-exec-5] o.s.security.web.FilterChainProxy - Secured GET /js/app-toast.js
2026-08-27 13:01:44.334 [DEBUG] [http-nio-8080-exec-7] o.s.security.web.FilterChainProxy - Securing GET /js/auth.js
2026-08-27 13:01:44.334 [DEBUG] [http-nio-8080-exec-7] o.s.s.w.a.AnonymousAuthenticationFilter - Set SecurityContextHolder to anonymous SecurityContext
2026-08-27 13:01:44.334 [DEBUG] [http-nio-8080-exec-7] o.s.security.web.FilterChainProxy - Secured GET /js/auth.js
2026-08-27 13:01:44.336 [DEBUG] [http-nio-8080-exec-3] o.s.security.web.FilterChainProxy - Securing GET /js/student-dashboard.js
2026-08-27 13:01:44.336 [DEBUG] [http-nio-8080-exec-1] o.s.security.web.FilterChainProxy - Securing GET /js/student-common.js
2026-08-27 13:01:44.336 [DEBUG] [http-nio-8080-exec-3] o.s.s.w.a.AnonymousAuthenticationFilter - Set SecurityContextHolder to anonymous SecurityContext
2026-08-27 13:01:44.336 [DEBUG] [http-nio-8080-exec-1] o.s.s.w.a.AnonymousAuthenticationFilter - Set SecurityContextHolder to anonymous SecurityContext
2026-08-27 13:01:44.336 [DEBUG] [http-nio-8080-exec-3] o.s.security.web.FilterChainProxy - Secured GET /js/student-dashboard.js
2026-08-27 13:01:44.336 [DEBUG] [http-nio-8080-exec-1] o.s.security.web.FilterChainProxy - Secured GET /js/student-common.js
2026-08-27 13:01:44.484 [DEBUG] [http-nio-8080-exec-6] o.s.security.web.FilterChainProxy - Securing GET /api/student/profile
2026-08-27 13:01:44.486 [DEBUG] [http-nio-8080-exec-6] org.hibernate.SQL - 
    select
        u1_0.id,
        u1_0.course,
        u1_0.email,
        u1_0.mobile,
        u1_0.name,
        u1_0.password,
        u1_0.percentage,
        u1_0.role 
    from
        users u1_0 
    where
        u1_0.email=?
2026-08-27 13:01:44.493 [DEBUG] [http-nio-8080-exec-6] c.c.security.JwtAuthenticationFilter - Authenticated user: dhruvyelmame6@gmail.com with role: ROLE_STUDENT
2026-08-27 13:01:44.498 [DEBUG] [http-nio-8080-exec-6] o.s.security.web.FilterChainProxy - Secured GET /api/student/profile
2026-08-27 13:01:44.501 [DEBUG] [http-nio-8080-exec-6] org.hibernate.SQL - 
    select
        u1_0.id,
        u1_0.course,
        u1_0.email,
        u1_0.mobile,
        u1_0.name,
        u1_0.password,
        u1_0.percentage,
        u1_0.role 
    from
        users u1_0 
    where
        u1_0.email=?
2026-08-27 13:01:44.513 [DEBUG] [http-nio-8080-exec-8] o.s.security.web.FilterChainProxy - Securing GET /api/student/profile
2026-08-27 13:01:44.519 [DEBUG] [http-nio-8080-exec-8] org.hibernate.SQL - 
    select
        u1_0.id,
        u1_0.course,
        u1_0.email,
        u1_0.mobile,
        u1_0.name,
        u1_0.password,
        u1_0.percentage,
        u1_0.role 
    from
        users u1_0 
    where
        u1_0.email=?
2026-08-27 13:01:44.524 [DEBUG] [http-nio-8080-exec-8] c.c.security.JwtAuthenticationFilter - Authenticated user: dhruvyelmame6@gmail.com with role: ROLE_STUDENT
2026-08-27 13:01:44.524 [DEBUG] [http-nio-8080-exec-8] o.s.security.web.FilterChainProxy - Secured GET /api/student/profile
2026-08-27 13:01:44.524 [DEBUG] [http-nio-8080-exec-8] org.hibernate.SQL - 
    select
        u1_0.id,
        u1_0.course,
        u1_0.email,
        u1_0.mobile,
        u1_0.name,
        u1_0.password,
        u1_0.percentage,
        u1_0.role 
    from
        users u1_0 
    where
        u1_0.email=?
2026-08-27 13:01:44.539 [DEBUG] [http-nio-8080-exec-2] o.s.security.web.FilterChainProxy - Securing GET /api/student/stats?studentId=2
2026-08-27 13:01:44.541 [DEBUG] [http-nio-8080-exec-9] o.s.security.web.FilterChainProxy - Securing GET /api/student/tests
2026-08-27 13:01:44.543 [DEBUG] [http-nio-8080-exec-4] o.s.security.web.FilterChainProxy - Securing GET /api/student/tests/my-attempts
2026-08-27 13:01:44.543 [DEBUG] [http-nio-8080-exec-5] o.s.security.web.FilterChainProxy - Securing GET /api/student/results/my-results
2026-08-27 13:01:44.549 [DEBUG] [http-nio-8080-exec-2] org.hibernate.SQL - 
    select
        u1_0.id,
        u1_0.course,
        u1_0.email,
        u1_0.mobile,
        u1_0.name,
        u1_0.password,
        u1_0.percentage,
        u1_0.role 
    from
        users u1_0 
    where
        u1_0.email=?
2026-08-27 13:01:44.549 [DEBUG] [http-nio-8080-exec-9] org.hibernate.SQL - 
    select
        u1_0.id,
        u1_0.course,
        u1_0.email,
        u1_0.mobile,
        u1_0.name,
        u1_0.password,
        u1_0.percentage,
        u1_0.role 
    from
        users u1_0 
    where
        u1_0.email=?
2026-08-27 13:01:44.549 [DEBUG] [http-nio-8080-exec-5] org.hibernate.SQL - 
    select
        u1_0.id,
        u1_0.course,
        u1_0.email,
        u1_0.mobile,
        u1_0.name,
        u1_0.password,
        u1_0.percentage,
        u1_0.role 
    from
        users u1_0 
    where
        u1_0.email=?
2026-08-27 13:01:44.549 [DEBUG] [http-nio-8080-exec-4] org.hibernate.SQL - 
    select
        u1_0.id,
        u1_0.course,
        u1_0.email,
        u1_0.mobile,
        u1_0.name,
        u1_0.password,
        u1_0.percentage,
        u1_0.role 
    from
        users u1_0 
    where
        u1_0.email=?
2026-08-27 13:01:44.554 [DEBUG] [http-nio-8080-exec-2] c.c.security.JwtAuthenticationFilter - Authenticated user: dhruvyelmame6@gmail.com with role: ROLE_STUDENT
2026-08-27 13:01:44.556 [DEBUG] [http-nio-8080-exec-2] o.s.security.web.FilterChainProxy - Secured GET /api/student/stats?studentId=2
2026-08-27 13:01:44.556 [DEBUG] [http-nio-8080-exec-9] c.c.security.JwtAuthenticationFilter - Authenticated user: dhruvyelmame6@gmail.com with role: ROLE_STUDENT
2026-08-27 13:01:44.556 [DEBUG] [http-nio-8080-exec-9] o.s.security.web.FilterChainProxy - Secured GET /api/student/tests
2026-08-27 13:01:44.558 [DEBUG] [http-nio-8080-exec-5] c.c.security.JwtAuthenticationFilter - Authenticated user: dhruvyelmame6@gmail.com with role: ROLE_STUDENT
2026-08-27 13:01:44.558 [DEBUG] [http-nio-8080-exec-4] c.c.security.JwtAuthenticationFilter - Authenticated user: dhruvyelmame6@gmail.com with role: ROLE_STUDENT
2026-08-27 13:01:44.558 [DEBUG] [http-nio-8080-exec-5] o.s.security.web.FilterChainProxy - Secured GET /api/student/results/my-results
2026-08-27 13:01:44.558 [DEBUG] [http-nio-8080-exec-4] o.s.security.web.FilterChainProxy - Secured GET /api/student/tests/my-attempts
2026-08-27 13:01:44.560 [DEBUG] [http-nio-8080-exec-2] org.hibernate.SQL - 
    select
        count(t1_0.id) 
    from
        tests t1_0 
    where
        t1_0.active=true
2026-08-27 13:01:44.562 [DEBUG] [http-nio-8080-exec-4] org.hibernate.SQL - 
    select
        u1_0.id,
        u1_0.course,
        u1_0.email,
        u1_0.mobile,
        u1_0.name,
        u1_0.password,
        u1_0.percentage,
        u1_0.role 
    from
        users u1_0 
    where
        u1_0.email=?
2026-08-27 13:01:44.563 [DEBUG] [http-nio-8080-exec-5] org.hibernate.SQL - 
    select
        u1_0.id,
        u1_0.course,
        u1_0.email,
        u1_0.mobile,
        u1_0.name,
        u1_0.password,
        u1_0.percentage,
        u1_0.role 
    from
        users u1_0 
    where
        u1_0.email=?
2026-08-27 13:01:44.571 [DEBUG] [http-nio-8080-exec-2] org.hibernate.SQL - 
    select
        count(ta1_0.id) 
    from
        test_attempts ta1_0 
    where
        ta1_0.student_id=?
2026-08-27 13:01:44.571 [DEBUG] [http-nio-8080-exec-5] c.career.controller.ResultController - REST: Fetching authenticated results for student ID 2
2026-08-27 13:01:44.573 [DEBUG] [http-nio-8080-exec-5] c.c.service.impl.ResultServiceImpl - Fetching assessment results for student ID: 2
2026-08-27 13:01:44.573 [DEBUG] [http-nio-8080-exec-4] org.hibernate.SQL - 
    select
        ta1_0.id,
        ta1_0.score,
        ta1_0.started_at,
        ta1_0.status,
        ta1_0.student_id,
        ta1_0.submitted_at,
        ta1_0.test_id 
    from
        test_attempts ta1_0 
    where
        ta1_0.student_id=? 
    order by
        ta1_0.started_at desc
2026-08-27 13:01:44.573 [DEBUG] [http-nio-8080-exec-2] org.hibernate.SQL - 
    select
        count(ta1_0.id) 
    from
        test_attempts ta1_0 
    where
        ta1_0.student_id=? 
        and ta1_0.status=?
2026-08-27 13:01:44.578 [DEBUG] [http-nio-8080-exec-5] org.hibernate.SQL - 
    select
        ar1_0.id,
        ar1_0.attempt_id,
        ar1_0.category,
        ar1_0.completed_at,
        ar1_0.interest_score,
        ar1_0.knowledge_score,
        ar1_0.career_path_id,
        ar1_0.score,
        ar1_0.student_id 
    from
        assessment_results ar1_0 
    where
        ar1_0.student_id=? 
    order by
        ar1_0.completed_at desc
2026-08-27 13:01:53.871 [DEBUG] [http-nio-8080-exec-7] o.s.security.web.FilterChainProxy - Securing GET /available-tests.html
2026-08-27 13:01:53.871 [DEBUG] [http-nio-8080-exec-7] o.s.s.w.a.AnonymousAuthenticationFilter - Set SecurityContextHolder to anonymous SecurityContext
2026-08-27 13:01:53.871 [DEBUG] [http-nio-8080-exec-7] o.s.security.web.FilterChainProxy - Secured GET /available-tests.html
2026-08-27 13:01:53.921 [DEBUG] [http-nio-8080-exec-10] o.s.security.web.FilterChainProxy - Securing GET /css/student.css
2026-08-27 13:01:53.923 [DEBUG] [http-nio-8080-exec-10] o.s.s.w.a.AnonymousAuthenticationFilter - Set SecurityContextHolder to anonymous SecurityContext
2026-08-27 13:01:53.925 [DEBUG] [http-nio-8080-exec-10] o.s.security.web.FilterChainProxy - Secured GET /css/student.css
2026-08-27 13:01:53.925 [DEBUG] [http-nio-8080-exec-1] o.s.security.web.FilterChainProxy - Securing GET /js/app-toast.js
2026-08-27 13:01:53.928 [DEBUG] [http-nio-8080-exec-1] o.s.s.w.a.AnonymousAuthenticationFilter - Set SecurityContextHolder to anonymous SecurityContext
2026-08-27 13:01:53.928 [DEBUG] [http-nio-8080-exec-3] o.s.security.web.FilterChainProxy - Securing GET /js/auth.js
2026-08-27 13:01:53.928 [DEBUG] [http-nio-8080-exec-1] o.s.security.web.FilterChainProxy - Secured GET /js/app-toast.js
2026-08-27 13:01:53.929 [DEBUG] [http-nio-8080-exec-6] o.s.security.web.FilterChainProxy - Securing GET /js/student-common.js
2026-08-27 13:01:53.929 [DEBUG] [http-nio-8080-exec-3] o.s.s.w.a.AnonymousAuthenticationFilter - Set SecurityContextHolder to anonymous SecurityContext
2026-08-27 13:01:53.929 [DEBUG] [http-nio-8080-exec-6] o.s.s.w.a.AnonymousAuthenticationFilter - Set SecurityContextHolder to anonymous SecurityContext
2026-08-27 13:01:53.929 [DEBUG] [http-nio-8080-exec-6] o.s.security.web.FilterChainProxy - Secured GET /js/student-common.js
2026-08-27 13:01:53.929 [DEBUG] [http-nio-8080-exec-8] o.s.security.web.FilterChainProxy - Securing GET /js/available-tests.js
2026-08-27 13:01:53.929 [DEBUG] [http-nio-8080-exec-3] o.s.security.web.FilterChainProxy - Secured GET /js/auth.js
2026-08-27 13:01:53.929 [DEBUG] [http-nio-8080-exec-8] o.s.s.w.a.AnonymousAuthenticationFilter - Set SecurityContextHolder to anonymous SecurityContext
2026-08-27 13:01:53.932 [DEBUG] [http-nio-8080-exec-8] o.s.security.web.FilterChainProxy - Secured GET /js/available-tests.js
2026-08-27 13:01:54.001 [DEBUG] [http-nio-8080-exec-9] o.s.security.web.FilterChainProxy - Securing GET /api/student/profile
2026-08-27 13:01:54.006 [DEBUG] [http-nio-8080-exec-2] o.s.security.web.FilterChainProxy - Securing GET /api/student/tests/my-attempts
2026-08-27 13:01:54.006 [DEBUG] [http-nio-8080-exec-4] o.s.security.web.FilterChainProxy - Securing GET /api/student/tests
2026-08-27 13:01:54.008 [DEBUG] [http-nio-8080-exec-5] o.s.security.web.FilterChainProxy - Securing GET /api/student/results/my-results
2026-08-27 13:01:54.018 [DEBUG] [http-nio-8080-exec-9] org.hibernate.SQL - 
    select
        u1_0.id,
        u1_0.course,
        u1_0.email,
        u1_0.mobile,
        u1_0.name,
        u1_0.password,
        u1_0.percentage,
        u1_0.role 
    from
        users u1_0 
    where
        u1_0.email=?
2026-08-27 13:01:54.019 [DEBUG] [http-nio-8080-exec-4] org.hibernate.SQL - 
    select
        u1_0.id,
        u1_0.course,
        u1_0.email,
        u1_0.mobile,
        u1_0.name,
        u1_0.password,
        u1_0.percentage,
        u1_0.role 
    from
        users u1_0 
    where
        u1_0.email=?
2026-08-27 13:01:54.023 [DEBUG] [http-nio-8080-exec-2] org.hibernate.SQL - 
    select
        u1_0.id,
        u1_0.course,
        u1_0.email,
        u1_0.mobile,
        u1_0.name,
        u1_0.password,
        u1_0.percentage,
        u1_0.role 
    from
        users u1_0 
    where
        u1_0.email=?
2026-08-27 13:01:54.023 [DEBUG] [http-nio-8080-exec-5] org.hibernate.SQL - 
    select
        u1_0.id,
        u1_0.course,
        u1_0.email,
        u1_0.mobile,
        u1_0.name,
        u1_0.password,
        u1_0.percentage,
        u1_0.role 
    from
        users u1_0 
    where
        u1_0.email=?
2026-08-27 13:01:54.025 [DEBUG] [http-nio-8080-exec-9] c.c.security.JwtAuthenticationFilter - Authenticated user: dhruvyelmame6@gmail.com with role: ROLE_STUDENT
2026-08-27 13:01:54.025 [DEBUG] [http-nio-8080-exec-9] o.s.security.web.FilterChainProxy - Secured GET /api/student/profile
2026-08-27 13:01:54.028 [DEBUG] [http-nio-8080-exec-4] c.c.security.JwtAuthenticationFilter - Authenticated user: dhruvyelmame6@gmail.com with role: ROLE_STUDENT
2026-08-27 13:01:54.028 [DEBUG] [http-nio-8080-exec-4] o.s.security.web.FilterChainProxy - Secured GET /api/student/tests
2026-08-27 13:01:54.028 [DEBUG] [http-nio-8080-exec-2] c.c.security.JwtAuthenticationFilter - Authenticated user: dhruvyelmame6@gmail.com with role: ROLE_STUDENT
2026-08-27 13:01:54.028 [DEBUG] [http-nio-8080-exec-5] c.c.security.JwtAuthenticationFilter - Authenticated user: dhruvyelmame6@gmail.com with role: ROLE_STUDENT
2026-08-27 13:01:54.028 [DEBUG] [http-nio-8080-exec-2] o.s.security.web.FilterChainProxy - Secured GET /api/student/tests/my-attempts
2026-08-27 13:01:54.028 [DEBUG] [http-nio-8080-exec-5] o.s.security.web.FilterChainProxy - Secured GET /api/student/results/my-results
2026-08-27 13:01:54.032 [DEBUG] [http-nio-8080-exec-9] org.hibernate.SQL - 
    select
        u1_0.id,
        u1_0.course,
        u1_0.email,
        u1_0.mobile,
        u1_0.name,
        u1_0.password,
        u1_0.percentage,
        u1_0.role 
    from
        users u1_0 
    where
        u1_0.email=?
2026-08-27 13:01:54.032 [DEBUG] [http-nio-8080-exec-5] org.hibernate.SQL - 
    select
        u1_0.id,
        u1_0.course,
        u1_0.email,
        u1_0.mobile,
        u1_0.name,
        u1_0.password,
        u1_0.percentage,
        u1_0.role 
    from
        users u1_0 
    where
        u1_0.email=?
2026-08-27 13:01:54.032 [DEBUG] [http-nio-8080-exec-2] org.hibernate.SQL - 
    select
        u1_0.id,
        u1_0.course,
        u1_0.email,
        u1_0.mobile,
        u1_0.name,
        u1_0.password,
        u1_0.percentage,
        u1_0.role 
    from
        users u1_0 
    where
        u1_0.email=?
2026-08-27 13:01:54.038 [DEBUG] [http-nio-8080-exec-5] c.career.controller.ResultController - REST: Fetching authenticated results for student ID 2
2026-08-27 13:01:54.038 [DEBUG] [http-nio-8080-exec-5] c.c.service.impl.ResultServiceImpl - Fetching assessment results for student ID: 2
2026-08-27 13:01:54.046 [DEBUG] [http-nio-8080-exec-5] org.hibernate.SQL - 
    select
        ar1_0.id,
        ar1_0.attempt_id,
        ar1_0.category,
        ar1_0.completed_at,
        ar1_0.interest_score,
        ar1_0.knowledge_score,
        ar1_0.career_path_id,
        ar1_0.score,
        ar1_0.student_id 
    from
        assessment_results ar1_0 
    where
        ar1_0.student_id=? 
    order by
        ar1_0.completed_at desc
2026-08-27 13:01:54.046 [DEBUG] [http-nio-8080-exec-2] org.hibernate.SQL - 
    select
        ta1_0.id,
        ta1_0.score,
        ta1_0.started_at,
        ta1_0.status,
        ta1_0.student_id,
        ta1_0.submitted_at,
        ta1_0.test_id 
    from
        test_attempts ta1_0 
    where
        ta1_0.student_id=? 
    order by
        ta1_0.started_at desc
2026-08-27 13:01:54.746 [DEBUG] [http-nio-8080-exec-7] o.s.security.web.FilterChainProxy - Securing GET /student-results.html
2026-08-27 13:01:54.746 [DEBUG] [http-nio-8080-exec-7] o.s.s.w.a.AnonymousAuthenticationFilter - Set SecurityContextHolder to anonymous SecurityContext
2026-08-27 13:01:54.749 [DEBUG] [http-nio-8080-exec-7] o.s.security.web.FilterChainProxy - Secured GET /student-results.html
2026-08-27 13:01:54.777 [DEBUG] [http-nio-8080-exec-10] o.s.security.web.FilterChainProxy - Securing GET /css/student.css
2026-08-27 13:01:54.777 [DEBUG] [http-nio-8080-exec-1] o.s.security.web.FilterChainProxy - Securing GET /js/app-toast.js
2026-08-27 13:01:54.777 [DEBUG] [http-nio-8080-exec-10] o.s.s.w.a.AnonymousAuthenticationFilter - Set SecurityContextHolder to anonymous SecurityContext
2026-08-27 13:01:54.782 [DEBUG] [http-nio-8080-exec-1] o.s.s.w.a.AnonymousAuthenticationFilter - Set SecurityContextHolder to anonymous SecurityContext
2026-08-27 13:01:54.782 [DEBUG] [http-nio-8080-exec-10] o.s.security.web.FilterChainProxy - Secured GET /css/student.css
2026-08-27 13:01:54.782 [DEBUG] [http-nio-8080-exec-1] o.s.security.web.FilterChainProxy - Secured GET /js/app-toast.js
2026-08-27 13:01:54.786 [DEBUG] [http-nio-8080-exec-6] o.s.security.web.FilterChainProxy - Securing GET /js/student-results.js
2026-08-27 13:01:54.787 [DEBUG] [http-nio-8080-exec-6] o.s.s.w.a.AnonymousAuthenticationFilter - Set SecurityContextHolder to anonymous SecurityContext
2026-08-27 13:01:54.786 [DEBUG] [http-nio-8080-exec-3] o.s.security.web.FilterChainProxy - Securing GET /js/student-common.js
2026-08-27 13:01:54.787 [DEBUG] [http-nio-8080-exec-8] o.s.security.web.FilterChainProxy - Securing GET /js/auth.js
2026-08-27 13:01:54.787 [DEBUG] [http-nio-8080-exec-6] o.s.security.web.FilterChainProxy - Secured GET /js/student-results.js
2026-08-27 13:01:54.787 [DEBUG] [http-nio-8080-exec-8] o.s.s.w.a.AnonymousAuthenticationFilter - Set SecurityContextHolder to anonymous SecurityContext
2026-08-27 13:01:54.787 [DEBUG] [http-nio-8080-exec-3] o.s.s.w.a.AnonymousAuthenticationFilter - Set SecurityContextHolder to anonymous SecurityContext
2026-08-27 13:01:54.789 [DEBUG] [http-nio-8080-exec-8] o.s.security.web.FilterChainProxy - Secured GET /js/auth.js
2026-08-27 13:01:54.789 [DEBUG] [http-nio-8080-exec-3] o.s.security.web.FilterChainProxy - Secured GET /js/student-common.js
2026-08-27 13:01:54.861 [DEBUG] [http-nio-8080-exec-4] o.s.security.web.FilterChainProxy - Securing GET /api/student/profile
2026-08-27 13:01:54.861 [DEBUG] [http-nio-8080-exec-9] o.s.security.web.FilterChainProxy - Securing GET /api/student/results/my-results
2026-08-27 13:01:54.872 [DEBUG] [http-nio-8080-exec-9] org.hibernate.SQL - 
    select
        u1_0.id,
        u1_0.course,
        u1_0.email,
        u1_0.mobile,
        u1_0.name,
        u1_0.password,
        u1_0.percentage,
        u1_0.role 
    from
        users u1_0 
    where
        u1_0.email=?
2026-08-27 13:01:54.872 [DEBUG] [http-nio-8080-exec-4] org.hibernate.SQL - 
    select
        u1_0.id,
        u1_0.course,
        u1_0.email,
        u1_0.mobile,
        u1_0.name,
        u1_0.password,
        u1_0.percentage,
        u1_0.role 
    from
        users u1_0 
    where
        u1_0.email=?
2026-08-27 13:01:54.878 [DEBUG] [http-nio-8080-exec-4] c.c.security.JwtAuthenticationFilter - Authenticated user: dhruvyelmame6@gmail.com with role: ROLE_STUDENT
2026-08-27 13:01:54.878 [DEBUG] [http-nio-8080-exec-9] c.c.security.JwtAuthenticationFilter - Authenticated user: dhruvyelmame6@gmail.com with role: ROLE_STUDENT
2026-08-27 13:01:54.878 [DEBUG] [http-nio-8080-exec-4] o.s.security.web.FilterChainProxy - Secured GET /api/student/profile
2026-08-27 13:01:54.878 [DEBUG] [http-nio-8080-exec-9] o.s.security.web.FilterChainProxy - Secured GET /api/student/results/my-results
2026-08-27 13:01:54.880 [DEBUG] [http-nio-8080-exec-4] org.hibernate.SQL - 
    select
        u1_0.id,
        u1_0.course,
        u1_0.email,
        u1_0.mobile,
        u1_0.name,
        u1_0.password,
        u1_0.percentage,
        u1_0.role 
    from
        users u1_0 
    where
        u1_0.email=?
2026-08-27 13:01:54.880 [DEBUG] [http-nio-8080-exec-9] org.hibernate.SQL - 
    select
        u1_0.id,
        u1_0.course,
        u1_0.email,
        u1_0.mobile,
        u1_0.name,
        u1_0.password,
        u1_0.percentage,
        u1_0.role 
    from
        users u1_0 
    where
        u1_0.email=?
2026-08-27 13:01:54.886 [DEBUG] [http-nio-8080-exec-9] c.career.controller.ResultController - REST: Fetching authenticated results for student ID 2
2026-08-27 13:01:54.886 [DEBUG] [http-nio-8080-exec-9] c.c.service.impl.ResultServiceImpl - Fetching assessment results for student ID: 2
2026-08-27 13:01:54.889 [DEBUG] [http-nio-8080-exec-9] org.hibernate.SQL - 
    select
        ar1_0.id,
        ar1_0.attempt_id,
        ar1_0.category,
        ar1_0.completed_at,
        ar1_0.interest_score,
        ar1_0.knowledge_score,
        ar1_0.career_path_id,
        ar1_0.score,
        ar1_0.student_id 
    from
        assessment_results ar1_0 
    where
        ar1_0.student_id=? 
    order by
        ar1_0.completed_at desc
2026-08-27 13:01:55.582 [DEBUG] [http-nio-8080-exec-5] o.s.security.web.FilterChainProxy - Securing GET /career-paths-student.html
2026-08-27 13:01:55.582 [DEBUG] [http-nio-8080-exec-5] o.s.s.w.a.AnonymousAuthenticationFilter - Set SecurityContextHolder to anonymous SecurityContext
2026-08-27 13:01:55.582 [DEBUG] [http-nio-8080-exec-5] o.s.security.web.FilterChainProxy - Secured GET /career-paths-student.html
2026-08-27 13:01:55.621 [DEBUG] [http-nio-8080-exec-2] o.s.security.web.FilterChainProxy - Securing GET /css/student.css
2026-08-27 13:01:55.623 [DEBUG] [http-nio-8080-exec-2] o.s.s.w.a.AnonymousAuthenticationFilter - Set SecurityContextHolder to anonymous SecurityContext
2026-08-27 13:01:55.623 [DEBUG] [http-nio-8080-exec-7] o.s.security.web.FilterChainProxy - Securing GET /js/app-toast.js
2026-08-27 13:01:55.623 [DEBUG] [http-nio-8080-exec-10] o.s.security.web.FilterChainProxy - Securing GET /js/auth.js
2026-08-27 13:01:55.624 [DEBUG] [http-nio-8080-exec-3] o.s.security.web.FilterChainProxy - Securing GET /js/student-common.js
2026-08-27 13:01:55.624 [DEBUG] [http-nio-8080-exec-7] o.s.s.w.a.AnonymousAuthenticationFilter - Set SecurityContextHolder to anonymous SecurityContext
2026-08-27 13:01:55.624 [DEBUG] [http-nio-8080-exec-10] o.s.s.w.a.AnonymousAuthenticationFilter - Set SecurityContextHolder to anonymous SecurityContext
2026-08-27 13:01:55.625 [DEBUG] [http-nio-8080-exec-2] o.s.security.web.FilterChainProxy - Secured GET /css/student.css
2026-08-27 13:01:55.625 [DEBUG] [http-nio-8080-exec-3] o.s.s.w.a.AnonymousAuthenticationFilter - Set SecurityContextHolder to anonymous SecurityContext
2026-08-27 13:01:55.625 [DEBUG] [http-nio-8080-exec-7] o.s.security.web.FilterChainProxy - Secured GET /js/app-toast.js
2026-08-27 13:01:55.627 [DEBUG] [http-nio-8080-exec-3] o.s.security.web.FilterChainProxy - Secured GET /js/student-common.js
2026-08-27 13:01:55.628 [DEBUG] [http-nio-8080-exec-10] o.s.security.web.FilterChainProxy - Secured GET /js/auth.js
2026-08-27 13:01:55.628 [DEBUG] [http-nio-8080-exec-1] o.s.security.web.FilterChainProxy - Securing GET /js/career-paths-student.js
2026-08-27 13:01:55.629 [DEBUG] [http-nio-8080-exec-1] o.s.s.w.a.AnonymousAuthenticationFilter - Set SecurityContextHolder to anonymous SecurityContext
2026-08-27 13:01:55.629 [DEBUG] [http-nio-8080-exec-1] o.s.security.web.FilterChainProxy - Secured GET /js/career-paths-student.js
2026-08-27 13:01:55.694 [DEBUG] [http-nio-8080-exec-8] o.s.security.web.FilterChainProxy - Securing GET /api/student/profile
2026-08-27 13:01:55.698 [DEBUG] [http-nio-8080-exec-6] o.s.security.web.FilterChainProxy - Securing GET /api/student/career-paths
2026-08-27 13:01:55.711 [DEBUG] [http-nio-8080-exec-8] org.hibernate.SQL - 
    select
        u1_0.id,
        u1_0.course,
        u1_0.email,
        u1_0.mobile,
        u1_0.name,
        u1_0.password,
        u1_0.percentage,
        u1_0.role 
    from
        users u1_0 
    where
        u1_0.email=?
2026-08-27 13:01:55.713 [DEBUG] [http-nio-8080-exec-6] org.hibernate.SQL - 
    select
        u1_0.id,
        u1_0.course,
        u1_0.email,
        u1_0.mobile,
        u1_0.name,
        u1_0.password,
        u1_0.percentage,
        u1_0.role 
    from
        users u1_0 
    where
        u1_0.email=?
2026-08-27 13:01:55.717 [DEBUG] [http-nio-8080-exec-8] c.c.security.JwtAuthenticationFilter - Authenticated user: dhruvyelmame6@gmail.com with role: ROLE_STUDENT
2026-08-27 13:01:55.717 [DEBUG] [http-nio-8080-exec-6] c.c.security.JwtAuthenticationFilter - Authenticated user: dhruvyelmame6@gmail.com with role: ROLE_STUDENT
2026-08-27 13:01:55.719 [DEBUG] [http-nio-8080-exec-8] o.s.security.web.FilterChainProxy - Secured GET /api/student/profile
2026-08-27 13:01:55.719 [DEBUG] [http-nio-8080-exec-6] o.s.security.web.FilterChainProxy - Secured GET /api/student/career-paths
2026-08-27 13:01:55.721 [DEBUG] [http-nio-8080-exec-8] org.hibernate.SQL - 
    select
        u1_0.id,
        u1_0.course,
        u1_0.email,
        u1_0.mobile,
        u1_0.name,
        u1_0.password,
        u1_0.percentage,
        u1_0.role 
    from
        users u1_0 
    where
        u1_0.email=?
2026-08-27 13:01:56.802 [DEBUG] [http-nio-8080-exec-4] o.s.security.web.FilterChainProxy - Securing GET /student-results.html
2026-08-27 13:01:56.802 [DEBUG] [http-nio-8080-exec-4] o.s.s.w.a.AnonymousAuthenticationFilter - Set SecurityContextHolder to anonymous SecurityContext
2026-08-27 13:01:56.802 [DEBUG] [http-nio-8080-exec-4] o.s.security.web.FilterChainProxy - Secured GET /student-results.html
2026-08-27 13:01:56.843 [DEBUG] [http-nio-8080-exec-9] o.s.security.web.FilterChainProxy - Securing GET /css/student.css
2026-08-27 13:01:56.843 [DEBUG] [http-nio-8080-exec-9] o.s.s.w.a.AnonymousAuthenticationFilter - Set SecurityContextHolder to anonymous SecurityContext
2026-08-27 13:01:56.843 [DEBUG] [http-nio-8080-exec-5] o.s.security.web.FilterChainProxy - Securing GET /js/app-toast.js
2026-08-27 13:01:56.843 [DEBUG] [http-nio-8080-exec-9] o.s.security.web.FilterChainProxy - Secured GET /css/student.css
2026-08-27 13:01:56.843 [DEBUG] [http-nio-8080-exec-7] o.s.security.web.FilterChainProxy - Securing GET /js/auth.js
2026-08-27 13:01:56.843 [DEBUG] [http-nio-8080-exec-5] o.s.s.w.a.AnonymousAuthenticationFilter - Set SecurityContextHolder to anonymous SecurityContext
2026-08-27 13:01:56.843 [DEBUG] [http-nio-8080-exec-5] o.s.security.web.FilterChainProxy - Secured GET /js/app-toast.js
2026-08-27 13:01:56.845 [DEBUG] [http-nio-8080-exec-7] o.s.s.w.a.AnonymousAuthenticationFilter - Set SecurityContextHolder to anonymous SecurityContext
2026-08-27 13:01:56.847 [DEBUG] [http-nio-8080-exec-2] o.s.security.web.FilterChainProxy - Securing GET /js/student-common.js
2026-08-27 13:01:56.847 [DEBUG] [http-nio-8080-exec-2] o.s.s.w.a.AnonymousAuthenticationFilter - Set SecurityContextHolder to anonymous SecurityContext
2026-08-27 13:01:56.847 [DEBUG] [http-nio-8080-exec-2] o.s.security.web.FilterChainProxy - Secured GET /js/student-common.js
2026-08-27 13:01:56.845 [DEBUG] [http-nio-8080-exec-7] o.s.security.web.FilterChainProxy - Secured GET /js/auth.js
2026-08-27 13:01:56.853 [DEBUG] [http-nio-8080-exec-3] o.s.security.web.FilterChainProxy - Securing GET /js/student-results.js
2026-08-27 13:01:56.854 [DEBUG] [http-nio-8080-exec-3] o.s.s.w.a.AnonymousAuthenticationFilter - Set SecurityContextHolder to anonymous SecurityContext
2026-08-27 13:01:56.855 [DEBUG] [http-nio-8080-exec-3] o.s.security.web.FilterChainProxy - Secured GET /js/student-results.js
2026-08-27 13:01:56.893 [DEBUG] [http-nio-8080-exec-10] o.s.security.web.FilterChainProxy - Securing GET /api/student/results/my-results
2026-08-27 13:01:56.891 [DEBUG] [http-nio-8080-exec-1] o.s.security.web.FilterChainProxy - Securing GET /api/student/profile
2026-08-27 13:01:56.903 [DEBUG] [http-nio-8080-exec-10] org.hibernate.SQL - 
    select
        u1_0.id,
        u1_0.course,
        u1_0.email,
        u1_0.mobile,
        u1_0.name,
        u1_0.password,
        u1_0.percentage,
        u1_0.role 
    from
        users u1_0 
    where
        u1_0.email=?
2026-08-27 13:01:56.904 [DEBUG] [http-nio-8080-exec-1] org.hibernate.SQL - 
    select
        u1_0.id,
        u1_0.course,
        u1_0.email,
        u1_0.mobile,
        u1_0.name,
        u1_0.password,
        u1_0.percentage,
        u1_0.role 
    from
        users u1_0 
    where
        u1_0.email=?
2026-08-27 13:01:56.909 [DEBUG] [http-nio-8080-exec-10] c.c.security.JwtAuthenticationFilter - Authenticated user: dhruvyelmame6@gmail.com with role: ROLE_STUDENT
2026-08-27 13:01:56.909 [DEBUG] [http-nio-8080-exec-10] o.s.security.web.FilterChainProxy - Secured GET /api/student/results/my-results
2026-08-27 13:01:56.912 [DEBUG] [http-nio-8080-exec-1] c.c.security.JwtAuthenticationFilter - Authenticated user: dhruvyelmame6@gmail.com with role: ROLE_STUDENT
2026-08-27 13:01:56.912 [DEBUG] [http-nio-8080-exec-1] o.s.security.web.FilterChainProxy - Secured GET /api/student/profile
2026-08-27 13:01:56.915 [DEBUG] [http-nio-8080-exec-10] org.hibernate.SQL - 
    select
        u1_0.id,
        u1_0.course,
        u1_0.email,
        u1_0.mobile,
        u1_0.name,
        u1_0.password,
        u1_0.percentage,
        u1_0.role 
    from
        users u1_0 
    where
        u1_0.email=?
2026-08-27 13:01:56.915 [DEBUG] [http-nio-8080-exec-1] org.hibernate.SQL - 
    select
        u1_0.id,
        u1_0.course,
        u1_0.email,
        u1_0.mobile,
        u1_0.name,
        u1_0.password,
        u1_0.percentage,
        u1_0.role 
    from
        users u1_0 
    where
        u1_0.email=?
2026-08-27 13:01:56.919 [DEBUG] [http-nio-8080-exec-10] c.career.controller.ResultController - REST: Fetching authenticated results for student ID 2
2026-08-27 13:01:56.919 [DEBUG] [http-nio-8080-exec-10] c.c.service.impl.ResultServiceImpl - Fetching assessment results for student ID: 2
2026-08-27 13:01:56.921 [DEBUG] [http-nio-8080-exec-10] org.hibernate.SQL - 
    select
        ar1_0.id,
        ar1_0.attempt_id,
        ar1_0.category,
        ar1_0.completed_at,
        ar1_0.interest_score,
        ar1_0.knowledge_score,
        ar1_0.career_path_id,
        ar1_0.score,
        ar1_0.student_id 
    from
        assessment_results ar1_0 
    where
        ar1_0.student_id=? 
    order by
        ar1_0.completed_at desc
2026-08-27 13:01:59.090 [DEBUG] [http-nio-8080-exec-6] o.s.security.web.FilterChainProxy - Securing GET /available-tests.html
2026-08-27 13:01:59.090 [DEBUG] [http-nio-8080-exec-6] o.s.s.w.a.AnonymousAuthenticationFilter - Set SecurityContextHolder to anonymous SecurityContext
2026-08-27 13:01:59.090 [DEBUG] [http-nio-8080-exec-6] o.s.security.web.FilterChainProxy - Secured GET /available-tests.html
2026-08-27 13:01:59.134 [DEBUG] [http-nio-8080-exec-8] o.s.security.web.FilterChainProxy - Securing GET /css/student.css
2026-08-27 13:01:59.134 [DEBUG] [http-nio-8080-exec-8] o.s.s.w.a.AnonymousAuthenticationFilter - Set SecurityContextHolder to anonymous SecurityContext
2026-08-27 13:01:59.135 [DEBUG] [http-nio-8080-exec-8] o.s.security.web.FilterChainProxy - Secured GET /css/student.css
2026-08-27 13:01:59.135 [DEBUG] [http-nio-8080-exec-4] o.s.security.web.FilterChainProxy - Securing GET /js/app-toast.js
2026-08-27 13:01:59.135 [DEBUG] [http-nio-8080-exec-4] o.s.s.w.a.AnonymousAuthenticationFilter - Set SecurityContextHolder to anonymous SecurityContext
2026-08-27 13:01:59.135 [DEBUG] [http-nio-8080-exec-4] o.s.security.web.FilterChainProxy - Secured GET /js/app-toast.js
2026-08-27 13:01:59.139 [DEBUG] [http-nio-8080-exec-5] o.s.security.web.FilterChainProxy - Securing GET /js/student-common.js
2026-08-27 13:01:59.140 [DEBUG] [http-nio-8080-exec-2] o.s.security.web.FilterChainProxy - Securing GET /js/available-tests.js
2026-08-27 13:01:59.141 [DEBUG] [http-nio-8080-exec-2] o.s.s.w.a.AnonymousAuthenticationFilter - Set SecurityContextHolder to anonymous SecurityContext
2026-08-27 13:01:59.141 [DEBUG] [http-nio-8080-exec-2] o.s.security.web.FilterChainProxy - Secured GET /js/available-tests.js
2026-08-27 13:01:59.141 [DEBUG] [http-nio-8080-exec-9] o.s.security.web.FilterChainProxy - Securing GET /js/auth.js
2026-08-27 13:01:59.142 [DEBUG] [http-nio-8080-exec-5] o.s.s.w.a.AnonymousAuthenticationFilter - Set SecurityContextHolder to anonymous SecurityContext
2026-08-27 13:01:59.142 [DEBUG] [http-nio-8080-exec-5] o.s.security.web.FilterChainProxy - Secured GET /js/student-common.js
2026-08-27 13:01:59.143 [DEBUG] [http-nio-8080-exec-9] o.s.s.w.a.AnonymousAuthenticationFilter - Set SecurityContextHolder to anonymous SecurityContext
2026-08-27 13:01:59.143 [DEBUG] [http-nio-8080-exec-9] o.s.security.web.FilterChainProxy - Secured GET /js/auth.js
2026-08-27 13:01:59.177 [DEBUG] [http-nio-8080-exec-7] o.s.security.web.FilterChainProxy - Securing GET /api/student/profile
2026-08-27 13:01:59.181 [DEBUG] [http-nio-8080-exec-3] o.s.security.web.FilterChainProxy - Securing GET /api/student/tests
2026-08-27 13:01:59.181 [DEBUG] [http-nio-8080-exec-1] o.s.security.web.FilterChainProxy - Securing GET /api/student/tests/my-attempts
2026-08-27 13:01:59.181 [DEBUG] [http-nio-8080-exec-10] o.s.security.web.FilterChainProxy - Securing GET /api/student/results/my-results
2026-08-27 13:01:59.185 [DEBUG] [http-nio-8080-exec-7] org.hibernate.SQL - 
    select
        u1_0.id,
        u1_0.course,
        u1_0.email,
        u1_0.mobile,
        u1_0.name,
        u1_0.password,
        u1_0.percentage,
        u1_0.role 
    from
        users u1_0 
    where
        u1_0.email=?
2026-08-27 13:01:59.189 [DEBUG] [http-nio-8080-exec-3] org.hibernate.SQL - 
    select
        u1_0.id,
        u1_0.course,
        u1_0.email,
        u1_0.mobile,
        u1_0.name,
        u1_0.password,
        u1_0.percentage,
        u1_0.role 
    from
        users u1_0 
    where
        u1_0.email=?
2026-08-27 13:01:59.192 [DEBUG] [http-nio-8080-exec-7] c.c.security.JwtAuthenticationFilter - Authenticated user: dhruvyelmame6@gmail.com with role: ROLE_STUDENT
2026-08-27 13:01:59.192 [DEBUG] [http-nio-8080-exec-7] o.s.security.web.FilterChainProxy - Secured GET /api/student/profile
2026-08-27 13:01:59.194 [DEBUG] [http-nio-8080-exec-1] org.hibernate.SQL - 
    select
        u1_0.id,
        u1_0.course,
        u1_0.email,
        u1_0.mobile,
        u1_0.name,
        u1_0.password,
        u1_0.percentage,
        u1_0.role 
    from
        users u1_0 
    where
        u1_0.email=?
2026-08-27 13:01:59.196 [DEBUG] [http-nio-8080-exec-10] org.hibernate.SQL - 
    select
        u1_0.id,
        u1_0.course,
        u1_0.email,
        u1_0.mobile,
        u1_0.name,
        u1_0.password,
        u1_0.percentage,
        u1_0.role 
    from
        users u1_0 
    where
        u1_0.email=?
2026-08-27 13:01:59.198 [DEBUG] [http-nio-8080-exec-3] c.c.security.JwtAuthenticationFilter - Authenticated user: dhruvyelmame6@gmail.com with role: ROLE_STUDENT
2026-08-27 13:01:59.198 [DEBUG] [http-nio-8080-exec-3] o.s.security.web.FilterChainProxy - Secured GET /api/student/tests
2026-08-27 13:01:59.200 [DEBUG] [http-nio-8080-exec-7] org.hibernate.SQL - 
    select
        u1_0.id,
        u1_0.course,
        u1_0.email,
        u1_0.mobile,
        u1_0.name,
        u1_0.password,
        u1_0.percentage,
        u1_0.role 
    from
        users u1_0 
    where
        u1_0.email=?
2026-08-27 13:01:59.200 [DEBUG] [http-nio-8080-exec-10] c.c.security.JwtAuthenticationFilter - Authenticated user: dhruvyelmame6@gmail.com with role: ROLE_STUDENT
2026-08-27 13:01:59.200 [DEBUG] [http-nio-8080-exec-10] o.s.security.web.FilterChainProxy - Secured GET /api/student/results/my-results
2026-08-27 13:01:59.200 [DEBUG] [http-nio-8080-exec-1] c.c.security.JwtAuthenticationFilter - Authenticated user: dhruvyelmame6@gmail.com with role: ROLE_STUDENT
2026-08-27 13:01:59.204 [DEBUG] [http-nio-8080-exec-1] o.s.security.web.FilterChainProxy - Secured GET /api/student/tests/my-attempts
2026-08-27 13:01:59.207 [DEBUG] [http-nio-8080-exec-10] org.hibernate.SQL - 
    select
        u1_0.id,
        u1_0.course,
        u1_0.email,
        u1_0.mobile,
        u1_0.name,
        u1_0.password,
        u1_0.percentage,
        u1_0.role 
    from
        users u1_0 
    where
        u1_0.email=?
2026-08-27 13:01:59.207 [DEBUG] [http-nio-8080-exec-1] org.hibernate.SQL - 
    select
        u1_0.id,
        u1_0.course,
        u1_0.email,
        u1_0.mobile,
        u1_0.name,
        u1_0.password,
        u1_0.percentage,
        u1_0.role 
    from
        users u1_0 
    where
        u1_0.email=?
2026-08-27 13:01:59.211 [DEBUG] [http-nio-8080-exec-10] c.career.controller.ResultController - REST: Fetching authenticated results for student ID 2
2026-08-27 13:01:59.211 [DEBUG] [http-nio-8080-exec-10] c.c.service.impl.ResultServiceImpl - Fetching assessment results for student ID: 2
2026-08-27 13:01:59.211 [DEBUG] [http-nio-8080-exec-1] org.hibernate.SQL - 
    select
        ta1_0.id,
        ta1_0.score,
        ta1_0.started_at,
        ta1_0.status,
        ta1_0.student_id,
        ta1_0.submitted_at,
        ta1_0.test_id 
    from
        test_attempts ta1_0 
    where
        ta1_0.student_id=? 
    order by
        ta1_0.started_at desc
2026-08-27 13:01:59.211 [DEBUG] [http-nio-8080-exec-10] org.hibernate.SQL - 
    select
        ar1_0.id,
        ar1_0.attempt_id,
        ar1_0.category,
        ar1_0.completed_at,
        ar1_0.interest_score,
        ar1_0.knowledge_score,
        ar1_0.career_path_id,
        ar1_0.score,
        ar1_0.student_id 
    from
        assessment_results ar1_0 
    where
        ar1_0.student_id=? 
    order by
        ar1_0.completed_at desc
2026-08-27 13:02:02.023 [DEBUG] [http-nio-8080-exec-6] o.s.security.web.FilterChainProxy - Securing GET /student-dashboard.html
2026-08-27 13:02:02.023 [DEBUG] [http-nio-8080-exec-6] o.s.s.w.a.AnonymousAuthenticationFilter - Set SecurityContextHolder to anonymous SecurityContext
2026-08-27 13:02:02.023 [DEBUG] [http-nio-8080-exec-6] o.s.security.web.FilterChainProxy - Secured GET /student-dashboard.html
2026-08-27 13:02:02.063 [DEBUG] [http-nio-8080-exec-8] o.s.security.web.FilterChainProxy - Securing GET /css/student.css
2026-08-27 13:02:02.063 [DEBUG] [http-nio-8080-exec-8] o.s.s.w.a.AnonymousAuthenticationFilter - Set SecurityContextHolder to anonymous SecurityContext
2026-08-27 13:02:02.063 [DEBUG] [http-nio-8080-exec-8] o.s.security.web.FilterChainProxy - Secured GET /css/student.css
2026-08-27 13:02:02.065 [DEBUG] [http-nio-8080-exec-2] o.s.security.web.FilterChainProxy - Securing GET /js/app-toast.js
2026-08-27 13:02:02.067 [DEBUG] [http-nio-8080-exec-5] o.s.security.web.FilterChainProxy - Securing GET /js/student-common.js
2026-08-27 13:02:02.067 [DEBUG] [http-nio-8080-exec-5] o.s.s.w.a.AnonymousAuthenticationFilter - Set SecurityContextHolder to anonymous SecurityContext
2026-08-27 13:02:02.067 [DEBUG] [http-nio-8080-exec-2] o.s.s.w.a.AnonymousAuthenticationFilter - Set SecurityContextHolder to anonymous SecurityContext
2026-08-27 13:02:02.067 [DEBUG] [http-nio-8080-exec-5] o.s.security.web.FilterChainProxy - Secured GET /js/student-common.js
2026-08-27 13:02:02.067 [DEBUG] [http-nio-8080-exec-2] o.s.security.web.FilterChainProxy - Secured GET /js/app-toast.js
2026-08-27 13:02:02.067 [DEBUG] [http-nio-8080-exec-9] o.s.security.web.FilterChainProxy - Securing GET /js/student-dashboard.js
2026-08-27 13:02:02.069 [DEBUG] [http-nio-8080-exec-9] o.s.s.w.a.AnonymousAuthenticationFilter - Set SecurityContextHolder to anonymous SecurityContext
2026-08-27 13:02:02.069 [DEBUG] [http-nio-8080-exec-4] o.s.security.web.FilterChainProxy - Securing GET /js/auth.js
2026-08-27 13:02:02.070 [DEBUG] [http-nio-8080-exec-9] o.s.security.web.FilterChainProxy - Secured GET /js/student-dashboard.js
2026-08-27 13:02:02.070 [DEBUG] [http-nio-8080-exec-4] o.s.s.w.a.AnonymousAuthenticationFilter - Set SecurityContextHolder to anonymous SecurityContext
2026-08-27 13:02:02.070 [DEBUG] [http-nio-8080-exec-4] o.s.security.web.FilterChainProxy - Secured GET /js/auth.js
2026-08-27 13:02:02.153 [DEBUG] [http-nio-8080-exec-3] o.s.security.web.FilterChainProxy - Securing GET /api/student/profile
2026-08-27 13:02:02.164 [DEBUG] [http-nio-8080-exec-3] org.hibernate.SQL - 
    select
        u1_0.id,
        u1_0.course,
        u1_0.email,
        u1_0.mobile,
        u1_0.name,
        u1_0.password,
        u1_0.percentage,
        u1_0.role 
    from
        users u1_0 
    where
        u1_0.email=?
2026-08-27 13:02:02.175 [DEBUG] [http-nio-8080-exec-3] c.c.security.JwtAuthenticationFilter - Authenticated user: dhruvyelmame6@gmail.com with role: ROLE_STUDENT
2026-08-27 13:02:02.176 [DEBUG] [http-nio-8080-exec-3] o.s.security.web.FilterChainProxy - Secured GET /api/student/profile
2026-08-27 13:02:02.178 [DEBUG] [http-nio-8080-exec-3] org.hibernate.SQL - 
    select
        u1_0.id,
        u1_0.course,
        u1_0.email,
        u1_0.mobile,
        u1_0.name,
        u1_0.password,
        u1_0.percentage,
        u1_0.role 
    from
        users u1_0 
    where
        u1_0.email=?
2026-08-27 13:02:02.189 [DEBUG] [http-nio-8080-exec-7] o.s.security.web.FilterChainProxy - Securing GET /api/student/profile
2026-08-27 13:02:02.189 [DEBUG] [http-nio-8080-exec-7] org.hibernate.SQL - 
    select
        u1_0.id,
        u1_0.course,
        u1_0.email,
        u1_0.mobile,
        u1_0.name,
        u1_0.password,
        u1_0.percentage,
        u1_0.role 
    from
        users u1_0 
    where
        u1_0.email=?
2026-08-27 13:02:02.203 [DEBUG] [http-nio-8080-exec-7] c.c.security.JwtAuthenticationFilter - Authenticated user: dhruvyelmame6@gmail.com with role: ROLE_STUDENT
2026-08-27 13:02:02.205 [DEBUG] [http-nio-8080-exec-7] o.s.security.web.FilterChainProxy - Secured GET /api/student/profile
2026-08-27 13:02:02.207 [DEBUG] [http-nio-8080-exec-7] org.hibernate.SQL - 
    select
        u1_0.id,
        u1_0.course,
        u1_0.email,
        u1_0.mobile,
        u1_0.name,
        u1_0.password,
        u1_0.percentage,
        u1_0.role 
    from
        users u1_0 
    where
        u1_0.email=?
2026-08-27 13:02:02.224 [DEBUG] [http-nio-8080-exec-1] o.s.security.web.FilterChainProxy - Securing GET /api/student/stats?studentId=2
2026-08-27 13:02:02.224 [DEBUG] [http-nio-8080-exec-10] o.s.security.web.FilterChainProxy - Securing GET /api/student/tests
2026-08-27 13:02:02.224 [DEBUG] [http-nio-8080-exec-6] o.s.security.web.FilterChainProxy - Securing GET /api/student/tests/my-attempts
2026-08-27 13:02:02.227 [DEBUG] [http-nio-8080-exec-2] o.s.security.web.FilterChainProxy - Securing GET /api/student/results/my-results
2026-08-27 13:02:02.238 [DEBUG] [http-nio-8080-exec-6] org.hibernate.SQL - 
    select
        u1_0.id,
        u1_0.course,
        u1_0.email,
        u1_0.mobile,
        u1_0.name,
        u1_0.password,
        u1_0.percentage,
        u1_0.role 
    from
        users u1_0 
    where
        u1_0.email=?
2026-08-27 13:02:02.241 [DEBUG] [http-nio-8080-exec-10] org.hibernate.SQL - 
    select
        u1_0.id,
        u1_0.course,
        u1_0.email,
        u1_0.mobile,
        u1_0.name,
        u1_0.password,
        u1_0.percentage,
        u1_0.role 
    from
        users u1_0 
    where
        u1_0.email=?
2026-08-27 13:02:02.244 [DEBUG] [http-nio-8080-exec-6] c.c.security.JwtAuthenticationFilter - Authenticated user: dhruvyelmame6@gmail.com with role: ROLE_STUDENT
2026-08-27 13:02:02.246 [DEBUG] [http-nio-8080-exec-6] o.s.security.web.FilterChainProxy - Secured GET /api/student/tests/my-attempts
2026-08-27 13:02:02.249 [DEBUG] [http-nio-8080-exec-6] org.hibernate.SQL - 
    select
        u1_0.id,
        u1_0.course,
        u1_0.email,
        u1_0.mobile,
        u1_0.name,
        u1_0.password,
        u1_0.percentage,
        u1_0.role 
    from
        users u1_0 
    where
        u1_0.email=?
2026-08-27 13:02:02.249 [DEBUG] [http-nio-8080-exec-2] org.hibernate.SQL - 
    select
        u1_0.id,
        u1_0.course,
        u1_0.email,
        u1_0.mobile,
        u1_0.name,
        u1_0.password,
        u1_0.percentage,
        u1_0.role 
    from
        users u1_0 
    where
        u1_0.email=?
2026-08-27 13:02:02.251 [DEBUG] [http-nio-8080-exec-10] c.c.security.JwtAuthenticationFilter - Authenticated user: dhruvyelmame6@gmail.com with role: ROLE_STUDENT
2026-08-27 13:02:02.253 [DEBUG] [http-nio-8080-exec-10] o.s.security.web.FilterChainProxy - Secured GET /api/student/tests
2026-08-27 13:02:02.253 [DEBUG] [http-nio-8080-exec-1] org.hibernate.SQL - 
    select
        u1_0.id,
        u1_0.course,
        u1_0.email,
        u1_0.mobile,
        u1_0.name,
        u1_0.password,
        u1_0.percentage,
        u1_0.role 
    from
        users u1_0 
    where
        u1_0.email=?
2026-08-27 13:02:02.258 [DEBUG] [http-nio-8080-exec-2] c.c.security.JwtAuthenticationFilter - Authenticated user: dhruvyelmame6@gmail.com with role: ROLE_STUDENT
2026-08-27 13:02:02.258 [DEBUG] [http-nio-8080-exec-2] o.s.security.web.FilterChainProxy - Secured GET /api/student/results/my-results
2026-08-27 13:02:02.258 [DEBUG] [http-nio-8080-exec-1] c.c.security.JwtAuthenticationFilter - Authenticated user: dhruvyelmame6@gmail.com with role: ROLE_STUDENT
2026-08-27 13:02:02.260 [DEBUG] [http-nio-8080-exec-1] o.s.security.web.FilterChainProxy - Secured GET /api/student/stats?studentId=2
2026-08-27 13:02:02.260 [DEBUG] [http-nio-8080-exec-6] org.hibernate.SQL - 
    select
        ta1_0.id,
        ta1_0.score,
        ta1_0.started_at,
        ta1_0.status,
        ta1_0.student_id,
        ta1_0.submitted_at,
        ta1_0.test_id 
    from
        test_attempts ta1_0 
    where
        ta1_0.student_id=? 
    order by
        ta1_0.started_at desc
2026-08-27 13:02:02.262 [DEBUG] [http-nio-8080-exec-1] org.hibernate.SQL - 
    select
        count(t1_0.id) 
    from
        tests t1_0 
    where
        t1_0.active=true
2026-08-27 13:02:02.262 [DEBUG] [http-nio-8080-exec-2] org.hibernate.SQL - 
    select
        u1_0.id,
        u1_0.course,
        u1_0.email,
        u1_0.mobile,
        u1_0.name,
        u1_0.password,
        u1_0.percentage,
        u1_0.role 
    from
        users u1_0 
    where
        u1_0.email=?
2026-08-27 13:02:02.266 [DEBUG] [http-nio-8080-exec-2] c.career.controller.ResultController - REST: Fetching authenticated results for student ID 2
2026-08-27 13:02:02.266 [DEBUG] [http-nio-8080-exec-1] org.hibernate.SQL - 
    select
        count(ta1_0.id) 
    from
        test_attempts ta1_0 
    where
        ta1_0.student_id=?
2026-08-27 13:02:02.266 [DEBUG] [http-nio-8080-exec-2] c.c.service.impl.ResultServiceImpl - Fetching assessment results for student ID: 2
2026-08-27 13:02:02.268 [DEBUG] [http-nio-8080-exec-2] org.hibernate.SQL - 
    select
        ar1_0.id,
        ar1_0.attempt_id,
        ar1_0.category,
        ar1_0.completed_at,
        ar1_0.interest_score,
        ar1_0.knowledge_score,
        ar1_0.career_path_id,
        ar1_0.score,
        ar1_0.student_id 
    from
        assessment_results ar1_0 
    where
        ar1_0.student_id=? 
    order by
        ar1_0.completed_at desc
2026-08-27 13:02:02.271 [DEBUG] [http-nio-8080-exec-1] org.hibernate.SQL - 
    select
        count(ta1_0.id) 
    from
        test_attempts ta1_0 
    where
        ta1_0.student_id=? 
        and ta1_0.status=?
2026-08-27 13:02:03.235 [DEBUG] [http-nio-8080-exec-8] o.s.security.web.FilterChainProxy - Securing GET /student-profile.html
2026-08-27 13:02:03.235 [DEBUG] [http-nio-8080-exec-8] o.s.s.w.a.AnonymousAuthenticationFilter - Set SecurityContextHolder to anonymous SecurityContext
2026-08-27 13:02:03.242 [DEBUG] [http-nio-8080-exec-8] o.s.security.web.FilterChainProxy - Secured GET /student-profile.html
2026-08-27 13:02:03.278 [DEBUG] [http-nio-8080-exec-9] o.s.security.web.FilterChainProxy - Securing GET /css/student.css
2026-08-27 13:02:03.281 [DEBUG] [http-nio-8080-exec-5] o.s.security.web.FilterChainProxy - Securing GET /js/app-toast.js
2026-08-27 13:02:03.281 [DEBUG] [http-nio-8080-exec-4] o.s.security.web.FilterChainProxy - Securing GET /js/auth.js
2026-08-27 13:02:03.282 [DEBUG] [http-nio-8080-exec-5] o.s.s.w.a.AnonymousAuthenticationFilter - Set SecurityContextHolder to anonymous SecurityContext
2026-08-27 13:02:03.282 [DEBUG] [http-nio-8080-exec-3] o.s.security.web.FilterChainProxy - Securing GET /js/student-common.js
2026-08-27 13:02:03.282 [DEBUG] [http-nio-8080-exec-5] o.s.security.web.FilterChainProxy - Secured GET /js/app-toast.js
2026-08-27 13:02:03.282 [DEBUG] [http-nio-8080-exec-3] o.s.s.w.a.AnonymousAuthenticationFilter - Set SecurityContextHolder to anonymous SecurityContext
2026-08-27 13:02:03.282 [DEBUG] [http-nio-8080-exec-3] o.s.security.web.FilterChainProxy - Secured GET /js/student-common.js
2026-08-27 13:02:03.282 [DEBUG] [http-nio-8080-exec-7] o.s.security.web.FilterChainProxy - Securing GET /js/student-profile.js
2026-08-27 13:02:03.280 [DEBUG] [http-nio-8080-exec-9] o.s.s.w.a.AnonymousAuthenticationFilter - Set SecurityContextHolder to anonymous SecurityContext
2026-08-27 13:02:03.282 [DEBUG] [http-nio-8080-exec-4] o.s.s.w.a.AnonymousAuthenticationFilter - Set SecurityContextHolder to anonymous SecurityContext
2026-08-27 13:02:03.282 [DEBUG] [http-nio-8080-exec-7] o.s.s.w.a.AnonymousAuthenticationFilter - Set SecurityContextHolder to anonymous SecurityContext
2026-08-27 13:02:03.284 [DEBUG] [http-nio-8080-exec-9] o.s.security.web.FilterChainProxy - Secured GET /css/student.css
2026-08-27 13:02:03.284 [DEBUG] [http-nio-8080-exec-4] o.s.security.web.FilterChainProxy - Secured GET /js/auth.js
2026-08-27 13:02:03.284 [DEBUG] [http-nio-8080-exec-7] o.s.security.web.FilterChainProxy - Secured GET /js/student-profile.js
2026-08-27 13:02:03.321 [DEBUG] [http-nio-8080-exec-10] o.s.security.web.FilterChainProxy - Securing GET /api/student/profile
2026-08-27 13:02:03.328 [DEBUG] [http-nio-8080-exec-10] org.hibernate.SQL - 
    select
        u1_0.id,
        u1_0.course,
        u1_0.email,
        u1_0.mobile,
        u1_0.name,
        u1_0.password,
        u1_0.percentage,
        u1_0.role 
    from
        users u1_0 
    where
        u1_0.email=?
2026-08-27 13:02:03.335 [DEBUG] [http-nio-8080-exec-10] c.c.security.JwtAuthenticationFilter - Authenticated user: dhruvyelmame6@gmail.com with role: ROLE_STUDENT
2026-08-27 13:02:03.336 [DEBUG] [http-nio-8080-exec-10] o.s.security.web.FilterChainProxy - Secured GET /api/student/profile
2026-08-27 13:02:03.338 [DEBUG] [http-nio-8080-exec-10] org.hibernate.SQL - 
    select
        u1_0.id,
        u1_0.course,
        u1_0.email,
        u1_0.mobile,
        u1_0.name,
        u1_0.password,
        u1_0.percentage,
        u1_0.role 
    from
        users u1_0 
    where
        u1_0.email=?
2026-08-27 13:02:03.344 [DEBUG] [http-nio-8080-exec-6] o.s.security.web.FilterChainProxy - Securing GET /api/student/profile
2026-08-27 13:02:03.353 [DEBUG] [http-nio-8080-exec-6] org.hibernate.SQL - 
    select
        u1_0.id,
        u1_0.course,
        u1_0.email,
        u1_0.mobile,
        u1_0.name,
        u1_0.password,
        u1_0.percentage,
        u1_0.role 
    from
        users u1_0 
    where
        u1_0.email=?
2026-08-27 13:02:03.355 [DEBUG] [http-nio-8080-exec-6] c.c.security.JwtAuthenticationFilter - Authenticated user: dhruvyelmame6@gmail.com with role: ROLE_STUDENT
2026-08-27 13:02:03.355 [DEBUG] [http-nio-8080-exec-6] o.s.security.web.FilterChainProxy - Secured GET /api/student/profile
2026-08-27 13:02:03.359 [DEBUG] [http-nio-8080-exec-6] org.hibernate.SQL - 
    select
        u1_0.id,
        u1_0.course,
        u1_0.email,
        u1_0.mobile,
        u1_0.name,
        u1_0.password,
        u1_0.percentage,
        u1_0.role 
    from
        users u1_0 
    where
        u1_0.email=?
2026-08-27 13:02:18.445 [DEBUG] [http-nio-8080-exec-1] o.s.security.web.FilterChainProxy - Securing GET /student-login.html
2026-08-27 13:02:18.446 [DEBUG] [http-nio-8080-exec-1] o.s.s.w.a.AnonymousAuthenticationFilter - Set SecurityContextHolder to anonymous SecurityContext
2026-08-27 13:02:18.446 [DEBUG] [http-nio-8080-exec-1] o.s.security.web.FilterChainProxy - Secured GET /student-login.html
2026-08-27 13:02:18.456 [DEBUG] [http-nio-8080-exec-8] o.s.security.web.FilterChainProxy - Securing GET /student-login.html
2026-08-27 13:02:18.456 [DEBUG] [http-nio-8080-exec-8] o.s.s.w.a.AnonymousAuthenticationFilter - Set SecurityContextHolder to anonymous SecurityContext
2026-08-27 13:02:18.456 [DEBUG] [http-nio-8080-exec-8] o.s.security.web.FilterChainProxy - Secured GET /student-login.html
2026-08-27 13:02:18.471 [DEBUG] [http-nio-8080-exec-3] o.s.security.web.FilterChainProxy - Securing GET /student-login.html
2026-08-27 13:02:18.471 [DEBUG] [http-nio-8080-exec-3] o.s.s.w.a.AnonymousAuthenticationFilter - Set SecurityContextHolder to anonymous SecurityContext
2026-08-27 13:02:18.471 [DEBUG] [http-nio-8080-exec-3] o.s.security.web.FilterChainProxy - Secured GET /student-login.html
2026-08-27 13:02:18.509 [DEBUG] [http-nio-8080-exec-9] o.s.security.web.FilterChainProxy - Securing GET /css/student-auth.css
2026-08-27 13:02:18.509 [DEBUG] [http-nio-8080-exec-9] o.s.s.w.a.AnonymousAuthenticationFilter - Set SecurityContextHolder to anonymous SecurityContext
2026-08-27 13:02:18.510 [DEBUG] [http-nio-8080-exec-9] o.s.security.web.FilterChainProxy - Secured GET /css/student-auth.css
2026-08-27 13:02:18.512 [DEBUG] [http-nio-8080-exec-5] o.s.security.web.FilterChainProxy - Securing GET /js/app-toast.js
2026-08-27 13:02:18.512 [DEBUG] [http-nio-8080-exec-5] o.s.s.w.a.AnonymousAuthenticationFilter - Set SecurityContextHolder to anonymous SecurityContext
2026-08-27 13:02:18.513 [DEBUG] [http-nio-8080-exec-5] o.s.security.web.FilterChainProxy - Secured GET /js/app-toast.js
2026-08-27 13:02:18.514 [DEBUG] [http-nio-8080-exec-4] o.s.security.web.FilterChainProxy - Securing GET /js/auth.js
2026-08-27 13:02:18.514 [DEBUG] [http-nio-8080-exec-4] o.s.s.w.a.AnonymousAuthenticationFilter - Set SecurityContextHolder to anonymous SecurityContext
2026-08-27 13:02:18.516 [DEBUG] [http-nio-8080-exec-4] o.s.security.web.FilterChainProxy - Secured GET /js/auth.js
2026-08-27 13:04:55.095 [DEBUG] [http-nio-8080-exec-1] o.s.security.web.FilterChainProxy - Securing GET /student-login.html
2026-08-27 13:04:55.097 [DEBUG] [http-nio-8080-exec-1] o.s.s.w.a.AnonymousAuthenticationFilter - Set SecurityContextHolder to anonymous SecurityContext
2026-08-27 13:04:55.097 [DEBUG] [http-nio-8080-exec-1] o.s.security.web.FilterChainProxy - Secured GET /student-login.html
2026-08-27 13:04:55.157 [DEBUG] [http-nio-8080-exec-8] o.s.security.web.FilterChainProxy - Securing GET /css/student-auth.css
2026-08-27 13:04:55.157 [DEBUG] [http-nio-8080-exec-8] o.s.s.w.a.AnonymousAuthenticationFilter - Set SecurityContextHolder to anonymous SecurityContext
2026-08-27 13:04:55.157 [DEBUG] [http-nio-8080-exec-8] o.s.security.web.FilterChainProxy - Secured GET /css/student-auth.css
2026-08-27 13:04:55.178 [DEBUG] [http-nio-8080-exec-3] o.s.security.web.FilterChainProxy - Securing GET /js/app-toast.js
2026-08-27 13:04:55.179 [DEBUG] [http-nio-8080-exec-3] o.s.s.w.a.AnonymousAuthenticationFilter - Set SecurityContextHolder to anonymous SecurityContext
2026-08-27 13:04:55.179 [DEBUG] [http-nio-8080-exec-3] o.s.security.web.FilterChainProxy - Secured GET /js/app-toast.js
2026-08-27 13:04:55.197 [DEBUG] [http-nio-8080-exec-5] o.s.security.web.FilterChainProxy - Securing GET /js/auth.js
2026-08-27 13:04:55.197 [DEBUG] [http-nio-8080-exec-5] o.s.s.w.a.AnonymousAuthenticationFilter - Set SecurityContextHolder to anonymous SecurityContext
2026-08-27 13:04:55.199 [DEBUG] [http-nio-8080-exec-5] o.s.security.web.FilterChainProxy - Secured GET /js/auth.js
2026-08-27 13:04:56.656 [DEBUG] [http-nio-8080-exec-9] o.s.security.web.FilterChainProxy - Securing POST /api/auth/login
2026-08-27 13:04:56.656 [DEBUG] [http-nio-8080-exec-9] o.s.s.w.a.AnonymousAuthenticationFilter - Set SecurityContextHolder to anonymous SecurityContext
2026-08-27 13:04:56.656 [DEBUG] [http-nio-8080-exec-9] o.s.security.web.FilterChainProxy - Secured POST /api/auth/login
2026-08-27 13:04:56.656 [INFO ] [http-nio-8080-exec-9] c.career.controller.AuthController - REST: Student login request for email dhruvyelmame6@gmail.com
2026-08-27 13:04:56.656 [DEBUG] [http-nio-8080-exec-9] c.c.service.impl.AuthServiceImpl - Authenticating student: dhruvyelmame6@gmail.com
2026-08-27 13:04:56.662 [DEBUG] [http-nio-8080-exec-9] org.hibernate.SQL - 
    select
        u1_0.id,
        u1_0.course,
        u1_0.email,
        u1_0.mobile,
        u1_0.name,
        u1_0.password,
        u1_0.percentage,
        u1_0.role 
    from
        users u1_0 
    where
        u1_0.email=?
2026-08-27 13:04:56.908 [INFO ] [http-nio-8080-exec-9] c.c.service.impl.AuthServiceImpl - Student dhruvyelmame6@gmail.com logged in successfully
2026-08-27 13:04:56.908 [DEBUG] [http-nio-8080-exec-9] com.career.security.JwtService - Generating JWT token for email: dhruvyelmame6@gmail.com with role: STUDENT
2026-08-27 13:04:57.343 [DEBUG] [http-nio-8080-exec-4] o.s.security.web.FilterChainProxy - Securing GET /student-dashboard.html
2026-08-27 13:04:57.345 [DEBUG] [http-nio-8080-exec-4] o.s.s.w.a.AnonymousAuthenticationFilter - Set SecurityContextHolder to anonymous SecurityContext
2026-08-27 13:04:57.345 [DEBUG] [http-nio-8080-exec-4] o.s.security.web.FilterChainProxy - Secured GET /student-dashboard.html
2026-08-27 13:04:57.370 [DEBUG] [http-nio-8080-exec-7] o.s.security.web.FilterChainProxy - Securing GET /css/student.css
2026-08-27 13:04:57.370 [DEBUG] [http-nio-8080-exec-7] o.s.s.w.a.AnonymousAuthenticationFilter - Set SecurityContextHolder to anonymous SecurityContext
2026-08-27 13:04:57.371 [DEBUG] [http-nio-8080-exec-7] o.s.security.web.FilterChainProxy - Secured GET /css/student.css
2026-08-27 13:04:57.371 [DEBUG] [http-nio-8080-exec-2] o.s.security.web.FilterChainProxy - Securing GET /js/app-toast.js
2026-08-27 13:04:57.372 [DEBUG] [http-nio-8080-exec-2] o.s.s.w.a.AnonymousAuthenticationFilter - Set SecurityContextHolder to anonymous SecurityContext
2026-08-27 13:04:57.372 [DEBUG] [http-nio-8080-exec-2] o.s.security.web.FilterChainProxy - Secured GET /js/app-toast.js
2026-08-27 13:04:57.375 [DEBUG] [http-nio-8080-exec-10] o.s.security.web.FilterChainProxy - Securing GET /js/auth.js
2026-08-27 13:04:57.375 [DEBUG] [http-nio-8080-exec-6] o.s.security.web.FilterChainProxy - Securing GET /js/student-common.js
2026-08-27 13:04:57.375 [DEBUG] [http-nio-8080-exec-10] o.s.s.w.a.AnonymousAuthenticationFilter - Set SecurityContextHolder to anonymous SecurityContext
2026-08-27 13:04:57.375 [DEBUG] [http-nio-8080-exec-6] o.s.s.w.a.AnonymousAuthenticationFilter - Set SecurityContextHolder to anonymous SecurityContext
2026-08-27 13:04:57.375 [DEBUG] [http-nio-8080-exec-1] o.s.security.web.FilterChainProxy - Securing GET /js/student-dashboard.js
2026-08-27 13:04:57.375 [DEBUG] [http-nio-8080-exec-10] o.s.security.web.FilterChainProxy - Secured GET /js/auth.js
2026-08-27 13:04:57.375 [DEBUG] [http-nio-8080-exec-1] o.s.s.w.a.AnonymousAuthenticationFilter - Set SecurityContextHolder to anonymous SecurityContext
2026-08-27 13:04:57.375 [DEBUG] [http-nio-8080-exec-6] o.s.security.web.FilterChainProxy - Secured GET /js/student-common.js
2026-08-27 13:04:57.375 [DEBUG] [http-nio-8080-exec-1] o.s.security.web.FilterChainProxy - Secured GET /js/student-dashboard.js
2026-08-27 13:04:57.554 [DEBUG] [http-nio-8080-exec-8] o.s.security.web.FilterChainProxy - Securing GET /api/student/profile
2026-08-27 13:04:57.559 [DEBUG] [http-nio-8080-exec-8] org.hibernate.SQL - 
    select
        u1_0.id,
        u1_0.course,
        u1_0.email,
        u1_0.mobile,
        u1_0.name,
        u1_0.password,
        u1_0.percentage,
        u1_0.role 
    from
        users u1_0 
    where
        u1_0.email=?
2026-08-27 13:04:57.561 [DEBUG] [http-nio-8080-exec-8] c.c.security.JwtAuthenticationFilter - Authenticated user: dhruvyelmame6@gmail.com with role: ROLE_STUDENT
2026-08-27 13:04:57.561 [DEBUG] [http-nio-8080-exec-8] o.s.security.web.FilterChainProxy - Secured GET /api/student/profile
2026-08-27 13:04:57.563 [DEBUG] [http-nio-8080-exec-8] org.hibernate.SQL - 
    select
        u1_0.id,
        u1_0.course,
        u1_0.email,
        u1_0.mobile,
        u1_0.name,
        u1_0.password,
        u1_0.percentage,
        u1_0.role 
    from
        users u1_0 
    where
        u1_0.email=?
2026-08-27 13:04:57.569 [DEBUG] [http-nio-8080-exec-3] o.s.security.web.FilterChainProxy - Securing GET /api/student/profile
2026-08-27 13:04:57.573 [DEBUG] [http-nio-8080-exec-3] org.hibernate.SQL - 
    select
        u1_0.id,
        u1_0.course,
        u1_0.email,
        u1_0.mobile,
        u1_0.name,
        u1_0.password,
        u1_0.percentage,
        u1_0.role 
    from
        users u1_0 
    where
        u1_0.email=?
2026-08-27 13:04:57.575 [DEBUG] [http-nio-8080-exec-3] c.c.security.JwtAuthenticationFilter - Authenticated user: dhruvyelmame6@gmail.com with role: ROLE_STUDENT
2026-08-27 13:04:57.575 [DEBUG] [http-nio-8080-exec-3] o.s.security.web.FilterChainProxy - Secured GET /api/student/profile
2026-08-27 13:04:57.578 [DEBUG] [http-nio-8080-exec-3] org.hibernate.SQL - 
    select
        u1_0.id,
        u1_0.course,
        u1_0.email,
        u1_0.mobile,
        u1_0.name,
        u1_0.password,
        u1_0.percentage,
        u1_0.role 
    from
        users u1_0 
    where
        u1_0.email=?
2026-08-27 13:04:57.585 [DEBUG] [http-nio-8080-exec-5] o.s.security.web.FilterChainProxy - Securing GET /api/student/stats?studentId=2
2026-08-27 13:04:57.585 [DEBUG] [http-nio-8080-exec-9] o.s.security.web.FilterChainProxy - Securing GET /api/student/tests
2026-08-27 13:04:57.586 [DEBUG] [http-nio-8080-exec-4] o.s.security.web.FilterChainProxy - Securing GET /api/student/tests/my-attempts
2026-08-27 13:04:57.589 [DEBUG] [http-nio-8080-exec-1] o.s.security.web.FilterChainProxy - Securing GET /api/student/results/my-results
2026-08-27 13:04:57.589 [DEBUG] [http-nio-8080-exec-5] org.hibernate.SQL - 
    select
        u1_0.id,
        u1_0.course,
        u1_0.email,
        u1_0.mobile,
        u1_0.name,
        u1_0.password,
        u1_0.percentage,
        u1_0.role 
    from
        users u1_0 
    where
        u1_0.email=?
2026-08-27 13:04:57.589 [DEBUG] [http-nio-8080-exec-4] org.hibernate.SQL - 
    select
        u1_0.id,
        u1_0.course,
        u1_0.email,
        u1_0.mobile,
        u1_0.name,
        u1_0.password,
        u1_0.percentage,
        u1_0.role 
    from
        users u1_0 
    where
        u1_0.email=?
2026-08-27 13:04:57.589 [DEBUG] [http-nio-8080-exec-9] org.hibernate.SQL - 
    select
        u1_0.id,
        u1_0.course,
        u1_0.email,
        u1_0.mobile,
        u1_0.name,
        u1_0.password,
        u1_0.percentage,
        u1_0.role 
    from
        users u1_0 
    where
        u1_0.email=?
2026-08-27 13:04:57.592 [DEBUG] [http-nio-8080-exec-1] org.hibernate.SQL - 
    select
        u1_0.id,
        u1_0.course,
        u1_0.email,
        u1_0.mobile,
        u1_0.name,
        u1_0.password,
        u1_0.percentage,
        u1_0.role 
    from
        users u1_0 
    where
        u1_0.email=?
2026-08-27 13:04:57.592 [DEBUG] [http-nio-8080-exec-4] c.c.security.JwtAuthenticationFilter - Authenticated user: dhruvyelmame6@gmail.com with role: ROLE_STUDENT
2026-08-27 13:04:57.592 [DEBUG] [http-nio-8080-exec-5] c.c.security.JwtAuthenticationFilter - Authenticated user: dhruvyelmame6@gmail.com with role: ROLE_STUDENT
2026-08-27 13:04:57.592 [DEBUG] [http-nio-8080-exec-9] c.c.security.JwtAuthenticationFilter - Authenticated user: dhruvyelmame6@gmail.com with role: ROLE_STUDENT
2026-08-27 13:04:57.592 [DEBUG] [http-nio-8080-exec-4] o.s.security.web.FilterChainProxy - Secured GET /api/student/tests/my-attempts
2026-08-27 13:04:57.592 [DEBUG] [http-nio-8080-exec-5] o.s.security.web.FilterChainProxy - Secured GET /api/student/stats?studentId=2
2026-08-27 13:04:57.592 [DEBUG] [http-nio-8080-exec-9] o.s.security.web.FilterChainProxy - Secured GET /api/student/tests
2026-08-27 13:04:57.592 [DEBUG] [http-nio-8080-exec-1] c.c.security.JwtAuthenticationFilter - Authenticated user: dhruvyelmame6@gmail.com with role: ROLE_STUDENT
2026-08-27 13:04:57.594 [DEBUG] [http-nio-8080-exec-1] o.s.security.web.FilterChainProxy - Secured GET /api/student/results/my-results
2026-08-27 13:04:57.594 [DEBUG] [http-nio-8080-exec-5] org.hibernate.SQL - 
    select
        count(t1_0.id) 
    from
        tests t1_0 
    where
        t1_0.active=true
2026-08-27 13:04:57.594 [DEBUG] [http-nio-8080-exec-4] org.hibernate.SQL - 
    select
        u1_0.id,
        u1_0.course,
        u1_0.email,
        u1_0.mobile,
        u1_0.name,
        u1_0.password,
        u1_0.percentage,
        u1_0.role 
    from
        users u1_0 
    where
        u1_0.email=?
2026-08-27 13:04:57.594 [DEBUG] [http-nio-8080-exec-1] org.hibernate.SQL - 
    select
        u1_0.id,
        u1_0.course,
        u1_0.email,
        u1_0.mobile,
        u1_0.name,
        u1_0.password,
        u1_0.percentage,
        u1_0.role 
    from
        users u1_0 
    where
        u1_0.email=?
2026-08-27 13:04:57.596 [DEBUG] [http-nio-8080-exec-5] org.hibernate.SQL - 
    select
        count(ta1_0.id) 
    from
        test_attempts ta1_0 
    where
        ta1_0.student_id=?
2026-08-27 13:04:57.596 [DEBUG] [http-nio-8080-exec-4] org.hibernate.SQL - 
    select
        ta1_0.id,
        ta1_0.score,
        ta1_0.started_at,
        ta1_0.status,
        ta1_0.student_id,
        ta1_0.submitted_at,
        ta1_0.test_id 
    from
        test_attempts ta1_0 
    where
        ta1_0.student_id=? 
    order by
        ta1_0.started_at desc
2026-08-27 13:04:57.596 [DEBUG] [http-nio-8080-exec-1] c.career.controller.ResultController - REST: Fetching authenticated results for student ID 2
2026-08-27 13:04:57.596 [DEBUG] [http-nio-8080-exec-1] c.c.service.impl.ResultServiceImpl - Fetching assessment results for student ID: 2
2026-08-27 13:04:57.596 [DEBUG] [http-nio-8080-exec-1] org.hibernate.SQL - 
    select
        ar1_0.id,
        ar1_0.attempt_id,
        ar1_0.category,
        ar1_0.completed_at,
        ar1_0.interest_score,
        ar1_0.knowledge_score,
        ar1_0.career_path_id,
        ar1_0.score,
        ar1_0.student_id 
    from
        assessment_results ar1_0 
    where
        ar1_0.student_id=? 
    order by
        ar1_0.completed_at desc
2026-08-27 13:04:57.596 [DEBUG] [http-nio-8080-exec-5] org.hibernate.SQL - 
    select
        count(ta1_0.id) 
    from
        test_attempts ta1_0 
    where
        ta1_0.student_id=? 
        and ta1_0.status=?
2026-08-27 13:05:30.121 [INFO ] [RMI TCP Connection(12)-127.0.0.1] o.s.b.a.SpringApplicationAdminMXBeanRegistrar$SpringApplicationAdmin - Application shutdown requested.
2026-08-27 13:05:30.129 [INFO ] [RMI TCP Connection(12)-127.0.0.1] o.s.boot.tomcat.GracefulShutdown - Commencing graceful shutdown. Waiting for active requests to complete
2026-08-27 13:05:30.131 [INFO ] [tomcat-shutdown] o.a.coyote.http11.Http11NioProtocol - Pausing ProtocolHandler ["http-nio-8080"]
2026-08-27 13:05:30.459 [INFO ] [tomcat-shutdown] o.s.boot.tomcat.GracefulShutdown - Graceful shutdown complete
2026-08-27 13:05:30.460 [INFO ] [RMI TCP Connection(12)-127.0.0.1] o.a.coyote.http11.Http11NioProtocol - Stopping ProtocolHandler ["http-nio-8080"]
2026-08-27 13:05:30.475 [INFO ] [RMI TCP Connection(12)-127.0.0.1] o.s.o.j.LocalContainerEntityManagerFactoryBean - Closing JPA EntityManagerFactory for persistence unit 'default'
2026-08-27 13:05:30.481 [INFO ] [RMI TCP Connection(12)-127.0.0.1] com.zaxxer.hikari.HikariDataSource - HikariPool-1 - Shutdown initiated...
2026-08-27 13:05:30.495 [INFO ] [RMI TCP Connection(12)-127.0.0.1] com.zaxxer.hikari.HikariDataSource - HikariPool-1 - Shutdown completed.
2026-08-27 13:09:41.973 [INFO ] [background-preinit] o.h.validator.internal.util.Version - HV000001: Hibernate Validator 9.1.0.Final
2026-08-27 13:09:42.071 [INFO ] [main] c.c.CareerPathAdviserApplicationTests - Starting CareerPathAdviserApplicationTests using Java 25.0.3 with PID 7380 (started by Lenovo in C:\Users\Lenovo\Downloads\CareerPathAdviserNew)
2026-08-27 13:09:42.073 [DEBUG] [main] c.c.CareerPathAdviserApplicationTests - Running with Spring Boot v4.1.0, Spring v7.0.8
2026-08-27 13:09:42.078 [INFO ] [main] c.c.CareerPathAdviserApplicationTests - The following 1 profile is active: "dev"
2026-08-27 13:09:45.569 [INFO ] [main] o.s.d.r.c.RepositoryConfigurationDelegate - Bootstrapping Spring Data JPA repositories in DEFAULT mode.
2026-08-27 13:09:45.845 [INFO ] [main] o.s.d.r.c.RepositoryConfigurationDelegate - Finished Spring Data repository scanning in 250 ms. Found 11 JPA repository interfaces.
2026-08-27 13:09:47.608 [INFO ] [main] org.hibernate.orm.jpa - HHH008540: Processing PersistenceUnitInfo [name: default]
2026-08-27 13:09:47.844 [INFO ] [main] org.hibernate.orm.core - HHH000001: Hibernate ORM core version 7.4.1.Final
2026-08-27 13:09:49.519 [INFO ] [main] o.s.o.j.p.SpringPersistenceUnitInfo - No LoadTimeWeaver setup: ignoring JPA class transformer
2026-08-27 13:09:49.628 [INFO ] [main] com.zaxxer.hikari.HikariDataSource - HikariPool-1 - Starting...
2026-08-27 13:09:50.857 [INFO ] [main] com.zaxxer.hikari.pool.HikariPool - HikariPool-1 - Added connection com.mysql.cj.jdbc.ConnectionImpl@28d7bd6b
2026-08-27 13:09:50.860 [INFO ] [main] com.zaxxer.hikari.HikariDataSource - HikariPool-1 - Start completed.
2026-08-27 13:09:51.007 [WARN ] [main] org.hibernate.orm.deprecation - HHH90000025: MySQLDialect does not need to be specified explicitly using 'hibernate.dialect' (remove the property setting and it will be selected by default)
2026-08-27 13:09:51.059 [INFO ] [main] o.hibernate.orm.connections.pooling - HHH10001005: Database info:
	Database JDBC URL [jdbc:mysql://localhost:3306/career_path_adviser_new]
	Database driver: MySQL Connector/J
	Database dialect: MySQLDialect
	Database version: 8.4.10
	Default catalog/schema: career_path_adviser_new/undefined
	Autocommit mode: undefined/unknown
	Isolation level: REPEATABLE_READ [default REPEATABLE_READ]
	JDBC fetch size: none
	Pool: DataSourceConnectionProvider
	Minimum pool size: undefined/unknown
	Maximum pool size: undefined/unknown
2026-08-27 13:09:54.210 [INFO ] [main] org.hibernate.orm.core - HHH000489: No JTA platform available (set 'hibernate.transaction.jta.platform' to enable JTA platform integration)
2026-08-27 13:09:54.437 [INFO ] [main] o.s.o.j.LocalContainerEntityManagerFactoryBean - Initialized JPA EntityManagerFactory for persistence unit 'default'
2026-08-27 13:09:54.700 [INFO ] [main] o.s.d.j.r.q.QueryEnhancerFactories - Hibernate is in classpath; If applicable, HQL parser will be used.
2026-08-27 13:10:00.500 [WARN ] [main] o.s.b.j.a.JpaBaseConfiguration$JpaWebConfiguration - spring.jpa.open-in-view is enabled by default. Therefore, database queries may be performed during view rendering. Explicitly configure spring.jpa.open-in-view to disable this warning
2026-08-27 13:10:01.017 [WARN ] [main] o.s.b.s.a.UserDetailsServiceAutoConfiguration - 

Using generated security password: 122cacd8-43c7-4baf-95a5-e7b23a2120e0

This generated password is for development use only. Your security configuration must be updated before running your application in production.

2026-08-27 13:10:01.043 [INFO ] [main] o.s.s.c.a.a.c.InitializeUserDetailsBeanManagerConfigurer$InitializeUserDetailsManagerConfigurer - Global AuthenticationManager configured with UserDetailsService bean with name inMemoryUserDetailsManager
2026-08-27 13:10:01.815 [DEBUG] [main] o.s.s.web.DefaultSecurityFilterChain - Will secure any request with filters: DisableEncodeUrlFilter, WebAsyncManagerIntegrationFilter, SecurityContextHolderFilter, HeaderWriterFilter, CorsFilter, LogoutFilter, JwtAuthenticationFilter, RequestCacheAwareFilter, SecurityContextHolderAwareRequestFilter, AnonymousAuthenticationFilter, SessionManagementFilter, ExceptionTranslationFilter, AuthorizationFilter
2026-08-27 13:10:02.000 [INFO ] [main] o.s.b.w.a.WelcomePageHandlerMapping - Adding welcome page: class path resource [static/index.html]
2026-08-27 13:10:03.394 [INFO ] [main] c.c.CareerPathAdviserApplicationTests - Started CareerPathAdviserApplicationTests in 22.936 seconds (process running for 26.626)
2026-08-27 13:10:03.448 [INFO ] [main] com.career.config.DataInitializer - Schema aligned: assessment_results.recommended_career_id is now nullable
2026-08-27 13:10:03.475 [INFO ] [main] com.career.config.DataInitializer - Schema aligned: assessment_results.career_path_id is now nullable
2026-08-27 13:10:03.499 [INFO ] [main] com.career.config.DataInitializer - Schema aligned: assessment_answers.option_id is now nullable
2026-08-27 13:10:03.517 [INFO ] [main] com.career.config.DataInitializer - Schema aligned: assessment_answers.selected_option_id is now nullable
2026-08-27 13:10:03.590 [DEBUG] [main] com.career.config.DataInitializer - Schema alignment (test_attempt_answers.option_id): StatementCallback; bad SQL grammar [ALTER TABLE test_attempt_answers MODIFY COLUMN option_id BIGINT NULL]
2026-08-27 13:10:03.607 [INFO ] [main] com.career.config.DataInitializer - Schema aligned: test_attempt_answers.selected_option_id is now nullable
2026-08-27 13:10:03.947 [DEBUG] [main] org.hibernate.SQL - 
    select
        u1_0.id 
    from
        users u1_0 
    where
        u1_0.email=? 
    limit
        ?
2026-08-27 13:10:03.982 [INFO ] [main] com.career.config.DataInitializer - Checking and seeding default Career Paths...
2026-08-27 13:10:03.987 [DEBUG] [main] org.hibernate.SQL - 
    select
        cp1_0.id 
    from
        career_paths cp1_0 
    where
        cp1_0.category=? 
    limit
        ?
2026-08-27 13:10:03.993 [DEBUG] [main] org.hibernate.SQL - 
    select
        cp1_0.id 
    from
        career_paths cp1_0 
    where
        cp1_0.category=? 
    limit
        ?
2026-08-27 13:10:03.997 [DEBUG] [main] org.hibernate.SQL - 
    select
        cp1_0.id 
    from
        career_paths cp1_0 
    where
        cp1_0.category=? 
    limit
        ?
2026-08-27 13:10:04.002 [DEBUG] [main] org.hibernate.SQL - 
    select
        cp1_0.id 
    from
        career_paths cp1_0 
    where
        cp1_0.category=? 
    limit
        ?
2026-08-27 13:10:04.006 [DEBUG] [main] org.hibernate.SQL - 
    select
        cp1_0.id 
    from
        career_paths cp1_0 
    where
        cp1_0.category=? 
    limit
        ?
2026-08-27 13:10:04.010 [DEBUG] [main] org.hibernate.SQL - 
    select
        cp1_0.id 
    from
        career_paths cp1_0 
    where
        cp1_0.category=? 
    limit
        ?
2026-08-27 13:10:04.015 [DEBUG] [main] org.hibernate.SQL - 
    select
        cp1_0.id 
    from
        career_paths cp1_0 
    where
        cp1_0.category=? 
    limit
        ?
2026-08-27 13:10:04.018 [DEBUG] [main] org.hibernate.SQL - 
    select
        cp1_0.id 
    from
        career_paths cp1_0 
    where
        cp1_0.category=? 
    limit
        ?
2026-08-27 13:10:04.023 [DEBUG] [main] org.hibernate.SQL - 
    select
        cp1_0.id 
    from
        career_paths cp1_0 
    where
        cp1_0.category=? 
    limit
        ?
2026-08-27 13:10:04.028 [DEBUG] [main] org.hibernate.SQL - 
    select
        cp1_0.id 
    from
        career_paths cp1_0 
    where
        cp1_0.category=? 
    limit
        ?
2026-08-27 13:10:04.031 [DEBUG] [main] org.hibernate.SQL - 
    select
        cp1_0.id 
    from
        career_paths cp1_0 
    where
        cp1_0.category=? 
    limit
        ?
2026-08-27 13:10:04.036 [DEBUG] [main] org.hibernate.SQL - 
    select
        cp1_0.id 
    from
        career_paths cp1_0 
    where
        cp1_0.category=? 
    limit
        ?
2026-08-27 13:10:04.040 [DEBUG] [main] org.hibernate.SQL - 
    select
        cp1_0.id 
    from
        career_paths cp1_0 
    where
        cp1_0.category=? 
    limit
        ?
2026-08-27 13:10:04.044 [DEBUG] [main] org.hibernate.SQL - 
    select
        cp1_0.id 
    from
        career_paths cp1_0 
    where
        cp1_0.category=? 
    limit
        ?
2026-08-27 13:10:04.048 [DEBUG] [main] org.hibernate.SQL - 
    select
        cp1_0.id 
    from
        career_paths cp1_0 
    where
        cp1_0.category=? 
    limit
        ?
2026-08-27 13:10:04.051 [DEBUG] [main] org.hibernate.SQL - 
    select
        cp1_0.id 
    from
        career_paths cp1_0 
    where
        cp1_0.category=? 
    limit
        ?
2026-08-27 13:10:04.057 [DEBUG] [main] org.hibernate.SQL - 
    select
        cp1_0.id 
    from
        career_paths cp1_0 
    where
        cp1_0.category=? 
    limit
        ?
2026-08-27 13:10:04.059 [DEBUG] [main] org.hibernate.SQL - 
    select
        cp1_0.id 
    from
        career_paths cp1_0 
    where
        cp1_0.category=? 
    limit
        ?
2026-08-27 13:10:04.065 [DEBUG] [main] org.hibernate.SQL - 
    select
        cp1_0.id 
    from
        career_paths cp1_0 
    where
        cp1_0.category=? 
    limit
        ?
2026-08-27 13:10:04.070 [DEBUG] [main] org.hibernate.SQL - 
    select
        cp1_0.id 
    from
        career_paths cp1_0 
    where
        cp1_0.category=? 
    limit
        ?
2026-08-27 13:10:04.116 [DEBUG] [main] org.hibernate.SQL - 
    select
        count(*) 
    from
        career_paths cp1_0
2026-08-27 13:10:04.130 [INFO ] [main] com.career.config.DataInitializer - Total Career Paths available in database: 20
2026-08-27 13:10:04.135 [DEBUG] [main] org.hibernate.SQL - 
    select
        count(*) 
    from
        questions q1_0
2026-08-27 13:10:05.446 [INFO ] [main] c.career.controller.AuthController - REST: Admin login request for email admin@example.com
2026-08-27 13:10:05.492 [INFO ] [main] c.career.controller.AuthController - REST: Register request for email alex@example.com
2026-08-27 13:10:05.502 [INFO ] [main] c.career.controller.AuthController - REST: Student login request for email alex@example.com
2026-08-27 13:10:05.518 [WARN ] [main] c.c.exception.GlobalExceptionHandler - Unauthorized access: Session invalid on URI /api/test
2026-08-27 13:10:05.530 [WARN ] [main] c.c.exception.GlobalExceptionHandler - Duplicate resource conflict: Email already exists on URI /api/test
2026-08-27 13:10:05.537 [ERROR] [main] c.c.exception.GlobalExceptionHandler - Unhandled internal server error on URI /api/test: Unexpected error
java.lang.RuntimeException: Unexpected error
	at com.career.exception.GlobalExceptionHandlerTest.testHandleGlobalException(GlobalExceptionHandlerTest.java:79)
	at java.base/jdk.internal.reflect.DirectMethodHandleAccessor.invoke(DirectMethodHandleAccessor.java:104)
	at java.base/java.lang.reflect.Method.invoke(Method.java:565)
	at org.junit.platform.commons.util.ReflectionUtils.invokeMethod(ReflectionUtils.java:701)
	at org.junit.platform.commons.support.ReflectionSupport.invokeMethod(ReflectionSupport.java:502)
	at org.junit.jupiter.engine.support.MethodReflectionUtils.invoke(MethodReflectionUtils.java:45)
	at org.junit.jupiter.engine.execution.MethodInvocation.proceed(MethodInvocation.java:61)
	at org.junit.jupiter.engine.execution.InvocationInterceptorChain$ValidatingInvocation.proceed(InvocationInterceptorChain.java:124)
	at org.junit.jupiter.engine.extension.TimeoutExtension.intercept(TimeoutExtension.java:163)
	at org.junit.jupiter.engine.extension.TimeoutExtension.interceptTestableMethod(TimeoutExtension.java:148)
	at org.junit.jupiter.engine.extension.TimeoutExtension.interceptTestMethod(TimeoutExtension.java:86)
	at org.junit.jupiter.engine.execution.InterceptingExecutableInvoker$ReflectiveInterceptorCall.lambda$ofVoidMethod$0(InterceptingExecutableInvoker.java:123)
	at org.junit.jupiter.engine.execution.InterceptingExecutableInvoker.lambda$invoke$0(InterceptingExecutableInvoker.java:105)
	at org.junit.jupiter.engine.execution.InvocationInterceptorChain$InterceptedInvocation.proceed(InvocationInterceptorChain.java:99)
	at org.junit.jupiter.engine.execution.InvocationInterceptorChain.proceed(InvocationInterceptorChain.java:66)
	at org.junit.jupiter.engine.execution.InvocationInterceptorChain.chainAndInvoke(InvocationInterceptorChain.java:47)
	at org.junit.jupiter.engine.execution.InvocationInterceptorChain.invoke(InvocationInterceptorChain.java:39)
	at org.junit.jupiter.engine.execution.InterceptingExecutableInvoker.invoke(InterceptingExecutableInvoker.java:104)
	at org.junit.jupiter.engine.execution.InterceptingExecutableInvoker.invoke(InterceptingExecutableInvoker.java:98)
	at org.junit.jupiter.engine.execution.InterceptingExecutableInvoker.invokeVoid(InterceptingExecutableInvoker.java:71)
	at org.junit.jupiter.engine.descriptor.TestMethodTestDescriptor.lambda$invokeTestMethod$0(TestMethodTestDescriptor.java:219)
	at org.junit.platform.engine.support.hierarchical.ThrowableCollector.execute(ThrowableCollector.java:74)
	at org.junit.jupiter.engine.descriptor.TestMethodTestDescriptor.invokeTestMethod(TestMethodTestDescriptor.java:215)
	at org.junit.jupiter.engine.descriptor.TestMethodTestDescriptor.execute(TestMethodTestDescriptor.java:157)
	at org.junit.jupiter.engine.descriptor.TestMethodTestDescriptor.execute(TestMethodTestDescriptor.java:70)
	at org.junit.platform.engine.support.hierarchical.NodeTestTask.lambda$executeRecursively$2(NodeTestTask.java:176)
	at org.junit.platform.engine.support.hierarchical.ThrowableCollector.execute(ThrowableCollector.java:74)
	at org.junit.platform.engine.support.hierarchical.NodeTestTask.lambda$executeRecursively$1(NodeTestTask.java:166)
	at org.junit.platform.engine.support.hierarchical.Node.around(Node.java:138)
	at org.junit.platform.engine.support.hierarchical.NodeTestTask.lambda$executeRecursively$0(NodeTestTask.java:164)
	at org.junit.platform.engine.support.hierarchical.ThrowableCollector.execute(ThrowableCollector.java:74)
	at org.junit.platform.engine.support.hierarchical.NodeTestTask.executeRecursively(NodeTestTask.java:163)
	at org.junit.platform.engine.support.hierarchical.NodeTestTask.execute(NodeTestTask.java:116)
	at java.base/java.util.ArrayList.forEach(ArrayList.java:1604)
	at org.junit.platform.engine.support.hierarchical.SameThreadHierarchicalTestExecutorService.invokeAll(SameThreadHierarchicalTestExecutorService.java:42)
	at org.junit.platform.engine.support.hierarchical.NodeTestTask.lambda$executeRecursively$2(NodeTestTask.java:180)
	at org.junit.platform.engine.support.hierarchical.ThrowableCollector.execute(ThrowableCollector.java:74)
	at org.junit.platform.engine.support.hierarchical.NodeTestTask.lambda$executeRecursively$1(NodeTestTask.java:166)
	at org.junit.platform.engine.support.hierarchical.Node.around(Node.java:138)
	at org.junit.platform.engine.support.hierarchical.NodeTestTask.lambda$executeRecursively$0(NodeTestTask.java:164)
	at org.junit.platform.engine.support.hierarchical.ThrowableCollector.execute(ThrowableCollector.java:74)
	at org.junit.platform.engine.support.hierarchical.NodeTestTask.executeRecursively(NodeTestTask.java:163)
	at org.junit.platform.engine.support.hierarchical.NodeTestTask.execute(NodeTestTask.java:116)
	at java.base/java.util.ArrayList.forEach(ArrayList.java:1604)
	at org.junit.platform.engine.support.hierarchical.SameThreadHierarchicalTestExecutorService.invokeAll(SameThreadHierarchicalTestExecutorService.java:42)
	at org.junit.platform.engine.support.hierarchical.NodeTestTask.lambda$executeRecursively$2(NodeTestTask.java:180)
	at org.junit.platform.engine.support.hierarchical.ThrowableCollector.execute(ThrowableCollector.java:74)
	at org.junit.platform.engine.support.hierarchical.NodeTestTask.lambda$executeRecursively$1(NodeTestTask.java:166)
	at org.junit.platform.engine.support.hierarchical.Node.around(Node.java:138)
	at org.junit.platform.engine.support.hierarchical.NodeTestTask.lambda$executeRecursively$0(NodeTestTask.java:164)
	at org.junit.platform.engine.support.hierarchical.ThrowableCollector.execute(ThrowableCollector.java:74)
	at org.junit.platform.engine.support.hierarchical.NodeTestTask.executeRecursively(NodeTestTask.java:163)
	at org.junit.platform.engine.support.hierarchical.NodeTestTask.execute(NodeTestTask.java:116)
	at org.junit.platform.engine.support.hierarchical.SameThreadHierarchicalTestExecutorService.submit(SameThreadHierarchicalTestExecutorService.java:36)
	at org.junit.platform.engine.support.hierarchical.HierarchicalTestExecutor.execute(HierarchicalTestExecutor.java:52)
	at org.junit.platform.engine.support.hierarchical.HierarchicalTestEngine.execute(HierarchicalTestEngine.java:58)
	at org.junit.platform.launcher.core.EngineExecutionOrchestrator.executeEngine(EngineExecutionOrchestrator.java:246)
	at org.junit.platform.launcher.core.EngineExecutionOrchestrator.failOrExecuteEngine(EngineExecutionOrchestrator.java:218)
	at org.junit.platform.launcher.core.EngineExecutionOrchestrator.execute(EngineExecutionOrchestrator.java:179)
	at org.junit.platform.launcher.core.EngineExecutionOrchestrator.execute(EngineExecutionOrchestrator.java:108)
	at org.junit.platform.launcher.core.EngineExecutionOrchestrator.lambda$execute$0(EngineExecutionOrchestrator.java:66)
	at org.junit.platform.launcher.core.EngineExecutionOrchestrator.withInterceptedStreams(EngineExecutionOrchestrator.java:157)
	at org.junit.platform.launcher.core.EngineExecutionOrchestrator.execute(EngineExecutionOrchestrator.java:65)
	at org.junit.platform.launcher.core.DefaultLauncher.execute(DefaultLauncher.java:125)
	at org.junit.platform.launcher.core.DefaultLauncher.execute(DefaultLauncher.java:114)
	at org.junit.platform.launcher.core.DelegatingLauncher.execute(DelegatingLauncher.java:58)
	at org.junit.platform.launcher.core.InterceptingLauncher.lambda$execute$2(InterceptingLauncher.java:57)
	at org.junit.platform.launcher.core.ClasspathAlignmentCheckingLauncherInterceptor.intercept(ClasspathAlignmentCheckingLauncherInterceptor.java:25)
	at org.junit.platform.launcher.core.InterceptingLauncher.execute(InterceptingLauncher.java:56)
	at org.junit.platform.launcher.core.DelegatingLauncher.execute(DelegatingLauncher.java:58)
	at java.base/jdk.internal.reflect.DirectMethodHandleAccessor.invoke(DirectMethodHandleAccessor.java:104)
	at java.base/java.lang.reflect.Method.invoke(Method.java:565)
	at org.apache.maven.surefire.api.util.ReflectionUtils.invokeMethodWithArray(ReflectionUtils.java:125)
	at org.apache.maven.surefire.junitplatform.LauncherAdapter.executeWithCancellationToken(LauncherAdapter.java:68)
	at org.apache.maven.surefire.junitplatform.LauncherAdapter.execute(LauncherAdapter.java:54)
	at org.apache.maven.surefire.junitplatform.JUnitPlatformProvider.execute(JUnitPlatformProvider.java:203)
	at org.apache.maven.surefire.junitplatform.JUnitPlatformProvider.invokeAllTests(JUnitPlatformProvider.java:168)
	at org.apache.maven.surefire.junitplatform.JUnitPlatformProvider.invoke(JUnitPlatformProvider.java:136)
	at org.apache.maven.surefire.booter.ForkedBooter.runSuitesInProcess(ForkedBooter.java:385)
	at org.apache.maven.surefire.booter.ForkedBooter.execute(ForkedBooter.java:162)
	at org.apache.maven.surefire.booter.ForkedBooter.run(ForkedBooter.java:507)
	at org.apache.maven.surefire.booter.ForkedBooter.main(ForkedBooter.java:495)
2026-08-27 13:10:05.550 [WARN ] [main] c.c.exception.GlobalExceptionHandler - Bad request: Invalid input provided on URI /api/test
2026-08-27 13:10:05.554 [WARN ] [main] c.c.exception.GlobalExceptionHandler - Resource not found: Test not found with id 99 on URI /api/test
2026-08-27 13:10:06.435 [DEBUG] [main] c.c.service.impl.AuthServiceImpl - Authenticating student: alex@example.com
2026-08-27 13:10:06.440 [INFO ] [main] c.c.service.impl.AuthServiceImpl - Student alex@example.com logged in successfully
2026-08-27 13:10:06.474 [INFO ] [main] c.c.service.impl.AuthServiceImpl - Processing registration for email: alex@example.com
2026-08-27 13:10:06.479 [WARN ] [main] c.c.service.impl.AuthServiceImpl - Registration rejected: Email alex@example.com is already registered
2026-08-27 13:10:06.537 [INFO ] [main] c.c.service.impl.AuthServiceImpl - Processing registration for email: alex@example.com
2026-08-27 13:10:06.537 [INFO ] [main] c.c.service.impl.AuthServiceImpl - Student successfully registered with ID: null
2026-08-27 13:10:06.571 [DEBUG] [main] c.c.service.impl.AuthServiceImpl - Authenticating student: unknown@example.com
2026-08-27 13:10:06.597 [DEBUG] [main] c.c.service.impl.AuthServiceImpl - Authenticating student: alex@example.com
2026-08-27 13:10:06.866 [INFO ] [main] c.c.s.impl.CareerPathServiceImpl - Deleting career path ID: 1
2026-08-27 13:10:06.868 [INFO ] [main] c.c.s.impl.CareerPathServiceImpl - Career path ID 1 deleted successfully
2026-08-27 13:10:06.880 [INFO ] [main] c.c.s.impl.CareerPathServiceImpl - Adding new career path: Software Engineer
2026-08-27 13:10:06.884 [INFO ] [main] c.c.s.impl.CareerPathServiceImpl - Career path Software Engineer saved with ID: 1
2026-08-27 13:10:06.895 [INFO ] [main] c.c.s.impl.CareerPathServiceImpl - Updating career path ID: 1
2026-08-27 13:10:06.898 [INFO ] [main] c.c.s.impl.CareerPathServiceImpl - Career path ID 1 updated successfully
2026-08-27 13:10:06.907 [DEBUG] [main] c.c.s.impl.CareerPathServiceImpl - Fetching career path by ID: 1
2026-08-27 13:10:06.916 [DEBUG] [main] c.c.s.impl.CareerPathServiceImpl - Fetching all career paths from DB/Cache
2026-08-27 13:10:06.927 [DEBUG] [main] c.c.s.impl.CareerPathServiceImpl - Fetching career path by ID: 99
2026-08-27 13:10:08.078 [DEBUG] [main] c.c.service.impl.QuestionServiceImpl - Fetching question by ID: 1
2026-08-27 13:10:08.098 [INFO ] [main] c.c.service.impl.QuestionServiceImpl - Processing batch addition of 1 questions
2026-08-27 13:10:08.100 [INFO ] [main] c.c.service.impl.QuestionServiceImpl - Successfully saved 1 questions in batch
2026-08-27 13:10:08.143 [INFO ] [main] c.c.service.impl.QuestionServiceImpl - Deleting question ID: 1
2026-08-27 13:10:08.149 [INFO ] [main] c.c.service.impl.QuestionServiceImpl - Question ID 1 and all references deleted successfully
2026-08-27 13:10:08.163 [DEBUG] [main] c.c.service.impl.QuestionServiceImpl - Fetching all questions from DB/Cache
2026-08-27 13:10:08.174 [INFO ] [main] c.c.service.impl.QuestionServiceImpl - Adding new question: Do you enjoy designing software architecture?
2026-08-27 13:10:08.175 [INFO ] [main] c.c.service.impl.QuestionServiceImpl - Question saved with ID: 1
2026-08-27 13:10:08.188 [DEBUG] [main] c.c.service.impl.QuestionServiceImpl - Fetching question by ID: 99
2026-08-27 13:10:08.726 [DEBUG] [main] c.c.service.impl.StudentServiceImpl - Fetching student with ID: 99
2026-08-27 13:10:08.739 [DEBUG] [main] c.c.service.impl.StudentServiceImpl - Fetching all students
2026-08-27 13:10:08.755 [DEBUG] [main] c.c.service.impl.StudentServiceImpl - Fetching student with ID: 1
2026-08-27 13:10:09.140 [INFO ] [main] c.c.s.impl.TestAttemptServiceImpl - Submitting test attempt ID: 1001 for student ID: 1
2026-08-27 13:10:09.149 [INFO ] [main] c.c.s.impl.TestAttemptServiceImpl - Test attempt ID 1001 evaluated. Recommended career: Software Engineer
2026-08-27 13:10:09.173 [INFO ] [main] c.c.s.impl.TestAttemptServiceImpl - Starting test ID: 10 for student ID: 1
2026-08-27 13:10:09.181 [INFO ] [main] c.c.s.impl.TestAttemptServiceImpl - Test attempt ID: 1001 ready. Expires at: 2026-08-27T13:25:09.175374700
2026-08-27 13:10:09.225 [DEBUG] [main] c.c.service.impl.TestServiceImpl - Fetching test by ID: 99
2026-08-27 13:10:09.239 [DEBUG] [main] c.c.service.impl.TestServiceImpl - Fetching all tests from DB/Cache
2026-08-27 13:10:09.252 [INFO ] [main] c.c.service.impl.TestServiceImpl - Deactivating test ID: 1
2026-08-27 13:10:09.253 [DEBUG] [main] c.c.service.impl.TestServiceImpl - Fetching test by ID: 1
2026-08-27 13:10:09.274 [INFO ] [main] c.c.service.impl.TestServiceImpl - Activating test ID: 1
2026-08-27 13:10:09.274 [DEBUG] [main] c.c.service.impl.TestServiceImpl - Fetching test by ID: 1
2026-08-27 13:10:09.283 [DEBUG] [main] c.c.service.impl.TestServiceImpl - Fetching test by ID: 1
2026-08-27 13:10:09.292 [INFO ] [main] c.c.service.impl.TestServiceImpl - Creating test: Software Aptitude & Career Test
2026-08-27 13:10:09.295 [INFO ] [main] c.c.service.impl.TestServiceImpl - Test created with ID: 1
2026-08-27 13:10:09.304 [INFO ] [main] c.c.service.impl.TestServiceImpl - Deleting test ID: 1
2026-08-27 13:10:09.305 [DEBUG] [main] c.c.service.impl.TestServiceImpl - Fetching test by ID: 1
2026-08-27 13:10:09.307 [INFO ] [main] c.c.service.impl.TestServiceImpl - Test ID 1 and all associated attempts/results deleted successfully
2026-08-27 13:10:09.394 [INFO ] [SpringApplicationShutdownHook] o.s.o.j.LocalContainerEntityManagerFactoryBean - Closing JPA EntityManagerFactory for persistence unit 'default'
2026-08-27 13:10:09.404 [INFO ] [SpringApplicationShutdownHook] com.zaxxer.hikari.HikariDataSource - HikariPool-1 - Shutdown initiated...
2026-08-27 13:10:09.434 [INFO ] [SpringApplicationShutdownHook] com.zaxxer.hikari.HikariDataSource - HikariPool-1 - Shutdown completed.
2026-08-27 13:17:58.194 [INFO ] [background-preinit] o.h.validator.internal.util.Version - HV000001: Hibernate Validator 9.1.0.Final
2026-08-27 13:17:58.285 [INFO ] [main] c.c.CareerPathAdviserApplicationTests - Starting CareerPathAdviserApplicationTests using Java 25.0.3 with PID 4644 (started by Lenovo in C:\Users\Lenovo\Downloads\CareerPathAdviserNew)
2026-08-27 13:17:58.291 [DEBUG] [main] c.c.CareerPathAdviserApplicationTests - Running with Spring Boot v4.1.0, Spring v7.0.8
2026-08-27 13:17:58.294 [INFO ] [main] c.c.CareerPathAdviserApplicationTests - The following 1 profile is active: "dev"
2026-08-27 13:18:02.547 [INFO ] [main] o.s.d.r.c.RepositoryConfigurationDelegate - Bootstrapping Spring Data JPA repositories in DEFAULT mode.
2026-08-27 13:18:02.839 [INFO ] [main] o.s.d.r.c.RepositoryConfigurationDelegate - Finished Spring Data repository scanning in 269 ms. Found 11 JPA repository interfaces.
2026-08-27 13:18:04.792 [INFO ] [main] org.hibernate.orm.jpa - HHH008540: Processing PersistenceUnitInfo [name: default]
2026-08-27 13:18:05.255 [INFO ] [main] org.hibernate.orm.core - HHH000001: Hibernate ORM core version 7.4.1.Final
2026-08-27 13:18:07.487 [INFO ] [main] o.s.o.j.p.SpringPersistenceUnitInfo - No LoadTimeWeaver setup: ignoring JPA class transformer
2026-08-27 13:18:07.579 [INFO ] [main] com.zaxxer.hikari.HikariDataSource - HikariPool-1 - Starting...
2026-08-27 13:18:07.612 [WARN ] [main] org.hibernate.orm.jdbc - HHH100046: Could not obtain connection to query JDBC database metadata
java.lang.RuntimeException: Driver com.mysql.cj.jdbc.Driver claims to not accept jdbcUrl, jdbc:h2:mem:66a7b515-972d-4a3c-a051-bc12499b2282;DB_CLOSE_DELAY=-1;DB_CLOSE_ON_EXIT=FALSE
	at com.zaxxer.hikari.util.DriverDataSource.<init>(DriverDataSource.java:116)
	at com.zaxxer.hikari.pool.PoolBase.initializeDataSource(PoolBase.java:336)
	at com.zaxxer.hikari.pool.PoolBase.<init>(PoolBase.java:121)
	at com.zaxxer.hikari.pool.HikariPool.<init>(HikariPool.java:90)
	at com.zaxxer.hikari.HikariDataSource.getConnection(HikariDataSource.java:111)
	at org.hibernate.engine.jdbc.connections.internal.DataSourceConnectionProvider.getConnection(DataSourceConnectionProvider.java:149)
	at org.hibernate.engine.jdbc.env.internal.JdbcEnvironmentInitiator$ConnectionProviderJdbcConnectionAccess.obtainConnection(JdbcEnvironmentInitiator.java:508)
	at org.hibernate.resource.transaction.backend.jdbc.internal.JdbcIsolationDelegate.delegateWork(JdbcIsolationDelegate.java:48)
	at org.hibernate.engine.jdbc.env.internal.JdbcEnvironmentInitiator.getJdbcEnvironmentUsingJdbcMetadata(JdbcEnvironmentInitiator.java:366)
	at org.hibernate.engine.jdbc.env.internal.JdbcEnvironmentInitiator.getJdbcEnvironment(JdbcEnvironmentInitiator.java:143)
	at org.hibernate.engine.jdbc.env.internal.JdbcEnvironmentInitiator.initiateService(JdbcEnvironmentInitiator.java:120)
	at org.hibernate.engine.jdbc.env.internal.JdbcEnvironmentInitiator.initiateService(JdbcEnvironmentInitiator.java:80)
	at org.hibernate.boot.registry.internal.StandardServiceRegistryImpl.initiateService(StandardServiceRegistryImpl.java:133)
	at org.hibernate.service.internal.AbstractServiceRegistryImpl.createService(AbstractServiceRegistryImpl.java:260)
	at org.hibernate.service.internal.AbstractServiceRegistryImpl.initializeService(AbstractServiceRegistryImpl.java:235)
	at org.hibernate.service.internal.AbstractServiceRegistryImpl.getService(AbstractServiceRegistryImpl.java:212)
	at org.hibernate.boot.model.relational.Database.<init>(Database.java:44)
	at org.hibernate.boot.internal.InFlightMetadataCollectorImpl.getDatabase(InFlightMetadataCollectorImpl.java:251)
	at org.hibernate.boot.internal.InFlightMetadataCollectorImpl.<init>(InFlightMetadataCollectorImpl.java:203)
	at org.hibernate.boot.model.process.spi.MetadataBuildingProcess.complete(MetadataBuildingProcess.java:180)
	at org.hibernate.jpa.boot.internal.EntityManagerFactoryBuilderImpl.metadata(EntityManagerFactoryBuilderImpl.java:1388)
	at org.hibernate.jpa.boot.internal.EntityManagerFactoryBuilderImpl.populateSessionFactoryBuilder(EntityManagerFactoryBuilderImpl.java:1468)
	at org.hibernate.jpa.boot.internal.EntityManagerFactoryBuilderImpl.build(EntityManagerFactoryBuilderImpl.java:1450)
	at org.springframework.orm.jpa.vendor.SpringHibernateJpaPersistenceProvider.createContainerEntityManagerFactory(SpringHibernateJpaPersistenceProvider.java:93)
	at org.springframework.orm.jpa.LocalContainerEntityManagerFactoryBean.createNativeEntityManagerFactory(LocalContainerEntityManagerFactoryBean.java:443)
	at org.springframework.orm.jpa.AbstractEntityManagerFactoryBean.buildNativeEntityManagerFactory(AbstractEntityManagerFactoryBean.java:436)
	at org.springframework.orm.jpa.AbstractEntityManagerFactoryBean.afterPropertiesSet(AbstractEntityManagerFactoryBean.java:411)
	at org.springframework.orm.jpa.LocalContainerEntityManagerFactoryBean.afterPropertiesSet(LocalContainerEntityManagerFactoryBean.java:419)
	at org.springframework.beans.factory.support.AbstractAutowireCapableBeanFactory.invokeInitMethods(AbstractAutowireCapableBeanFactory.java:1862)
	at org.springframework.beans.factory.support.AbstractAutowireCapableBeanFactory.initializeBean(AbstractAutowireCapableBeanFactory.java:1811)
	at org.springframework.beans.factory.support.AbstractAutowireCapableBeanFactory.doCreateBean(AbstractAutowireCapableBeanFactory.java:603)
	at org.springframework.beans.factory.support.AbstractAutowireCapableBeanFactory.createBean(AbstractAutowireCapableBeanFactory.java:525)
	at org.springframework.beans.factory.support.AbstractBeanFactory.lambda$doGetBean$0(AbstractBeanFactory.java:333)
	at org.springframework.beans.factory.support.DefaultSingletonBeanRegistry.getSingleton(DefaultSingletonBeanRegistry.java:371)
	at org.springframework.beans.factory.support.AbstractBeanFactory.doGetBean(AbstractBeanFactory.java:331)
	at org.springframework.beans.factory.support.AbstractBeanFactory.getBean(AbstractBeanFactory.java:201)
	at org.springframework.context.support.AbstractApplicationContext.finishBeanFactoryInitialization(AbstractApplicationContext.java:977)
	at org.springframework.context.support.AbstractApplicationContext.refresh(AbstractApplicationContext.java:621)
	at org.springframework.boot.SpringApplication.refresh(SpringApplication.java:756)
	at org.springframework.boot.SpringApplication.refreshContext(SpringApplication.java:445)
	at org.springframework.boot.SpringApplication.run(SpringApplication.java:321)
	at org.springframework.boot.test.context.SpringBootContextLoader.lambda$loadContext$2(SpringBootContextLoader.java:155)
	at org.springframework.util.function.ThrowingSupplier.get(ThrowingSupplier.java:58)
	at org.springframework.util.function.ThrowingSupplier.get(ThrowingSupplier.java:46)
	at org.springframework.boot.SpringApplication.withHook(SpringApplication.java:1465)
	at org.springframework.boot.test.context.SpringBootContextLoader$ContextLoaderHook.run(SpringBootContextLoader.java:600)
	at org.springframework.boot.test.context.SpringBootContextLoader.loadContext(SpringBootContextLoader.java:155)
	at org.springframework.boot.test.context.SpringBootContextLoader.loadContext(SpringBootContextLoader.java:114)
	at org.springframework.test.context.cache.DefaultCacheAwareContextLoaderDelegate.loadContextInternal(DefaultCacheAwareContextLoaderDelegate.java:247)
	at org.springframework.test.context.cache.DefaultCacheAwareContextLoaderDelegate.lambda$loadContext$0(DefaultCacheAwareContextLoaderDelegate.java:167)
	at org.springframework.test.context.cache.DefaultContextCache.put(DefaultContextCache.java:214)
	at org.springframework.test.context.cache.DefaultCacheAwareContextLoaderDelegate.loadContext(DefaultCacheAwareContextLoaderDelegate.java:160)
	at org.springframework.test.context.support.DefaultTestContext.getApplicationContext(DefaultTestContext.java:128)
	at org.springframework.test.context.web.ServletTestExecutionListener.setUpRequestContextIfNecessary(ServletTestExecutionListener.java:200)
	at org.springframework.test.context.web.ServletTestExecutionListener.prepareTestInstance(ServletTestExecutionListener.java:139)
	at org.springframework.test.context.TestContextManager.prepareTestInstance(TestContextManager.java:260)
	at org.springframework.test.context.junit.jupiter.SpringExtension.postProcessTestInstance(SpringExtension.java:242)
	at org.junit.jupiter.engine.descriptor.ClassBasedTestDescriptor.lambda$invokeTestInstancePostProcessors$1(ClassBasedTestDescriptor.java:423)
	at org.junit.jupiter.engine.descriptor.ClassBasedTestDescriptor.executeAndMaskThrowable(ClassBasedTestDescriptor.java:428)
	at org.junit.jupiter.engine.descriptor.ClassBasedTestDescriptor.lambda$invokeTestInstancePostProcessors$0(ClassBasedTestDescriptor.java:422)
	at java.base/java.util.stream.ForEachOps$ForEachOp$OfRef.accept(ForEachOps.java:186)
	at java.base/java.util.stream.ReferencePipeline$3$1.accept(ReferencePipeline.java:214)
	at java.base/java.util.stream.ReferencePipeline$2$1.accept(ReferencePipeline.java:197)
	at java.base/java.util.stream.ReferencePipeline$3$1.accept(ReferencePipeline.java:214)
	at java.base/java.util.ArrayList$ArrayListSpliterator.forEachRemaining(ArrayList.java:1716)
	at java.base/java.util.stream.AbstractPipeline.copyInto(AbstractPipeline.java:570)
	at java.base/java.util.stream.AbstractPipeline.wrapAndCopyInto(AbstractPipeline.java:560)
	at java.base/java.util.stream.ForEachOps$ForEachOp.evaluateSequential(ForEachOps.java:153)
	at java.base/java.util.stream.ForEachOps$ForEachOp$OfRef.evaluateSequential(ForEachOps.java:176)
	at java.base/java.util.stream.AbstractPipeline.evaluate(AbstractPipeline.java:265)
	at java.base/java.util.stream.ReferencePipeline.forEach(ReferencePipeline.java:632)
	at org.junit.jupiter.engine.descriptor.ClassBasedTestDescriptor.invokeTestInstancePostProcessors(ClassBasedTestDescriptor.java:422)
	at org.junit.jupiter.engine.descriptor.ClassBasedTestDescriptor.lambda$instantiateAndPostProcessTestInstance$0(ClassBasedTestDescriptor.java:334)
	at org.junit.platform.engine.support.hierarchical.ThrowableCollector.execute(ThrowableCollector.java:74)
	at org.junit.jupiter.engine.descriptor.ClassBasedTestDescriptor.instantiateAndPostProcessTestInstance(ClassBasedTestDescriptor.java:333)
	at org.junit.jupiter.engine.descriptor.ClassBasedTestDescriptor.lambda$testInstancesProvider$1(ClassBasedTestDescriptor.java:322)
	at java.base/java.util.Optional.orElseGet(Optional.java:364)
	at org.junit.jupiter.engine.descriptor.ClassBasedTestDescriptor.lambda$testInstancesProvider$0(ClassBasedTestDescriptor.java:321)
	at org.junit.jupiter.engine.execution.TestInstancesProvider.getTestInstances(TestInstancesProvider.java:27)
	at org.junit.jupiter.engine.descriptor.TestMethodTestDescriptor.lambda$prepare$0(TestMethodTestDescriptor.java:127)
	at org.junit.platform.engine.support.hierarchical.ThrowableCollector.execute(ThrowableCollector.java:74)
	at org.junit.jupiter.engine.descriptor.TestMethodTestDescriptor.prepare(TestMethodTestDescriptor.java:126)
	at org.junit.jupiter.engine.descriptor.TestMethodTestDescriptor.prepare(TestMethodTestDescriptor.java:70)
	at org.junit.platform.engine.support.hierarchical.NodeTestTask.lambda$prepare$0(NodeTestTask.java:144)
	at org.junit.platform.engine.support.hierarchical.ThrowableCollector.execute(ThrowableCollector.java:74)
	at org.junit.platform.engine.support.hierarchical.NodeTestTask.prepare(NodeTestTask.java:144)
	at org.junit.platform.engine.support.hierarchical.NodeTestTask.execute(NodeTestTask.java:110)
	at java.base/java.util.ArrayList.forEach(ArrayList.java:1604)
	at org.junit.platform.engine.support.hierarchical.SameThreadHierarchicalTestExecutorService.invokeAll(SameThreadHierarchicalTestExecutorService.java:42)
	at org.junit.platform.engine.support.hierarchical.NodeTestTask.lambda$executeRecursively$2(NodeTestTask.java:180)
	at org.junit.platform.engine.support.hierarchical.ThrowableCollector.execute(ThrowableCollector.java:74)
	at org.junit.platform.engine.support.hierarchical.NodeTestTask.lambda$executeRecursively$1(NodeTestTask.java:166)
	at org.junit.platform.engine.support.hierarchical.Node.around(Node.java:138)
	at org.junit.platform.engine.support.hierarchical.NodeTestTask.lambda$executeRecursively$0(NodeTestTask.java:164)
	at org.junit.platform.engine.support.hierarchical.ThrowableCollector.execute(ThrowableCollector.java:74)
	at org.junit.platform.engine.support.hierarchical.NodeTestTask.executeRecursively(NodeTestTask.java:163)
	at org.junit.platform.engine.support.hierarchical.NodeTestTask.execute(NodeTestTask.java:116)
	at java.base/java.util.ArrayList.forEach(ArrayList.java:1604)
	at org.junit.platform.engine.support.hierarchical.SameThreadHierarchicalTestExecutorService.invokeAll(SameThreadHierarchicalTestExecutorService.java:42)
	at org.junit.platform.engine.support.hierarchical.NodeTestTask.lambda$executeRecursively$2(NodeTestTask.java:180)
	at org.junit.platform.engine.support.hierarchical.ThrowableCollector.execute(ThrowableCollector.java:74)
	at org.junit.platform.engine.support.hierarchical.NodeTestTask.lambda$executeRecursively$1(NodeTestTask.java:166)
	at org.junit.platform.engine.support.hierarchical.Node.around(Node.java:138)
	at org.junit.platform.engine.support.hierarchical.NodeTestTask.lambda$executeRecursively$0(NodeTestTask.java:164)
	at org.junit.platform.engine.support.hierarchical.ThrowableCollector.execute(ThrowableCollector.java:74)
	at org.junit.platform.engine.support.hierarchical.NodeTestTask.executeRecursively(NodeTestTask.java:163)
	at org.junit.platform.engine.support.hierarchical.NodeTestTask.execute(NodeTestTask.java:116)
	at org.junit.platform.engine.support.hierarchical.SameThreadHierarchicalTestExecutorService.submit(SameThreadHierarchicalTestExecutorService.java:36)
	at org.junit.platform.engine.support.hierarchical.HierarchicalTestExecutor.execute(HierarchicalTestExecutor.java:52)
	at org.junit.platform.engine.support.hierarchical.HierarchicalTestEngine.execute(HierarchicalTestEngine.java:58)
	at org.junit.platform.launcher.core.EngineExecutionOrchestrator.executeEngine(EngineExecutionOrchestrator.java:246)
	at org.junit.platform.launcher.core.EngineExecutionOrchestrator.failOrExecuteEngine(EngineExecutionOrchestrator.java:218)
	at org.junit.platform.launcher.core.EngineExecutionOrchestrator.execute(EngineExecutionOrchestrator.java:179)
	at org.junit.platform.launcher.core.EngineExecutionOrchestrator.execute(EngineExecutionOrchestrator.java:108)
	at org.junit.platform.launcher.core.EngineExecutionOrchestrator.lambda$execute$0(EngineExecutionOrchestrator.java:66)
	at org.junit.platform.launcher.core.EngineExecutionOrchestrator.withInterceptedStreams(EngineExecutionOrchestrator.java:157)
	at org.junit.platform.launcher.core.EngineExecutionOrchestrator.execute(EngineExecutionOrchestrator.java:65)
	at org.junit.platform.launcher.core.DefaultLauncher.execute(DefaultLauncher.java:125)
	at org.junit.platform.launcher.core.DefaultLauncher.execute(DefaultLauncher.java:114)
	at org.junit.platform.launcher.core.DelegatingLauncher.execute(DelegatingLauncher.java:58)
	at org.junit.platform.launcher.core.InterceptingLauncher.lambda$execute$2(InterceptingLauncher.java:57)
	at org.junit.platform.launcher.core.ClasspathAlignmentCheckingLauncherInterceptor.intercept(ClasspathAlignmentCheckingLauncherInterceptor.java:25)
	at org.junit.platform.launcher.core.InterceptingLauncher.execute(InterceptingLauncher.java:56)
	at org.junit.platform.launcher.core.DelegatingLauncher.execute(DelegatingLauncher.java:58)
	at java.base/jdk.internal.reflect.DirectMethodHandleAccessor.invoke(DirectMethodHandleAccessor.java:104)
	at java.base/java.lang.reflect.Method.invoke(Method.java:565)
	at org.apache.maven.surefire.api.util.ReflectionUtils.invokeMethodWithArray(ReflectionUtils.java:125)
	at org.apache.maven.surefire.junitplatform.LauncherAdapter.executeWithCancellationToken(LauncherAdapter.java:68)
	at org.apache.maven.surefire.junitplatform.LauncherAdapter.execute(LauncherAdapter.java:54)
	at org.apache.maven.surefire.junitplatform.JUnitPlatformProvider.execute(JUnitPlatformProvider.java:203)
	at org.apache.maven.surefire.junitplatform.JUnitPlatformProvider.invokeAllTests(JUnitPlatformProvider.java:168)
	at org.apache.maven.surefire.junitplatform.JUnitPlatformProvider.invoke(JUnitPlatformProvider.java:136)
	at org.apache.maven.surefire.booter.ForkedBooter.runSuitesInProcess(ForkedBooter.java:385)
	at org.apache.maven.surefire.booter.ForkedBooter.execute(ForkedBooter.java:162)
	at org.apache.maven.surefire.booter.ForkedBooter.run(ForkedBooter.java:507)
	at org.apache.maven.surefire.booter.ForkedBooter.main(ForkedBooter.java:495)
2026-08-27 13:18:07.779 [WARN ] [main] org.hibernate.orm.deprecation - HHH90000025: MySQLDialect does not need to be specified explicitly using 'hibernate.dialect' (remove the property setting and it will be selected by default)
2026-08-27 13:18:07.842 [INFO ] [main] o.hibernate.orm.connections.pooling - HHH10001005: Database info:
	Database JDBC URL [undefined/unknown]
	Database driver: undefined/unknown
	Database dialect: MySQLDialect
	Database version: 8.0
	Default catalog/schema: unknown/unknown
	Autocommit mode: undefined/unknown
	Isolation level: NONE [default NONE]
	JDBC fetch size: undefined/unknown
	Pool: DataSourceConnectionProvider
	Minimum pool size: undefined/unknown
	Maximum pool size: undefined/unknown
2026-08-27 13:18:12.244 [INFO ] [main] org.hibernate.orm.core - HHH000489: No JTA platform available (set 'hibernate.transaction.jta.platform' to enable JTA platform integration)
2026-08-27 13:18:12.355 [INFO ] [main] com.zaxxer.hikari.HikariDataSource - HikariPool-1 - Starting...
2026-08-27 13:18:12.366 [ERROR] [main] o.s.o.j.LocalContainerEntityManagerFactoryBean - Failed to initialize JPA EntityManagerFactory: Unable to build Hibernate SessionFactory  [persistence unit: default] ; nested exception is java.lang.RuntimeException: Driver com.mysql.cj.jdbc.Driver claims to not accept jdbcUrl, jdbc:h2:mem:66a7b515-972d-4a3c-a051-bc12499b2282;DB_CLOSE_DELAY=-1;DB_CLOSE_ON_EXIT=FALSE
2026-08-27 13:18:12.370 [WARN ] [main] o.s.w.c.s.GenericWebApplicationContext - Exception encountered during context initialization - cancelling refresh attempt: org.springframework.beans.factory.BeanCreationException: Error creating bean with name 'entityManagerFactory' defined in class path resource [org/springframework/boot/hibernate/autoconfigure/HibernateJpaConfiguration.class]: Unable to build Hibernate SessionFactory  [persistence unit: default] ; nested exception is java.lang.RuntimeException: Driver com.mysql.cj.jdbc.Driver claims to not accept jdbcUrl, jdbc:h2:mem:66a7b515-972d-4a3c-a051-bc12499b2282;DB_CLOSE_DELAY=-1;DB_CLOSE_ON_EXIT=FALSE
2026-08-27 13:18:12.430 [INFO ] [main] o.s.b.a.l.ConditionEvaluationReportLogger - 

Error starting ApplicationContext. To display the condition evaluation report re-run your application with 'debug' enabled.
2026-08-27 13:18:12.492 [ERROR] [main] o.s.boot.SpringApplication - Application run failed
org.springframework.beans.factory.BeanCreationException: Error creating bean with name 'entityManagerFactory' defined in class path resource [org/springframework/boot/hibernate/autoconfigure/HibernateJpaConfiguration.class]: Unable to build Hibernate SessionFactory  [persistence unit: default] ; nested exception is java.lang.RuntimeException: Driver com.mysql.cj.jdbc.Driver claims to not accept jdbcUrl, jdbc:h2:mem:66a7b515-972d-4a3c-a051-bc12499b2282;DB_CLOSE_DELAY=-1;DB_CLOSE_ON_EXIT=FALSE
	at org.springframework.beans.factory.support.AbstractAutowireCapableBeanFactory.initializeBean(AbstractAutowireCapableBeanFactory.java:1815)
	at org.springframework.beans.factory.support.AbstractAutowireCapableBeanFactory.doCreateBean(AbstractAutowireCapableBeanFactory.java:603)
	at org.springframework.beans.factory.support.AbstractAutowireCapableBeanFactory.createBean(AbstractAutowireCapableBeanFactory.java:525)
	at org.springframework.beans.factory.support.AbstractBeanFactory.lambda$doGetBean$0(AbstractBeanFactory.java:333)
	at org.springframework.beans.factory.support.DefaultSingletonBeanRegistry.getSingleton(DefaultSingletonBeanRegistry.java:371)
	at org.springframework.beans.factory.support.AbstractBeanFactory.doGetBean(AbstractBeanFactory.java:331)
	at org.springframework.beans.factory.support.AbstractBeanFactory.getBean(AbstractBeanFactory.java:201)
	at org.springframework.context.support.AbstractApplicationContext.finishBeanFactoryInitialization(AbstractApplicationContext.java:977)
	at org.springframework.context.support.AbstractApplicationContext.refresh(AbstractApplicationContext.java:621)
	at org.springframework.boot.SpringApplication.refresh(SpringApplication.java:756)
	at org.springframework.boot.SpringApplication.refreshContext(SpringApplication.java:445)
	at org.springframework.boot.SpringApplication.run(SpringApplication.java:321)
	at org.springframework.boot.test.context.SpringBootContextLoader.lambda$loadContext$2(SpringBootContextLoader.java:155)
	at org.springframework.util.function.ThrowingSupplier.get(ThrowingSupplier.java:58)
	at org.springframework.util.function.ThrowingSupplier.get(ThrowingSupplier.java:46)
	at org.springframework.boot.SpringApplication.withHook(SpringApplication.java:1465)
	at org.springframework.boot.test.context.SpringBootContextLoader$ContextLoaderHook.run(SpringBootContextLoader.java:600)
	at org.springframework.boot.test.context.SpringBootContextLoader.loadContext(SpringBootContextLoader.java:155)
	at org.springframework.boot.test.context.SpringBootContextLoader.loadContext(SpringBootContextLoader.java:114)
	at org.springframework.test.context.cache.DefaultCacheAwareContextLoaderDelegate.loadContextInternal(DefaultCacheAwareContextLoaderDelegate.java:247)
	at org.springframework.test.context.cache.DefaultCacheAwareContextLoaderDelegate.lambda$loadContext$0(DefaultCacheAwareContextLoaderDelegate.java:167)
	at org.springframework.test.context.cache.DefaultContextCache.put(DefaultContextCache.java:214)
	at org.springframework.test.context.cache.DefaultCacheAwareContextLoaderDelegate.loadContext(DefaultCacheAwareContextLoaderDelegate.java:160)
	at org.springframework.test.context.support.DefaultTestContext.getApplicationContext(DefaultTestContext.java:128)
	at org.springframework.test.context.web.ServletTestExecutionListener.setUpRequestContextIfNecessary(ServletTestExecutionListener.java:200)
	at org.springframework.test.context.web.ServletTestExecutionListener.prepareTestInstance(ServletTestExecutionListener.java:139)
	at org.springframework.test.context.TestContextManager.prepareTestInstance(TestContextManager.java:260)
	at org.springframework.test.context.junit.jupiter.SpringExtension.postProcessTestInstance(SpringExtension.java:242)
	at org.junit.jupiter.engine.descriptor.ClassBasedTestDescriptor.lambda$invokeTestInstancePostProcessors$1(ClassBasedTestDescriptor.java:423)
	at org.junit.jupiter.engine.descriptor.ClassBasedTestDescriptor.executeAndMaskThrowable(ClassBasedTestDescriptor.java:428)
	at org.junit.jupiter.engine.descriptor.ClassBasedTestDescriptor.lambda$invokeTestInstancePostProcessors$0(ClassBasedTestDescriptor.java:422)
	at java.base/java.util.stream.ForEachOps$ForEachOp$OfRef.accept(ForEachOps.java:186)
	at java.base/java.util.stream.ReferencePipeline$3$1.accept(ReferencePipeline.java:214)
	at java.base/java.util.stream.ReferencePipeline$2$1.accept(ReferencePipeline.java:197)
	at java.base/java.util.stream.ReferencePipeline$3$1.accept(ReferencePipeline.java:214)
	at java.base/java.util.ArrayList$ArrayListSpliterator.forEachRemaining(ArrayList.java:1716)
	at java.base/java.util.stream.AbstractPipeline.copyInto(AbstractPipeline.java:570)
	at java.base/java.util.stream.AbstractPipeline.wrapAndCopyInto(AbstractPipeline.java:560)
	at java.base/java.util.stream.ForEachOps$ForEachOp.evaluateSequential(ForEachOps.java:153)
	at java.base/java.util.stream.ForEachOps$ForEachOp$OfRef.evaluateSequential(ForEachOps.java:176)
	at java.base/java.util.stream.AbstractPipeline.evaluate(AbstractPipeline.java:265)
	at java.base/java.util.stream.ReferencePipeline.forEach(ReferencePipeline.java:632)
	at org.junit.jupiter.engine.descriptor.ClassBasedTestDescriptor.invokeTestInstancePostProcessors(ClassBasedTestDescriptor.java:422)
	at org.junit.jupiter.engine.descriptor.ClassBasedTestDescriptor.lambda$instantiateAndPostProcessTestInstance$0(ClassBasedTestDescriptor.java:334)
	at org.junit.platform.engine.support.hierarchical.ThrowableCollector.execute(ThrowableCollector.java:74)
	at org.junit.jupiter.engine.descriptor.ClassBasedTestDescriptor.instantiateAndPostProcessTestInstance(ClassBasedTestDescriptor.java:333)
	at org.junit.jupiter.engine.descriptor.ClassBasedTestDescriptor.lambda$testInstancesProvider$1(ClassBasedTestDescriptor.java:322)
	at java.base/java.util.Optional.orElseGet(Optional.java:364)
	at org.junit.jupiter.engine.descriptor.ClassBasedTestDescriptor.lambda$testInstancesProvider$0(ClassBasedTestDescriptor.java:321)
	at org.junit.jupiter.engine.execution.TestInstancesProvider.getTestInstances(TestInstancesProvider.java:27)
	at org.junit.jupiter.engine.descriptor.TestMethodTestDescriptor.lambda$prepare$0(TestMethodTestDescriptor.java:127)
	at org.junit.platform.engine.support.hierarchical.ThrowableCollector.execute(ThrowableCollector.java:74)
	at org.junit.jupiter.engine.descriptor.TestMethodTestDescriptor.prepare(TestMethodTestDescriptor.java:126)
	at org.junit.jupiter.engine.descriptor.TestMethodTestDescriptor.prepare(TestMethodTestDescriptor.java:70)
	at org.junit.platform.engine.support.hierarchical.NodeTestTask.lambda$prepare$0(NodeTestTask.java:144)
	at org.junit.platform.engine.support.hierarchical.ThrowableCollector.execute(ThrowableCollector.java:74)
	at org.junit.platform.engine.support.hierarchical.NodeTestTask.prepare(NodeTestTask.java:144)
	at org.junit.platform.engine.support.hierarchical.NodeTestTask.execute(NodeTestTask.java:110)
	at java.base/java.util.ArrayList.forEach(ArrayList.java:1604)
	at org.junit.platform.engine.support.hierarchical.SameThreadHierarchicalTestExecutorService.invokeAll(SameThreadHierarchicalTestExecutorService.java:42)
	at org.junit.platform.engine.support.hierarchical.NodeTestTask.lambda$executeRecursively$2(NodeTestTask.java:180)
	at org.junit.platform.engine.support.hierarchical.ThrowableCollector.execute(ThrowableCollector.java:74)
	at org.junit.platform.engine.support.hierarchical.NodeTestTask.lambda$executeRecursively$1(NodeTestTask.java:166)
	at org.junit.platform.engine.support.hierarchical.Node.around(Node.java:138)
	at org.junit.platform.engine.support.hierarchical.NodeTestTask.lambda$executeRecursively$0(NodeTestTask.java:164)
	at org.junit.platform.engine.support.hierarchical.ThrowableCollector.execute(ThrowableCollector.java:74)
	at org.junit.platform.engine.support.hierarchical.NodeTestTask.executeRecursively(NodeTestTask.java:163)
	at org.junit.platform.engine.support.hierarchical.NodeTestTask.execute(NodeTestTask.java:116)
	at java.base/java.util.ArrayList.forEach(ArrayList.java:1604)
	at org.junit.platform.engine.support.hierarchical.SameThreadHierarchicalTestExecutorService.invokeAll(SameThreadHierarchicalTestExecutorService.java:42)
	at org.junit.platform.engine.support.hierarchical.NodeTestTask.lambda$executeRecursively$2(NodeTestTask.java:180)
	at org.junit.platform.engine.support.hierarchical.ThrowableCollector.execute(ThrowableCollector.java:74)
	at org.junit.platform.engine.support.hierarchical.NodeTestTask.lambda$executeRecursively$1(NodeTestTask.java:166)
	at org.junit.platform.engine.support.hierarchical.Node.around(Node.java:138)
	at org.junit.platform.engine.support.hierarchical.NodeTestTask.lambda$executeRecursively$0(NodeTestTask.java:164)
	at org.junit.platform.engine.support.hierarchical.ThrowableCollector.execute(ThrowableCollector.java:74)
	at org.junit.platform.engine.support.hierarchical.NodeTestTask.executeRecursively(NodeTestTask.java:163)
	at org.junit.platform.engine.support.hierarchical.NodeTestTask.execute(NodeTestTask.java:116)
	at org.junit.platform.engine.support.hierarchical.SameThreadHierarchicalTestExecutorService.submit(SameThreadHierarchicalTestExecutorService.java:36)
	at org.junit.platform.engine.support.hierarchical.HierarchicalTestExecutor.execute(HierarchicalTestExecutor.java:52)
	at org.junit.platform.engine.support.hierarchical.HierarchicalTestEngine.execute(HierarchicalTestEngine.java:58)
	at org.junit.platform.launcher.core.EngineExecutionOrchestrator.executeEngine(EngineExecutionOrchestrator.java:246)
	at org.junit.platform.launcher.core.EngineExecutionOrchestrator.failOrExecuteEngine(EngineExecutionOrchestrator.java:218)
	at org.junit.platform.launcher.core.EngineExecutionOrchestrator.execute(EngineExecutionOrchestrator.java:179)
	at org.junit.platform.launcher.core.EngineExecutionOrchestrator.execute(EngineExecutionOrchestrator.java:108)
	at org.junit.platform.launcher.core.EngineExecutionOrchestrator.lambda$execute$0(EngineExecutionOrchestrator.java:66)
	at org.junit.platform.launcher.core.EngineExecutionOrchestrator.withInterceptedStreams(EngineExecutionOrchestrator.java:157)
	at org.junit.platform.launcher.core.EngineExecutionOrchestrator.execute(EngineExecutionOrchestrator.java:65)
	at org.junit.platform.launcher.core.DefaultLauncher.execute(DefaultLauncher.java:125)
	at org.junit.platform.launcher.core.DefaultLauncher.execute(DefaultLauncher.java:114)
	at org.junit.platform.launcher.core.DelegatingLauncher.execute(DelegatingLauncher.java:58)
	at org.junit.platform.launcher.core.InterceptingLauncher.lambda$execute$2(InterceptingLauncher.java:57)
	at org.junit.platform.launcher.core.ClasspathAlignmentCheckingLauncherInterceptor.intercept(ClasspathAlignmentCheckingLauncherInterceptor.java:25)
	at org.junit.platform.launcher.core.InterceptingLauncher.execute(InterceptingLauncher.java:56)
	at org.junit.platform.launcher.core.DelegatingLauncher.execute(DelegatingLauncher.java:58)
	at java.base/jdk.internal.reflect.DirectMethodHandleAccessor.invoke(DirectMethodHandleAccessor.java:104)
	at java.base/java.lang.reflect.Method.invoke(Method.java:565)
	at org.apache.maven.surefire.api.util.ReflectionUtils.invokeMethodWithArray(ReflectionUtils.java:125)
	at org.apache.maven.surefire.junitplatform.LauncherAdapter.executeWithCancellationToken(LauncherAdapter.java:68)
	at org.apache.maven.surefire.junitplatform.LauncherAdapter.execute(LauncherAdapter.java:54)
	at org.apache.maven.surefire.junitplatform.JUnitPlatformProvider.execute(JUnitPlatformProvider.java:203)
	at org.apache.maven.surefire.junitplatform.JUnitPlatformProvider.invokeAllTests(JUnitPlatformProvider.java:168)
	at org.apache.maven.surefire.junitplatform.JUnitPlatformProvider.invoke(JUnitPlatformProvider.java:136)
	at org.apache.maven.surefire.booter.ForkedBooter.runSuitesInProcess(ForkedBooter.java:385)
	at org.apache.maven.surefire.booter.ForkedBooter.execute(ForkedBooter.java:162)
	at org.apache.maven.surefire.booter.ForkedBooter.run(ForkedBooter.java:507)
	at org.apache.maven.surefire.booter.ForkedBooter.main(ForkedBooter.java:495)
Caused by: jakarta.persistence.PersistenceException: Unable to build Hibernate SessionFactory  [persistence unit: default] ; nested exception is java.lang.RuntimeException: Driver com.mysql.cj.jdbc.Driver claims to not accept jdbcUrl, jdbc:h2:mem:66a7b515-972d-4a3c-a051-bc12499b2282;DB_CLOSE_DELAY=-1;DB_CLOSE_ON_EXIT=FALSE
	at org.springframework.orm.jpa.AbstractEntityManagerFactoryBean.buildNativeEntityManagerFactory(AbstractEntityManagerFactoryBean.java:448)
	at org.springframework.orm.jpa.AbstractEntityManagerFactoryBean.afterPropertiesSet(AbstractEntityManagerFactoryBean.java:411)
	at org.springframework.orm.jpa.LocalContainerEntityManagerFactoryBean.afterPropertiesSet(LocalContainerEntityManagerFactoryBean.java:419)
	at org.springframework.beans.factory.support.AbstractAutowireCapableBeanFactory.invokeInitMethods(AbstractAutowireCapableBeanFactory.java:1862)
	at org.springframework.beans.factory.support.AbstractAutowireCapableBeanFactory.initializeBean(AbstractAutowireCapableBeanFactory.java:1811)
	... 106 common frames omitted
Caused by: java.lang.RuntimeException: Driver com.mysql.cj.jdbc.Driver claims to not accept jdbcUrl, jdbc:h2:mem:66a7b515-972d-4a3c-a051-bc12499b2282;DB_CLOSE_DELAY=-1;DB_CLOSE_ON_EXIT=FALSE
	at com.zaxxer.hikari.util.DriverDataSource.<init>(DriverDataSource.java:116)
	at com.zaxxer.hikari.pool.PoolBase.initializeDataSource(PoolBase.java:336)
	at com.zaxxer.hikari.pool.PoolBase.<init>(PoolBase.java:121)
	at com.zaxxer.hikari.pool.HikariPool.<init>(HikariPool.java:90)
	at com.zaxxer.hikari.HikariDataSource.getConnection(HikariDataSource.java:111)
	at org.hibernate.engine.jdbc.connections.internal.DataSourceConnectionProvider.getConnection(DataSourceConnectionProvider.java:149)
	at org.hibernate.engine.jdbc.env.internal.JdbcEnvironmentInitiator$ConnectionProviderJdbcConnectionAccess.obtainConnection(JdbcEnvironmentInitiator.java:508)
	at org.hibernate.resource.transaction.backend.jdbc.internal.DdlTransactionIsolatorNonJtaImpl.getIsolatedConnection(DdlTransactionIsolatorNonJtaImpl.java:44)
	at org.hibernate.resource.transaction.backend.jdbc.internal.DdlTransactionIsolatorNonJtaImpl.getIsolatedConnection(DdlTransactionIsolatorNonJtaImpl.java:37)
	at org.hibernate.tool.schema.internal.exec.ImprovedExtractionContextImpl.getJdbcConnection(ImprovedExtractionContextImpl.java:61)
	at org.hibernate.tool.schema.internal.exec.ImprovedExtractionContextImpl.getJdbcDatabaseMetaData(ImprovedExtractionContextImpl.java:68)
	at org.hibernate.tool.schema.extract.internal.InformationExtractorJdbcDatabaseMetaDataImpl.getJdbcDatabaseMetaData(InformationExtractorJdbcDatabaseMetaDataImpl.java:39)
	at org.hibernate.tool.schema.extract.internal.InformationExtractorJdbcDatabaseMetaDataImpl.processTableResultSet(InformationExtractorJdbcDatabaseMetaDataImpl.java:81)
	at org.hibernate.tool.schema.extract.internal.AbstractInformationExtractorImpl.getTables(AbstractInformationExtractorImpl.java:496)
	at org.hibernate.tool.schema.extract.internal.DatabaseInformationImpl.getTablesInformation(DatabaseInformationImpl.java:124)
	at org.hibernate.tool.schema.internal.GroupedSchemaMigratorImpl.performTablesMigration(GroupedSchemaMigratorImpl.java:72)
	at org.hibernate.tool.schema.internal.AbstractSchemaMigrator.performMigration(AbstractSchemaMigrator.java:220)
	at org.hibernate.tool.schema.internal.AbstractSchemaMigrator.doMigration(AbstractSchemaMigrator.java:96)
	at org.hibernate.tool.schema.spi.SchemaManagementToolCoordinator.performDatabaseAction(SchemaManagementToolCoordinator.java:269)
	at org.hibernate.tool.schema.spi.SchemaManagementToolCoordinator.lambda$process$1(SchemaManagementToolCoordinator.java:101)
	at java.base/java.util.HashMap.forEach(HashMap.java:1430)
	at org.hibernate.tool.schema.spi.SchemaManagementToolCoordinator.process(SchemaManagementToolCoordinator.java:100)
	at org.hibernate.boot.internal.SessionFactoryObserverForSchemaExport.sessionFactoryCreated(SessionFactoryObserverForSchemaExport.java:35)
	at org.hibernate.internal.SessionFactoryObserverChain.sessionFactoryCreated(SessionFactoryObserverChain.java:33)
	at org.hibernate.internal.SessionFactoryImpl.<init>(SessionFactoryImpl.java:327)
	at org.hibernate.internal.SessionFactoryRegistry.instantiateSessionFactory(SessionFactoryRegistry.java:64)
	at org.hibernate.boot.internal.SessionFactoryBuilderImpl.build(SessionFactoryBuilderImpl.java:458)
	at org.hibernate.jpa.boot.internal.EntityManagerFactoryBuilderImpl.build(EntityManagerFactoryBuilderImpl.java:1452)
	at org.springframework.orm.jpa.vendor.SpringHibernateJpaPersistenceProvider.createContainerEntityManagerFactory(SpringHibernateJpaPersistenceProvider.java:93)
	at org.springframework.orm.jpa.LocalContainerEntityManagerFactoryBean.createNativeEntityManagerFactory(LocalContainerEntityManagerFactoryBean.java:443)
	at org.springframework.orm.jpa.AbstractEntityManagerFactoryBean.buildNativeEntityManagerFactory(AbstractEntityManagerFactoryBean.java:436)
	... 110 common frames omitted
2026-08-27 13:18:12.505 [WARN ] [main] o.s.test.context.TestContextManager - Caught exception while allowing TestExecutionListener [org.springframework.test.context.web.ServletTestExecutionListener] to prepare test instance [com.career.CareerPathAdviserApplicationTests@6b4376e1]
java.lang.IllegalStateException: Failed to load ApplicationContext for [WebMergedContextConfiguration@57f9f387 testClass = com.career.CareerPathAdviserApplicationTests, locations = [], classes = [com.career.CareerPathAdviserApplication], contextInitializerClasses = [], activeProfiles = [], propertySourceDescriptors = [], propertySourceProperties = ["org.springframework.boot.test.context.SpringBootTestContextBootstrapper=true"], contextCustomizers = [org.springframework.boot.web.server.context.SpringBootTestRandomPortContextCustomizer@3234f74e, org.springframework.boot.test.context.PropertyMappingContextCustomizer@0, org.springframework.boot.test.context.filter.ExcludeFilterContextCustomizer@7b64240d, org.springframework.boot.test.json.DuplicateJsonObjectContextCustomizerFactory$DuplicateJsonObjectContextCustomizer@2756c0a7, org.springframework.boot.test.autoconfigure.OnFailureConditionReportContextCustomizerFactory$OnFailureConditionReportContextCustomizer@71984c3, org.springframework.test.context.support.DynamicPropertiesContextCustomizer@0, org.springframework.boot.test.context.SpringBootTestAnnotation@cbee7da4], resourceBasePath = "src/main/webapp", contextLoader = org.springframework.boot.test.context.SpringBootContextLoader, parent = null]
	at org.springframework.test.context.cache.DefaultCacheAwareContextLoaderDelegate.lambda$loadContext$0(DefaultCacheAwareContextLoaderDelegate.java:195)
	at org.springframework.test.context.cache.DefaultContextCache.put(DefaultContextCache.java:214)
	at org.springframework.test.context.cache.DefaultCacheAwareContextLoaderDelegate.loadContext(DefaultCacheAwareContextLoaderDelegate.java:160)
	at org.springframework.test.context.support.DefaultTestContext.getApplicationContext(DefaultTestContext.java:128)
	at org.springframework.test.context.web.ServletTestExecutionListener.setUpRequestContextIfNecessary(ServletTestExecutionListener.java:200)
	at org.springframework.test.context.web.ServletTestExecutionListener.prepareTestInstance(ServletTestExecutionListener.java:139)
	at org.springframework.test.context.TestContextManager.prepareTestInstance(TestContextManager.java:260)
	at org.springframework.test.context.junit.jupiter.SpringExtension.postProcessTestInstance(SpringExtension.java:242)
	at org.junit.jupiter.engine.descriptor.ClassBasedTestDescriptor.lambda$invokeTestInstancePostProcessors$1(ClassBasedTestDescriptor.java:423)
	at org.junit.jupiter.engine.descriptor.ClassBasedTestDescriptor.executeAndMaskThrowable(ClassBasedTestDescriptor.java:428)
	at org.junit.jupiter.engine.descriptor.ClassBasedTestDescriptor.lambda$invokeTestInstancePostProcessors$0(ClassBasedTestDescriptor.java:422)
	at java.base/java.util.stream.ForEachOps$ForEachOp$OfRef.accept(ForEachOps.java:186)
	at java.base/java.util.stream.ReferencePipeline$3$1.accept(ReferencePipeline.java:214)
	at java.base/java.util.stream.ReferencePipeline$2$1.accept(ReferencePipeline.java:197)
	at java.base/java.util.stream.ReferencePipeline$3$1.accept(ReferencePipeline.java:214)
	at java.base/java.util.ArrayList$ArrayListSpliterator.forEachRemaining(ArrayList.java:1716)
	at java.base/java.util.stream.AbstractPipeline.copyInto(AbstractPipeline.java:570)
	at java.base/java.util.stream.AbstractPipeline.wrapAndCopyInto(AbstractPipeline.java:560)
	at java.base/java.util.stream.ForEachOps$ForEachOp.evaluateSequential(ForEachOps.java:153)
	at java.base/java.util.stream.ForEachOps$ForEachOp$OfRef.evaluateSequential(ForEachOps.java:176)
	at java.base/java.util.stream.AbstractPipeline.evaluate(AbstractPipeline.java:265)
	at java.base/java.util.stream.ReferencePipeline.forEach(ReferencePipeline.java:632)
	at org.junit.jupiter.engine.descriptor.ClassBasedTestDescriptor.invokeTestInstancePostProcessors(ClassBasedTestDescriptor.java:422)
	at org.junit.jupiter.engine.descriptor.ClassBasedTestDescriptor.lambda$instantiateAndPostProcessTestInstance$0(ClassBasedTestDescriptor.java:334)
	at org.junit.platform.engine.support.hierarchical.ThrowableCollector.execute(ThrowableCollector.java:74)
	at org.junit.jupiter.engine.descriptor.ClassBasedTestDescriptor.instantiateAndPostProcessTestInstance(ClassBasedTestDescriptor.java:333)
	at org.junit.jupiter.engine.descriptor.ClassBasedTestDescriptor.lambda$testInstancesProvider$1(ClassBasedTestDescriptor.java:322)
	at java.base/java.util.Optional.orElseGet(Optional.java:364)
	at org.junit.jupiter.engine.descriptor.ClassBasedTestDescriptor.lambda$testInstancesProvider$0(ClassBasedTestDescriptor.java:321)
	at org.junit.jupiter.engine.execution.TestInstancesProvider.getTestInstances(TestInstancesProvider.java:27)
	at org.junit.jupiter.engine.descriptor.TestMethodTestDescriptor.lambda$prepare$0(TestMethodTestDescriptor.java:127)
	at org.junit.platform.engine.support.hierarchical.ThrowableCollector.execute(ThrowableCollector.java:74)
	at org.junit.jupiter.engine.descriptor.TestMethodTestDescriptor.prepare(TestMethodTestDescriptor.java:126)
	at org.junit.jupiter.engine.descriptor.TestMethodTestDescriptor.prepare(TestMethodTestDescriptor.java:70)
	at org.junit.platform.engine.support.hierarchical.NodeTestTask.lambda$prepare$0(NodeTestTask.java:144)
	at org.junit.platform.engine.support.hierarchical.ThrowableCollector.execute(ThrowableCollector.java:74)
	at org.junit.platform.engine.support.hierarchical.NodeTestTask.prepare(NodeTestTask.java:144)
	at org.junit.platform.engine.support.hierarchical.NodeTestTask.execute(NodeTestTask.java:110)
	at java.base/java.util.ArrayList.forEach(ArrayList.java:1604)
	at org.junit.platform.engine.support.hierarchical.SameThreadHierarchicalTestExecutorService.invokeAll(SameThreadHierarchicalTestExecutorService.java:42)
	at org.junit.platform.engine.support.hierarchical.NodeTestTask.lambda$executeRecursively$2(NodeTestTask.java:180)
	at org.junit.platform.engine.support.hierarchical.ThrowableCollector.execute(ThrowableCollector.java:74)
	at org.junit.platform.engine.support.hierarchical.NodeTestTask.lambda$executeRecursively$1(NodeTestTask.java:166)
	at org.junit.platform.engine.support.hierarchical.Node.around(Node.java:138)
	at org.junit.platform.engine.support.hierarchical.NodeTestTask.lambda$executeRecursively$0(NodeTestTask.java:164)
	at org.junit.platform.engine.support.hierarchical.ThrowableCollector.execute(ThrowableCollector.java:74)
	at org.junit.platform.engine.support.hierarchical.NodeTestTask.executeRecursively(NodeTestTask.java:163)
	at org.junit.platform.engine.support.hierarchical.NodeTestTask.execute(NodeTestTask.java:116)
	at java.base/java.util.ArrayList.forEach(ArrayList.java:1604)
	at org.junit.platform.engine.support.hierarchical.SameThreadHierarchicalTestExecutorService.invokeAll(SameThreadHierarchicalTestExecutorService.java:42)
	at org.junit.platform.engine.support.hierarchical.NodeTestTask.lambda$executeRecursively$2(NodeTestTask.java:180)
	at org.junit.platform.engine.support.hierarchical.ThrowableCollector.execute(ThrowableCollector.java:74)
	at org.junit.platform.engine.support.hierarchical.NodeTestTask.lambda$executeRecursively$1(NodeTestTask.java:166)
	at org.junit.platform.engine.support.hierarchical.Node.around(Node.java:138)
	at org.junit.platform.engine.support.hierarchical.NodeTestTask.lambda$executeRecursively$0(NodeTestTask.java:164)
	at org.junit.platform.engine.support.hierarchical.ThrowableCollector.execute(ThrowableCollector.java:74)
	at org.junit.platform.engine.support.hierarchical.NodeTestTask.executeRecursively(NodeTestTask.java:163)
	at org.junit.platform.engine.support.hierarchical.NodeTestTask.execute(NodeTestTask.java:116)
	at org.junit.platform.engine.support.hierarchical.SameThreadHierarchicalTestExecutorService.submit(SameThreadHierarchicalTestExecutorService.java:36)
	at org.junit.platform.engine.support.hierarchical.HierarchicalTestExecutor.execute(HierarchicalTestExecutor.java:52)
	at org.junit.platform.engine.support.hierarchical.HierarchicalTestEngine.execute(HierarchicalTestEngine.java:58)
	at org.junit.platform.launcher.core.EngineExecutionOrchestrator.executeEngine(EngineExecutionOrchestrator.java:246)
	at org.junit.platform.launcher.core.EngineExecutionOrchestrator.failOrExecuteEngine(EngineExecutionOrchestrator.java:218)
	at org.junit.platform.launcher.core.EngineExecutionOrchestrator.execute(EngineExecutionOrchestrator.java:179)
	at org.junit.platform.launcher.core.EngineExecutionOrchestrator.execute(EngineExecutionOrchestrator.java:108)
	at org.junit.platform.launcher.core.EngineExecutionOrchestrator.lambda$execute$0(EngineExecutionOrchestrator.java:66)
	at org.junit.platform.launcher.core.EngineExecutionOrchestrator.withInterceptedStreams(EngineExecutionOrchestrator.java:157)
	at org.junit.platform.launcher.core.EngineExecutionOrchestrator.execute(EngineExecutionOrchestrator.java:65)
	at org.junit.platform.launcher.core.DefaultLauncher.execute(DefaultLauncher.java:125)
	at org.junit.platform.launcher.core.DefaultLauncher.execute(DefaultLauncher.java:114)
	at org.junit.platform.launcher.core.DelegatingLauncher.execute(DelegatingLauncher.java:58)
	at org.junit.platform.launcher.core.InterceptingLauncher.lambda$execute$2(InterceptingLauncher.java:57)
	at org.junit.platform.launcher.core.ClasspathAlignmentCheckingLauncherInterceptor.intercept(ClasspathAlignmentCheckingLauncherInterceptor.java:25)
	at org.junit.platform.launcher.core.InterceptingLauncher.execute(InterceptingLauncher.java:56)
	at org.junit.platform.launcher.core.DelegatingLauncher.execute(DelegatingLauncher.java:58)
	at java.base/jdk.internal.reflect.DirectMethodHandleAccessor.invoke(DirectMethodHandleAccessor.java:104)
	at java.base/java.lang.reflect.Method.invoke(Method.java:565)
	at org.apache.maven.surefire.api.util.ReflectionUtils.invokeMethodWithArray(ReflectionUtils.java:125)
	at org.apache.maven.surefire.junitplatform.LauncherAdapter.executeWithCancellationToken(LauncherAdapter.java:68)
	at org.apache.maven.surefire.junitplatform.LauncherAdapter.execute(LauncherAdapter.java:54)
	at org.apache.maven.surefire.junitplatform.JUnitPlatformProvider.execute(JUnitPlatformProvider.java:203)
	at org.apache.maven.surefire.junitplatform.JUnitPlatformProvider.invokeAllTests(JUnitPlatformProvider.java:168)
	at org.apache.maven.surefire.junitplatform.JUnitPlatformProvider.invoke(JUnitPlatformProvider.java:136)
	at org.apache.maven.surefire.booter.ForkedBooter.runSuitesInProcess(ForkedBooter.java:385)
	at org.apache.maven.surefire.booter.ForkedBooter.execute(ForkedBooter.java:162)
	at org.apache.maven.surefire.booter.ForkedBooter.run(ForkedBooter.java:507)
	at org.apache.maven.surefire.booter.ForkedBooter.main(ForkedBooter.java:495)
Caused by: org.springframework.beans.factory.BeanCreationException: Error creating bean with name 'entityManagerFactory' defined in class path resource [org/springframework/boot/hibernate/autoconfigure/HibernateJpaConfiguration.class]: Unable to build Hibernate SessionFactory  [persistence unit: default] ; nested exception is java.lang.RuntimeException: Driver com.mysql.cj.jdbc.Driver claims to not accept jdbcUrl, jdbc:h2:mem:66a7b515-972d-4a3c-a051-bc12499b2282;DB_CLOSE_DELAY=-1;DB_CLOSE_ON_EXIT=FALSE
	at org.springframework.beans.factory.support.AbstractAutowireCapableBeanFactory.initializeBean(AbstractAutowireCapableBeanFactory.java:1815)
	at org.springframework.beans.factory.support.AbstractAutowireCapableBeanFactory.doCreateBean(AbstractAutowireCapableBeanFactory.java:603)
	at org.springframework.beans.factory.support.AbstractAutowireCapableBeanFactory.createBean(AbstractAutowireCapableBeanFactory.java:525)
	at org.springframework.beans.factory.support.AbstractBeanFactory.lambda$doGetBean$0(AbstractBeanFactory.java:333)
	at org.springframework.beans.factory.support.DefaultSingletonBeanRegistry.getSingleton(DefaultSingletonBeanRegistry.java:371)
	at org.springframework.beans.factory.support.AbstractBeanFactory.doGetBean(AbstractBeanFactory.java:331)
	at org.springframework.beans.factory.support.AbstractBeanFactory.getBean(AbstractBeanFactory.java:201)
	at org.springframework.context.support.AbstractApplicationContext.finishBeanFactoryInitialization(AbstractApplicationContext.java:977)
	at org.springframework.context.support.AbstractApplicationContext.refresh(AbstractApplicationContext.java:621)
	at org.springframework.boot.SpringApplication.refresh(SpringApplication.java:756)
	at org.springframework.boot.SpringApplication.refreshContext(SpringApplication.java:445)
	at org.springframework.boot.SpringApplication.run(SpringApplication.java:321)
	at org.springframework.boot.test.context.SpringBootContextLoader.lambda$loadContext$2(SpringBootContextLoader.java:155)
	at org.springframework.util.function.ThrowingSupplier.get(ThrowingSupplier.java:58)
	at org.springframework.util.function.ThrowingSupplier.get(ThrowingSupplier.java:46)
	at org.springframework.boot.SpringApplication.withHook(SpringApplication.java:1465)
	at org.springframework.boot.test.context.SpringBootContextLoader$ContextLoaderHook.run(SpringBootContextLoader.java:600)
	at org.springframework.boot.test.context.SpringBootContextLoader.loadContext(SpringBootContextLoader.java:155)
	at org.springframework.boot.test.context.SpringBootContextLoader.loadContext(SpringBootContextLoader.java:114)
	at org.springframework.test.context.cache.DefaultCacheAwareContextLoaderDelegate.loadContextInternal(DefaultCacheAwareContextLoaderDelegate.java:247)
	at org.springframework.test.context.cache.DefaultCacheAwareContextLoaderDelegate.lambda$loadContext$0(DefaultCacheAwareContextLoaderDelegate.java:167)
	... 86 common frames omitted
Caused by: jakarta.persistence.PersistenceException: Unable to build Hibernate SessionFactory  [persistence unit: default] ; nested exception is java.lang.RuntimeException: Driver com.mysql.cj.jdbc.Driver claims to not accept jdbcUrl, jdbc:h2:mem:66a7b515-972d-4a3c-a051-bc12499b2282;DB_CLOSE_DELAY=-1;DB_CLOSE_ON_EXIT=FALSE
	at org.springframework.orm.jpa.AbstractEntityManagerFactoryBean.buildNativeEntityManagerFactory(AbstractEntityManagerFactoryBean.java:448)
	at org.springframework.orm.jpa.AbstractEntityManagerFactoryBean.afterPropertiesSet(AbstractEntityManagerFactoryBean.java:411)
	at org.springframework.orm.jpa.LocalContainerEntityManagerFactoryBean.afterPropertiesSet(LocalContainerEntityManagerFactoryBean.java:419)
	at org.springframework.beans.factory.support.AbstractAutowireCapableBeanFactory.invokeInitMethods(AbstractAutowireCapableBeanFactory.java:1862)
	at org.springframework.beans.factory.support.AbstractAutowireCapableBeanFactory.initializeBean(AbstractAutowireCapableBeanFactory.java:1811)
	... 106 common frames omitted
Caused by: java.lang.RuntimeException: Driver com.mysql.cj.jdbc.Driver claims to not accept jdbcUrl, jdbc:h2:mem:66a7b515-972d-4a3c-a051-bc12499b2282;DB_CLOSE_DELAY=-1;DB_CLOSE_ON_EXIT=FALSE
	at com.zaxxer.hikari.util.DriverDataSource.<init>(DriverDataSource.java:116)
	at com.zaxxer.hikari.pool.PoolBase.initializeDataSource(PoolBase.java:336)
	at com.zaxxer.hikari.pool.PoolBase.<init>(PoolBase.java:121)
	at com.zaxxer.hikari.pool.HikariPool.<init>(HikariPool.java:90)
	at com.zaxxer.hikari.HikariDataSource.getConnection(HikariDataSource.java:111)
	at org.hibernate.engine.jdbc.connections.internal.DataSourceConnectionProvider.getConnection(DataSourceConnectionProvider.java:149)
	at org.hibernate.engine.jdbc.env.internal.JdbcEnvironmentInitiator$ConnectionProviderJdbcConnectionAccess.obtainConnection(JdbcEnvironmentInitiator.java:508)
	at org.hibernate.resource.transaction.backend.jdbc.internal.DdlTransactionIsolatorNonJtaImpl.getIsolatedConnection(DdlTransactionIsolatorNonJtaImpl.java:44)
	at org.hibernate.resource.transaction.backend.jdbc.internal.DdlTransactionIsolatorNonJtaImpl.getIsolatedConnection(DdlTransactionIsolatorNonJtaImpl.java:37)
	at org.hibernate.tool.schema.internal.exec.ImprovedExtractionContextImpl.getJdbcConnection(ImprovedExtractionContextImpl.java:61)
	at org.hibernate.tool.schema.internal.exec.ImprovedExtractionContextImpl.getJdbcDatabaseMetaData(ImprovedExtractionContextImpl.java:68)
	at org.hibernate.tool.schema.extract.internal.InformationExtractorJdbcDatabaseMetaDataImpl.getJdbcDatabaseMetaData(InformationExtractorJdbcDatabaseMetaDataImpl.java:39)
	at org.hibernate.tool.schema.extract.internal.InformationExtractorJdbcDatabaseMetaDataImpl.processTableResultSet(InformationExtractorJdbcDatabaseMetaDataImpl.java:81)
	at org.hibernate.tool.schema.extract.internal.AbstractInformationExtractorImpl.getTables(AbstractInformationExtractorImpl.java:496)
	at org.hibernate.tool.schema.extract.internal.DatabaseInformationImpl.getTablesInformation(DatabaseInformationImpl.java:124)
	at org.hibernate.tool.schema.internal.GroupedSchemaMigratorImpl.performTablesMigration(GroupedSchemaMigratorImpl.java:72)
	at org.hibernate.tool.schema.internal.AbstractSchemaMigrator.performMigration(AbstractSchemaMigrator.java:220)
	at org.hibernate.tool.schema.internal.AbstractSchemaMigrator.doMigration(AbstractSchemaMigrator.java:96)
	at org.hibernate.tool.schema.spi.SchemaManagementToolCoordinator.performDatabaseAction(SchemaManagementToolCoordinator.java:269)
	at org.hibernate.tool.schema.spi.SchemaManagementToolCoordinator.lambda$process$1(SchemaManagementToolCoordinator.java:101)
	at java.base/java.util.HashMap.forEach(HashMap.java:1430)
	at org.hibernate.tool.schema.spi.SchemaManagementToolCoordinator.process(SchemaManagementToolCoordinator.java:100)
	at org.hibernate.boot.internal.SessionFactoryObserverForSchemaExport.sessionFactoryCreated(SessionFactoryObserverForSchemaExport.java:35)
	at org.hibernate.internal.SessionFactoryObserverChain.sessionFactoryCreated(SessionFactoryObserverChain.java:33)
	at org.hibernate.internal.SessionFactoryImpl.<init>(SessionFactoryImpl.java:327)
	at org.hibernate.internal.SessionFactoryRegistry.instantiateSessionFactory(SessionFactoryRegistry.java:64)
	at org.hibernate.boot.internal.SessionFactoryBuilderImpl.build(SessionFactoryBuilderImpl.java:458)
	at org.hibernate.jpa.boot.internal.EntityManagerFactoryBuilderImpl.build(EntityManagerFactoryBuilderImpl.java:1452)
	at org.springframework.orm.jpa.vendor.SpringHibernateJpaPersistenceProvider.createContainerEntityManagerFactory(SpringHibernateJpaPersistenceProvider.java:93)
	at org.springframework.orm.jpa.LocalContainerEntityManagerFactoryBean.createNativeEntityManagerFactory(LocalContainerEntityManagerFactoryBean.java:443)
	at org.springframework.orm.jpa.AbstractEntityManagerFactoryBean.buildNativeEntityManagerFactory(AbstractEntityManagerFactoryBean.java:436)
	... 110 common frames omitted
2026-08-27 13:18:14.020 [INFO ] [main] c.career.controller.AuthController - REST: Admin login request for email admin@example.com
2026-08-27 13:18:14.128 [INFO ] [main] c.career.controller.AuthController - REST: Register request for email alex@example.com
2026-08-27 13:18:14.138 [INFO ] [main] c.career.controller.AuthController - REST: Student login request for email alex@example.com
2026-08-27 13:18:14.169 [WARN ] [main] c.c.exception.GlobalExceptionHandler - Unauthorized access: Session invalid on URI /api/test
2026-08-27 13:18:14.260 [WARN ] [main] c.c.exception.GlobalExceptionHandler - Duplicate resource conflict: Email already exists on URI /api/test
2026-08-27 13:18:14.266 [ERROR] [main] c.c.exception.GlobalExceptionHandler - Unhandled internal server error on URI /api/test: Unexpected error
java.lang.RuntimeException: Unexpected error
	at com.career.exception.GlobalExceptionHandlerTest.testHandleGlobalException(GlobalExceptionHandlerTest.java:79)
	at java.base/jdk.internal.reflect.DirectMethodHandleAccessor.invoke(DirectMethodHandleAccessor.java:104)
	at java.base/java.lang.reflect.Method.invoke(Method.java:565)
	at org.junit.platform.commons.util.ReflectionUtils.invokeMethod(ReflectionUtils.java:701)
	at org.junit.platform.commons.support.ReflectionSupport.invokeMethod(ReflectionSupport.java:502)
	at org.junit.jupiter.engine.support.MethodReflectionUtils.invoke(MethodReflectionUtils.java:45)
	at org.junit.jupiter.engine.execution.MethodInvocation.proceed(MethodInvocation.java:61)
	at org.junit.jupiter.engine.execution.InvocationInterceptorChain$ValidatingInvocation.proceed(InvocationInterceptorChain.java:124)
	at org.junit.jupiter.engine.extension.TimeoutExtension.intercept(TimeoutExtension.java:163)
	at org.junit.jupiter.engine.extension.TimeoutExtension.interceptTestableMethod(TimeoutExtension.java:148)
	at org.junit.jupiter.engine.extension.TimeoutExtension.interceptTestMethod(TimeoutExtension.java:86)
	at org.junit.jupiter.engine.execution.InterceptingExecutableInvoker$ReflectiveInterceptorCall.lambda$ofVoidMethod$0(InterceptingExecutableInvoker.java:123)
	at org.junit.jupiter.engine.execution.InterceptingExecutableInvoker.lambda$invoke$0(InterceptingExecutableInvoker.java:105)
	at org.junit.jupiter.engine.execution.InvocationInterceptorChain$InterceptedInvocation.proceed(InvocationInterceptorChain.java:99)
	at org.junit.jupiter.engine.execution.InvocationInterceptorChain.proceed(InvocationInterceptorChain.java:66)
	at org.junit.jupiter.engine.execution.InvocationInterceptorChain.chainAndInvoke(InvocationInterceptorChain.java:47)
	at org.junit.jupiter.engine.execution.InvocationInterceptorChain.invoke(InvocationInterceptorChain.java:39)
	at org.junit.jupiter.engine.execution.InterceptingExecutableInvoker.invoke(InterceptingExecutableInvoker.java:104)
	at org.junit.jupiter.engine.execution.InterceptingExecutableInvoker.invoke(InterceptingExecutableInvoker.java:98)
	at org.junit.jupiter.engine.execution.InterceptingExecutableInvoker.invokeVoid(InterceptingExecutableInvoker.java:71)
	at org.junit.jupiter.engine.descriptor.TestMethodTestDescriptor.lambda$invokeTestMethod$0(TestMethodTestDescriptor.java:219)
	at org.junit.platform.engine.support.hierarchical.ThrowableCollector.execute(ThrowableCollector.java:74)
	at org.junit.jupiter.engine.descriptor.TestMethodTestDescriptor.invokeTestMethod(TestMethodTestDescriptor.java:215)
	at org.junit.jupiter.engine.descriptor.TestMethodTestDescriptor.execute(TestMethodTestDescriptor.java:157)
	at org.junit.jupiter.engine.descriptor.TestMethodTestDescriptor.execute(TestMethodTestDescriptor.java:70)
	at org.junit.platform.engine.support.hierarchical.NodeTestTask.lambda$executeRecursively$2(NodeTestTask.java:176)
	at org.junit.platform.engine.support.hierarchical.ThrowableCollector.execute(ThrowableCollector.java:74)
	at org.junit.platform.engine.support.hierarchical.NodeTestTask.lambda$executeRecursively$1(NodeTestTask.java:166)
	at org.junit.platform.engine.support.hierarchical.Node.around(Node.java:138)
	at org.junit.platform.engine.support.hierarchical.NodeTestTask.lambda$executeRecursively$0(NodeTestTask.java:164)
	at org.junit.platform.engine.support.hierarchical.ThrowableCollector.execute(ThrowableCollector.java:74)
	at org.junit.platform.engine.support.hierarchical.NodeTestTask.executeRecursively(NodeTestTask.java:163)
	at org.junit.platform.engine.support.hierarchical.NodeTestTask.execute(NodeTestTask.java:116)
	at java.base/java.util.ArrayList.forEach(ArrayList.java:1604)
	at org.junit.platform.engine.support.hierarchical.SameThreadHierarchicalTestExecutorService.invokeAll(SameThreadHierarchicalTestExecutorService.java:42)
	at org.junit.platform.engine.support.hierarchical.NodeTestTask.lambda$executeRecursively$2(NodeTestTask.java:180)
	at org.junit.platform.engine.support.hierarchical.ThrowableCollector.execute(ThrowableCollector.java:74)
	at org.junit.platform.engine.support.hierarchical.NodeTestTask.lambda$executeRecursively$1(NodeTestTask.java:166)
	at org.junit.platform.engine.support.hierarchical.Node.around(Node.java:138)
	at org.junit.platform.engine.support.hierarchical.NodeTestTask.lambda$executeRecursively$0(NodeTestTask.java:164)
	at org.junit.platform.engine.support.hierarchical.ThrowableCollector.execute(ThrowableCollector.java:74)
	at org.junit.platform.engine.support.hierarchical.NodeTestTask.executeRecursively(NodeTestTask.java:163)
	at org.junit.platform.engine.support.hierarchical.NodeTestTask.execute(NodeTestTask.java:116)
	at java.base/java.util.ArrayList.forEach(ArrayList.java:1604)
	at org.junit.platform.engine.support.hierarchical.SameThreadHierarchicalTestExecutorService.invokeAll(SameThreadHierarchicalTestExecutorService.java:42)
	at org.junit.platform.engine.support.hierarchical.NodeTestTask.lambda$executeRecursively$2(NodeTestTask.java:180)
	at org.junit.platform.engine.support.hierarchical.ThrowableCollector.execute(ThrowableCollector.java:74)
	at org.junit.platform.engine.support.hierarchical.NodeTestTask.lambda$executeRecursively$1(NodeTestTask.java:166)
	at org.junit.platform.engine.support.hierarchical.Node.around(Node.java:138)
	at org.junit.platform.engine.support.hierarchical.NodeTestTask.lambda$executeRecursively$0(NodeTestTask.java:164)
	at org.junit.platform.engine.support.hierarchical.ThrowableCollector.execute(ThrowableCollector.java:74)
	at org.junit.platform.engine.support.hierarchical.NodeTestTask.executeRecursively(NodeTestTask.java:163)
	at org.junit.platform.engine.support.hierarchical.NodeTestTask.execute(NodeTestTask.java:116)
	at org.junit.platform.engine.support.hierarchical.SameThreadHierarchicalTestExecutorService.submit(SameThreadHierarchicalTestExecutorService.java:36)
	at org.junit.platform.engine.support.hierarchical.HierarchicalTestExecutor.execute(HierarchicalTestExecutor.java:52)
	at org.junit.platform.engine.support.hierarchical.HierarchicalTestEngine.execute(HierarchicalTestEngine.java:58)
	at org.junit.platform.launcher.core.EngineExecutionOrchestrator.executeEngine(EngineExecutionOrchestrator.java:246)
	at org.junit.platform.launcher.core.EngineExecutionOrchestrator.failOrExecuteEngine(EngineExecutionOrchestrator.java:218)
	at org.junit.platform.launcher.core.EngineExecutionOrchestrator.execute(EngineExecutionOrchestrator.java:179)
	at org.junit.platform.launcher.core.EngineExecutionOrchestrator.execute(EngineExecutionOrchestrator.java:108)
	at org.junit.platform.launcher.core.EngineExecutionOrchestrator.lambda$execute$0(EngineExecutionOrchestrator.java:66)
	at org.junit.platform.launcher.core.EngineExecutionOrchestrator.withInterceptedStreams(EngineExecutionOrchestrator.java:157)
	at org.junit.platform.launcher.core.EngineExecutionOrchestrator.execute(EngineExecutionOrchestrator.java:65)
	at org.junit.platform.launcher.core.DefaultLauncher.execute(DefaultLauncher.java:125)
	at org.junit.platform.launcher.core.DefaultLauncher.execute(DefaultLauncher.java:114)
	at org.junit.platform.launcher.core.DelegatingLauncher.execute(DelegatingLauncher.java:58)
	at org.junit.platform.launcher.core.InterceptingLauncher.lambda$execute$2(InterceptingLauncher.java:57)
	at org.junit.platform.launcher.core.ClasspathAlignmentCheckingLauncherInterceptor.intercept(ClasspathAlignmentCheckingLauncherInterceptor.java:25)
	at org.junit.platform.launcher.core.InterceptingLauncher.execute(InterceptingLauncher.java:56)
	at org.junit.platform.launcher.core.DelegatingLauncher.execute(DelegatingLauncher.java:58)
	at java.base/jdk.internal.reflect.DirectMethodHandleAccessor.invoke(DirectMethodHandleAccessor.java:104)
	at java.base/java.lang.reflect.Method.invoke(Method.java:565)
	at org.apache.maven.surefire.api.util.ReflectionUtils.invokeMethodWithArray(ReflectionUtils.java:125)
	at org.apache.maven.surefire.junitplatform.LauncherAdapter.executeWithCancellationToken(LauncherAdapter.java:68)
	at org.apache.maven.surefire.junitplatform.LauncherAdapter.execute(LauncherAdapter.java:54)
	at org.apache.maven.surefire.junitplatform.JUnitPlatformProvider.execute(JUnitPlatformProvider.java:203)
	at org.apache.maven.surefire.junitplatform.JUnitPlatformProvider.invokeAllTests(JUnitPlatformProvider.java:168)
	at org.apache.maven.surefire.junitplatform.JUnitPlatformProvider.invoke(JUnitPlatformProvider.java:136)
	at org.apache.maven.surefire.booter.ForkedBooter.runSuitesInProcess(ForkedBooter.java:385)
	at org.apache.maven.surefire.booter.ForkedBooter.execute(ForkedBooter.java:162)
	at org.apache.maven.surefire.booter.ForkedBooter.run(ForkedBooter.java:507)
	at org.apache.maven.surefire.booter.ForkedBooter.main(ForkedBooter.java:495)
2026-08-27 13:18:14.276 [WARN ] [main] c.c.exception.GlobalExceptionHandler - Bad request: Invalid input provided on URI /api/test
2026-08-27 13:18:14.295 [WARN ] [main] c.c.exception.GlobalExceptionHandler - Resource not found: Test not found with id 99 on URI /api/test
2026-08-27 13:18:15.146 [DEBUG] [main] c.c.service.impl.AuthServiceImpl - Authenticating student: alex@example.com
2026-08-27 13:18:15.153 [INFO ] [main] c.c.service.impl.AuthServiceImpl - Student alex@example.com logged in successfully
2026-08-27 13:18:15.199 [INFO ] [main] c.c.service.impl.AuthServiceImpl - Processing registration for email: alex@example.com
2026-08-27 13:18:15.205 [WARN ] [main] c.c.service.impl.AuthServiceImpl - Registration rejected: Email alex@example.com is already registered
2026-08-27 13:18:15.273 [INFO ] [main] c.c.service.impl.AuthServiceImpl - Processing registration for email: alex@example.com
2026-08-27 13:18:15.279 [INFO ] [main] c.c.service.impl.AuthServiceImpl - Student successfully registered with ID: null
2026-08-27 13:18:15.303 [DEBUG] [main] c.c.service.impl.AuthServiceImpl - Authenticating student: unknown@example.com
2026-08-27 13:18:15.331 [DEBUG] [main] c.c.service.impl.AuthServiceImpl - Authenticating student: alex@example.com
2026-08-27 13:18:15.628 [INFO ] [main] c.c.s.impl.CareerPathServiceImpl - Deleting career path ID: 1
2026-08-27 13:18:15.630 [INFO ] [main] c.c.s.impl.CareerPathServiceImpl - Career path ID 1 deleted successfully
2026-08-27 13:18:15.644 [INFO ] [main] c.c.s.impl.CareerPathServiceImpl - Adding new career path: Software Engineer
2026-08-27 13:18:15.649 [INFO ] [main] c.c.s.impl.CareerPathServiceImpl - Career path Software Engineer saved with ID: 1
2026-08-27 13:18:15.735 [INFO ] [main] c.c.s.impl.CareerPathServiceImpl - Updating career path ID: 1
2026-08-27 13:18:15.740 [INFO ] [main] c.c.s.impl.CareerPathServiceImpl - Career path ID 1 updated successfully
2026-08-27 13:18:15.747 [DEBUG] [main] c.c.s.impl.CareerPathServiceImpl - Fetching career path by ID: 1
2026-08-27 13:18:15.758 [DEBUG] [main] c.c.s.impl.CareerPathServiceImpl - Fetching all career paths from DB/Cache
2026-08-27 13:18:15.769 [DEBUG] [main] c.c.s.impl.CareerPathServiceImpl - Fetching career path by ID: 99
2026-08-27 13:18:17.082 [DEBUG] [main] c.c.service.impl.QuestionServiceImpl - Fetching question by ID: 1
2026-08-27 13:18:17.094 [INFO ] [main] c.c.service.impl.QuestionServiceImpl - Processing batch addition of 1 questions
2026-08-27 13:18:17.097 [INFO ] [main] c.c.service.impl.QuestionServiceImpl - Successfully saved 1 questions in batch
2026-08-27 13:18:17.132 [INFO ] [main] c.c.service.impl.QuestionServiceImpl - Deleting question ID: 1
2026-08-27 13:18:17.138 [INFO ] [main] c.c.service.impl.QuestionServiceImpl - Question ID 1 and all references deleted successfully
2026-08-27 13:18:17.165 [DEBUG] [main] c.c.service.impl.QuestionServiceImpl - Fetching all questions from DB/Cache
2026-08-27 13:18:17.178 [INFO ] [main] c.c.service.impl.QuestionServiceImpl - Adding new question: Do you enjoy designing software architecture?
2026-08-27 13:18:17.179 [INFO ] [main] c.c.service.impl.QuestionServiceImpl - Question saved with ID: 1
2026-08-27 13:18:17.193 [DEBUG] [main] c.c.service.impl.QuestionServiceImpl - Fetching question by ID: 99
2026-08-27 13:18:17.769 [DEBUG] [main] c.c.service.impl.StudentServiceImpl - Fetching student with ID: 99
2026-08-27 13:18:17.787 [DEBUG] [main] c.c.service.impl.StudentServiceImpl - Fetching all students
2026-08-27 13:18:17.927 [DEBUG] [main] c.c.service.impl.StudentServiceImpl - Fetching student with ID: 1
2026-08-27 13:18:18.374 [INFO ] [main] c.c.s.impl.TestAttemptServiceImpl - Submitting test attempt ID: 1001 for student ID: 1
2026-08-27 13:18:18.386 [INFO ] [main] c.c.s.impl.TestAttemptServiceImpl - Test attempt ID 1001 evaluated. Recommended career: Software Engineer
2026-08-27 13:18:18.415 [INFO ] [main] c.c.s.impl.TestAttemptServiceImpl - Starting test ID: 10 for student ID: 1
2026-08-27 13:18:18.469 [INFO ] [main] c.c.s.impl.TestAttemptServiceImpl - Test attempt ID: 1001 ready. Expires at: 2026-08-27T13:33:18.420801700
2026-08-27 13:18:18.610 [DEBUG] [main] c.c.service.impl.TestServiceImpl - Fetching test by ID: 99
2026-08-27 13:18:18.628 [DEBUG] [main] c.c.service.impl.TestServiceImpl - Fetching all tests from DB/Cache
2026-08-27 13:18:18.739 [INFO ] [main] c.c.service.impl.TestServiceImpl - Deactivating test ID: 1
2026-08-27 13:18:18.739 [DEBUG] [main] c.c.service.impl.TestServiceImpl - Fetching test by ID: 1
2026-08-27 13:18:18.744 [INFO ] [main] c.c.service.impl.TestServiceImpl - Activating test ID: 1
2026-08-27 13:18:18.746 [DEBUG] [main] c.c.service.impl.TestServiceImpl - Fetching test by ID: 1
2026-08-27 13:18:18.758 [DEBUG] [main] c.c.service.impl.TestServiceImpl - Fetching test by ID: 1
2026-08-27 13:18:18.771 [INFO ] [main] c.c.service.impl.TestServiceImpl - Creating test: Software Aptitude & Career Test
2026-08-27 13:18:18.773 [INFO ] [main] c.c.service.impl.TestServiceImpl - Test created with ID: 1
2026-08-27 13:18:18.787 [INFO ] [main] c.c.service.impl.TestServiceImpl - Deleting test ID: 1
2026-08-27 13:18:18.788 [DEBUG] [main] c.c.service.impl.TestServiceImpl - Fetching test by ID: 1
2026-08-27 13:18:18.790 [INFO ] [main] c.c.service.impl.TestServiceImpl - Test ID 1 and all associated attempts/results deleted successfully
2026-08-27 13:19:55.629 [INFO ] [background-preinit] o.h.validator.internal.util.Version - HV000001: Hibernate Validator 9.1.0.Final
2026-08-27 13:19:55.765 [INFO ] [main] c.c.CareerPathAdviserApplicationTests - Starting CareerPathAdviserApplicationTests using Java 25.0.3 with PID 10436 (started by Lenovo in C:\Users\Lenovo\Downloads\CareerPathAdviserNew)
2026-08-27 13:19:55.767 [DEBUG] [main] c.c.CareerPathAdviserApplicationTests - Running with Spring Boot v4.1.0, Spring v7.0.8
2026-08-27 13:19:55.768 [INFO ] [main] c.c.CareerPathAdviserApplicationTests - The following 1 profile is active: "dev"
2026-08-27 13:19:59.035 [INFO ] [main] o.s.d.r.c.RepositoryConfigurationDelegate - Bootstrapping Spring Data JPA repositories in DEFAULT mode.
2026-08-27 13:19:59.371 [INFO ] [main] o.s.d.r.c.RepositoryConfigurationDelegate - Finished Spring Data repository scanning in 305 ms. Found 11 JPA repository interfaces.
2026-08-27 13:20:01.097 [INFO ] [main] org.hibernate.orm.jpa - HHH008540: Processing PersistenceUnitInfo [name: default]
2026-08-27 13:20:01.303 [INFO ] [main] org.hibernate.orm.core - HHH000001: Hibernate ORM core version 7.4.1.Final
2026-08-27 13:20:02.948 [INFO ] [main] o.s.o.j.p.SpringPersistenceUnitInfo - No LoadTimeWeaver setup: ignoring JPA class transformer
2026-08-27 13:20:03.024 [INFO ] [main] com.zaxxer.hikari.HikariDataSource - HikariPool-1 - Starting...
2026-08-27 13:20:03.886 [INFO ] [main] com.zaxxer.hikari.pool.HikariPool - HikariPool-1 - Added connection com.mysql.cj.jdbc.ConnectionImpl@19355a56
2026-08-27 13:20:03.921 [INFO ] [main] com.zaxxer.hikari.HikariDataSource - HikariPool-1 - Start completed.
2026-08-27 13:20:04.062 [WARN ] [main] org.hibernate.orm.deprecation - HHH90000025: H2Dialect does not need to be specified explicitly using 'hibernate.dialect' (remove the property setting and it will be selected by default)
2026-08-27 13:20:04.147 [INFO ] [main] o.hibernate.orm.connections.pooling - HHH10001005: Database info:
	Database JDBC URL [jdbc:mysql://localhost:3306/career_path_adviser_new?createDatabaseIfNotExist=true&useSSL=false&allowPublicKeyRetrieval=true&serverTimezone=UTC]
	Database driver: MySQL Connector/J
	Database dialect: H2Dialect
	Database version: 8.4.10
	Default catalog/schema: career_path_adviser_new/undefined
	Autocommit mode: undefined/unknown
	Isolation level: REPEATABLE_READ [default REPEATABLE_READ]
	JDBC fetch size: none
	Pool: DataSourceConnectionProvider
	Minimum pool size: undefined/unknown
	Maximum pool size: undefined/unknown
2026-08-27 13:20:08.453 [INFO ] [main] org.hibernate.orm.core - HHH000489: No JTA platform available (set 'hibernate.transaction.jta.platform' to enable JTA platform integration)
2026-08-27 13:20:08.597 [WARN ] [main] org.hibernate.orm.jdbc.error - HHH000247: ErrorCode: 1109, SQLState: 42S02
2026-08-27 13:20:08.597 [WARN ] [main] org.hibernate.orm.jdbc.error - Unknown table 'SEQUENCES' in information_schema
2026-08-27 13:20:08.605 [ERROR] [main] o.s.o.j.LocalContainerEntityManagerFactoryBean - Failed to initialize JPA EntityManagerFactory: Unable to build Hibernate SessionFactory  [persistence unit: default] ; nested exception is org.hibernate.exception.SQLGrammarException: Unable to build DatabaseInformation [Unknown table 'SEQUENCES' in information_schema] [n/a]
2026-08-27 13:20:08.607 [WARN ] [main] o.s.w.c.s.GenericWebApplicationContext - Exception encountered during context initialization - cancelling refresh attempt: org.springframework.beans.factory.BeanCreationException: Error creating bean with name 'entityManagerFactory' defined in class path resource [org/springframework/boot/hibernate/autoconfigure/HibernateJpaConfiguration.class]: Unable to build Hibernate SessionFactory  [persistence unit: default] ; nested exception is org.hibernate.exception.SQLGrammarException: Unable to build DatabaseInformation [Unknown table 'SEQUENCES' in information_schema] [n/a]
2026-08-27 13:20:08.607 [INFO ] [main] com.zaxxer.hikari.HikariDataSource - HikariPool-1 - Shutdown initiated...
2026-08-27 13:20:08.622 [INFO ] [main] com.zaxxer.hikari.HikariDataSource - HikariPool-1 - Shutdown completed.
2026-08-27 13:20:08.701 [INFO ] [main] o.s.b.a.l.ConditionEvaluationReportLogger - 

Error starting ApplicationContext. To display the condition evaluation report re-run your application with 'debug' enabled.
2026-08-27 13:20:08.749 [ERROR] [main] o.s.boot.SpringApplication - Application run failed
org.springframework.beans.factory.BeanCreationException: Error creating bean with name 'entityManagerFactory' defined in class path resource [org/springframework/boot/hibernate/autoconfigure/HibernateJpaConfiguration.class]: Unable to build Hibernate SessionFactory  [persistence unit: default] ; nested exception is org.hibernate.exception.SQLGrammarException: Unable to build DatabaseInformation [Unknown table 'SEQUENCES' in information_schema] [n/a]
	at org.springframework.beans.factory.support.AbstractAutowireCapableBeanFactory.initializeBean(AbstractAutowireCapableBeanFactory.java:1815)
	at org.springframework.beans.factory.support.AbstractAutowireCapableBeanFactory.doCreateBean(AbstractAutowireCapableBeanFactory.java:603)
	at org.springframework.beans.factory.support.AbstractAutowireCapableBeanFactory.createBean(AbstractAutowireCapableBeanFactory.java:525)
	at org.springframework.beans.factory.support.AbstractBeanFactory.lambda$doGetBean$0(AbstractBeanFactory.java:333)
	at org.springframework.beans.factory.support.DefaultSingletonBeanRegistry.getSingleton(DefaultSingletonBeanRegistry.java:371)
	at org.springframework.beans.factory.support.AbstractBeanFactory.doGetBean(AbstractBeanFactory.java:331)
	at org.springframework.beans.factory.support.AbstractBeanFactory.getBean(AbstractBeanFactory.java:201)
	at org.springframework.context.support.AbstractApplicationContext.finishBeanFactoryInitialization(AbstractApplicationContext.java:977)
	at org.springframework.context.support.AbstractApplicationContext.refresh(AbstractApplicationContext.java:621)
	at org.springframework.boot.SpringApplication.refresh(SpringApplication.java:756)
	at org.springframework.boot.SpringApplication.refreshContext(SpringApplication.java:445)
	at org.springframework.boot.SpringApplication.run(SpringApplication.java:321)
	at org.springframework.boot.test.context.SpringBootContextLoader.lambda$loadContext$2(SpringBootContextLoader.java:155)
	at org.springframework.util.function.ThrowingSupplier.get(ThrowingSupplier.java:58)
	at org.springframework.util.function.ThrowingSupplier.get(ThrowingSupplier.java:46)
	at org.springframework.boot.SpringApplication.withHook(SpringApplication.java:1465)
	at org.springframework.boot.test.context.SpringBootContextLoader$ContextLoaderHook.run(SpringBootContextLoader.java:600)
	at org.springframework.boot.test.context.SpringBootContextLoader.loadContext(SpringBootContextLoader.java:155)
	at org.springframework.boot.test.context.SpringBootContextLoader.loadContext(SpringBootContextLoader.java:114)
	at org.springframework.test.context.cache.DefaultCacheAwareContextLoaderDelegate.loadContextInternal(DefaultCacheAwareContextLoaderDelegate.java:247)
	at org.springframework.test.context.cache.DefaultCacheAwareContextLoaderDelegate.lambda$loadContext$0(DefaultCacheAwareContextLoaderDelegate.java:167)
	at org.springframework.test.context.cache.DefaultContextCache.put(DefaultContextCache.java:214)
	at org.springframework.test.context.cache.DefaultCacheAwareContextLoaderDelegate.loadContext(DefaultCacheAwareContextLoaderDelegate.java:160)
	at org.springframework.test.context.support.DefaultTestContext.getApplicationContext(DefaultTestContext.java:128)
	at org.springframework.test.context.web.ServletTestExecutionListener.setUpRequestContextIfNecessary(ServletTestExecutionListener.java:200)
	at org.springframework.test.context.web.ServletTestExecutionListener.prepareTestInstance(ServletTestExecutionListener.java:139)
	at org.springframework.test.context.TestContextManager.prepareTestInstance(TestContextManager.java:260)
	at org.springframework.test.context.junit.jupiter.SpringExtension.postProcessTestInstance(SpringExtension.java:242)
	at org.junit.jupiter.engine.descriptor.ClassBasedTestDescriptor.lambda$invokeTestInstancePostProcessors$1(ClassBasedTestDescriptor.java:423)
	at org.junit.jupiter.engine.descriptor.ClassBasedTestDescriptor.executeAndMaskThrowable(ClassBasedTestDescriptor.java:428)
	at org.junit.jupiter.engine.descriptor.ClassBasedTestDescriptor.lambda$invokeTestInstancePostProcessors$0(ClassBasedTestDescriptor.java:422)
	at java.base/java.util.stream.ForEachOps$ForEachOp$OfRef.accept(ForEachOps.java:186)
	at java.base/java.util.stream.ReferencePipeline$3$1.accept(ReferencePipeline.java:214)
	at java.base/java.util.stream.ReferencePipeline$2$1.accept(ReferencePipeline.java:197)
	at java.base/java.util.stream.ReferencePipeline$3$1.accept(ReferencePipeline.java:214)
	at java.base/java.util.ArrayList$ArrayListSpliterator.forEachRemaining(ArrayList.java:1716)
	at java.base/java.util.stream.AbstractPipeline.copyInto(AbstractPipeline.java:570)
	at java.base/java.util.stream.AbstractPipeline.wrapAndCopyInto(AbstractPipeline.java:560)
	at java.base/java.util.stream.ForEachOps$ForEachOp.evaluateSequential(ForEachOps.java:153)
	at java.base/java.util.stream.ForEachOps$ForEachOp$OfRef.evaluateSequential(ForEachOps.java:176)
	at java.base/java.util.stream.AbstractPipeline.evaluate(AbstractPipeline.java:265)
	at java.base/java.util.stream.ReferencePipeline.forEach(ReferencePipeline.java:632)
	at org.junit.jupiter.engine.descriptor.ClassBasedTestDescriptor.invokeTestInstancePostProcessors(ClassBasedTestDescriptor.java:422)
	at org.junit.jupiter.engine.descriptor.ClassBasedTestDescriptor.lambda$instantiateAndPostProcessTestInstance$0(ClassBasedTestDescriptor.java:334)
	at org.junit.platform.engine.support.hierarchical.ThrowableCollector.execute(ThrowableCollector.java:74)
	at org.junit.jupiter.engine.descriptor.ClassBasedTestDescriptor.instantiateAndPostProcessTestInstance(ClassBasedTestDescriptor.java:333)
	at org.junit.jupiter.engine.descriptor.ClassBasedTestDescriptor.lambda$testInstancesProvider$1(ClassBasedTestDescriptor.java:322)
	at java.base/java.util.Optional.orElseGet(Optional.java:364)
	at org.junit.jupiter.engine.descriptor.ClassBasedTestDescriptor.lambda$testInstancesProvider$0(ClassBasedTestDescriptor.java:321)
	at org.junit.jupiter.engine.execution.TestInstancesProvider.getTestInstances(TestInstancesProvider.java:27)
	at org.junit.jupiter.engine.descriptor.TestMethodTestDescriptor.lambda$prepare$0(TestMethodTestDescriptor.java:127)
	at org.junit.platform.engine.support.hierarchical.ThrowableCollector.execute(ThrowableCollector.java:74)
	at org.junit.jupiter.engine.descriptor.TestMethodTestDescriptor.prepare(TestMethodTestDescriptor.java:126)
	at org.junit.jupiter.engine.descriptor.TestMethodTestDescriptor.prepare(TestMethodTestDescriptor.java:70)
	at org.junit.platform.engine.support.hierarchical.NodeTestTask.lambda$prepare$0(NodeTestTask.java:144)
	at org.junit.platform.engine.support.hierarchical.ThrowableCollector.execute(ThrowableCollector.java:74)
	at org.junit.platform.engine.support.hierarchical.NodeTestTask.prepare(NodeTestTask.java:144)
	at org.junit.platform.engine.support.hierarchical.NodeTestTask.execute(NodeTestTask.java:110)
	at java.base/java.util.ArrayList.forEach(ArrayList.java:1604)
	at org.junit.platform.engine.support.hierarchical.SameThreadHierarchicalTestExecutorService.invokeAll(SameThreadHierarchicalTestExecutorService.java:42)
	at org.junit.platform.engine.support.hierarchical.NodeTestTask.lambda$executeRecursively$2(NodeTestTask.java:180)
	at org.junit.platform.engine.support.hierarchical.ThrowableCollector.execute(ThrowableCollector.java:74)
	at org.junit.platform.engine.support.hierarchical.NodeTestTask.lambda$executeRecursively$1(NodeTestTask.java:166)
	at org.junit.platform.engine.support.hierarchical.Node.around(Node.java:138)
	at org.junit.platform.engine.support.hierarchical.NodeTestTask.lambda$executeRecursively$0(NodeTestTask.java:164)
	at org.junit.platform.engine.support.hierarchical.ThrowableCollector.execute(ThrowableCollector.java:74)
	at org.junit.platform.engine.support.hierarchical.NodeTestTask.executeRecursively(NodeTestTask.java:163)
	at org.junit.platform.engine.support.hierarchical.NodeTestTask.execute(NodeTestTask.java:116)
	at java.base/java.util.ArrayList.forEach(ArrayList.java:1604)
	at org.junit.platform.engine.support.hierarchical.SameThreadHierarchicalTestExecutorService.invokeAll(SameThreadHierarchicalTestExecutorService.java:42)
	at org.junit.platform.engine.support.hierarchical.NodeTestTask.lambda$executeRecursively$2(NodeTestTask.java:180)
	at org.junit.platform.engine.support.hierarchical.ThrowableCollector.execute(ThrowableCollector.java:74)
	at org.junit.platform.engine.support.hierarchical.NodeTestTask.lambda$executeRecursively$1(NodeTestTask.java:166)
	at org.junit.platform.engine.support.hierarchical.Node.around(Node.java:138)
	at org.junit.platform.engine.support.hierarchical.NodeTestTask.lambda$executeRecursively$0(NodeTestTask.java:164)
	at org.junit.platform.engine.support.hierarchical.ThrowableCollector.execute(ThrowableCollector.java:74)
	at org.junit.platform.engine.support.hierarchical.NodeTestTask.executeRecursively(NodeTestTask.java:163)
	at org.junit.platform.engine.support.hierarchical.NodeTestTask.execute(NodeTestTask.java:116)
	at org.junit.platform.engine.support.hierarchical.SameThreadHierarchicalTestExecutorService.submit(SameThreadHierarchicalTestExecutorService.java:36)
	at org.junit.platform.engine.support.hierarchical.HierarchicalTestExecutor.execute(HierarchicalTestExecutor.java:52)
	at org.junit.platform.engine.support.hierarchical.HierarchicalTestEngine.execute(HierarchicalTestEngine.java:58)
	at org.junit.platform.launcher.core.EngineExecutionOrchestrator.executeEngine(EngineExecutionOrchestrator.java:246)
	at org.junit.platform.launcher.core.EngineExecutionOrchestrator.failOrExecuteEngine(EngineExecutionOrchestrator.java:218)
	at org.junit.platform.launcher.core.EngineExecutionOrchestrator.execute(EngineExecutionOrchestrator.java:179)
	at org.junit.platform.launcher.core.EngineExecutionOrchestrator.execute(EngineExecutionOrchestrator.java:108)
	at org.junit.platform.launcher.core.EngineExecutionOrchestrator.lambda$execute$0(EngineExecutionOrchestrator.java:66)
	at org.junit.platform.launcher.core.EngineExecutionOrchestrator.withInterceptedStreams(EngineExecutionOrchestrator.java:157)
	at org.junit.platform.launcher.core.EngineExecutionOrchestrator.execute(EngineExecutionOrchestrator.java:65)
	at org.junit.platform.launcher.core.DefaultLauncher.execute(DefaultLauncher.java:125)
	at org.junit.platform.launcher.core.DefaultLauncher.execute(DefaultLauncher.java:114)
	at org.junit.platform.launcher.core.DelegatingLauncher.execute(DelegatingLauncher.java:58)
	at org.junit.platform.launcher.core.InterceptingLauncher.lambda$execute$2(InterceptingLauncher.java:57)
	at org.junit.platform.launcher.core.ClasspathAlignmentCheckingLauncherInterceptor.intercept(ClasspathAlignmentCheckingLauncherInterceptor.java:25)
	at org.junit.platform.launcher.core.InterceptingLauncher.execute(InterceptingLauncher.java:56)
	at org.junit.platform.launcher.core.DelegatingLauncher.execute(DelegatingLauncher.java:58)
	at java.base/jdk.internal.reflect.DirectMethodHandleAccessor.invoke(DirectMethodHandleAccessor.java:104)
	at java.base/java.lang.reflect.Method.invoke(Method.java:565)
	at org.apache.maven.surefire.api.util.ReflectionUtils.invokeMethodWithArray(ReflectionUtils.java:125)
	at org.apache.maven.surefire.junitplatform.LauncherAdapter.executeWithCancellationToken(LauncherAdapter.java:68)
	at org.apache.maven.surefire.junitplatform.LauncherAdapter.execute(LauncherAdapter.java:54)
	at org.apache.maven.surefire.junitplatform.JUnitPlatformProvider.execute(JUnitPlatformProvider.java:203)
	at org.apache.maven.surefire.junitplatform.JUnitPlatformProvider.invokeAllTests(JUnitPlatformProvider.java:168)
	at org.apache.maven.surefire.junitplatform.JUnitPlatformProvider.invoke(JUnitPlatformProvider.java:136)
	at org.apache.maven.surefire.booter.ForkedBooter.runSuitesInProcess(ForkedBooter.java:385)
	at org.apache.maven.surefire.booter.ForkedBooter.execute(ForkedBooter.java:162)
	at org.apache.maven.surefire.booter.ForkedBooter.run(ForkedBooter.java:507)
	at org.apache.maven.surefire.booter.ForkedBooter.main(ForkedBooter.java:495)
Caused by: jakarta.persistence.PersistenceException: Unable to build Hibernate SessionFactory  [persistence unit: default] ; nested exception is org.hibernate.exception.SQLGrammarException: Unable to build DatabaseInformation [Unknown table 'SEQUENCES' in information_schema] [n/a]
	at org.springframework.orm.jpa.AbstractEntityManagerFactoryBean.buildNativeEntityManagerFactory(AbstractEntityManagerFactoryBean.java:448)
	at org.springframework.orm.jpa.AbstractEntityManagerFactoryBean.afterPropertiesSet(AbstractEntityManagerFactoryBean.java:411)
	at org.springframework.orm.jpa.LocalContainerEntityManagerFactoryBean.afterPropertiesSet(LocalContainerEntityManagerFactoryBean.java:419)
	at org.springframework.beans.factory.support.AbstractAutowireCapableBeanFactory.invokeInitMethods(AbstractAutowireCapableBeanFactory.java:1862)
	at org.springframework.beans.factory.support.AbstractAutowireCapableBeanFactory.initializeBean(AbstractAutowireCapableBeanFactory.java:1811)
	... 106 common frames omitted
Caused by: org.hibernate.exception.SQLGrammarException: Unable to build DatabaseInformation [Unknown table 'SEQUENCES' in information_schema] [n/a]
	at org.hibernate.exception.internal.SQLExceptionTypeDelegate.convert(SQLExceptionTypeDelegate.java:64)
	at org.hibernate.exception.internal.StandardSQLExceptionConverter.convert(StandardSQLExceptionConverter.java:34)
	at org.hibernate.engine.jdbc.spi.SqlExceptionHelper.convert(SqlExceptionHelper.java:115)
	at org.hibernate.engine.jdbc.spi.SqlExceptionHelper.convert(SqlExceptionHelper.java:101)
	at org.hibernate.tool.schema.internal.GroupedSchemaMigratorImpl.buildDatabaseInformation(GroupedSchemaMigratorImpl.java:122)
	at org.hibernate.tool.schema.internal.AbstractSchemaMigrator.doMigration(AbstractSchemaMigrator.java:83)
	at org.hibernate.tool.schema.spi.SchemaManagementToolCoordinator.performDatabaseAction(SchemaManagementToolCoordinator.java:269)
	at org.hibernate.tool.schema.spi.SchemaManagementToolCoordinator.lambda$process$1(SchemaManagementToolCoordinator.java:101)
	at java.base/java.util.HashMap.forEach(HashMap.java:1430)
	at org.hibernate.tool.schema.spi.SchemaManagementToolCoordinator.process(SchemaManagementToolCoordinator.java:100)
	at org.hibernate.boot.internal.SessionFactoryObserverForSchemaExport.sessionFactoryCreated(SessionFactoryObserverForSchemaExport.java:35)
	at org.hibernate.internal.SessionFactoryObserverChain.sessionFactoryCreated(SessionFactoryObserverChain.java:33)
	at org.hibernate.internal.SessionFactoryImpl.<init>(SessionFactoryImpl.java:327)
	at org.hibernate.internal.SessionFactoryRegistry.instantiateSessionFactory(SessionFactoryRegistry.java:64)
	at org.hibernate.boot.internal.SessionFactoryBuilderImpl.build(SessionFactoryBuilderImpl.java:458)
	at org.hibernate.jpa.boot.internal.EntityManagerFactoryBuilderImpl.build(EntityManagerFactoryBuilderImpl.java:1452)
	at org.springframework.orm.jpa.vendor.SpringHibernateJpaPersistenceProvider.createContainerEntityManagerFactory(SpringHibernateJpaPersistenceProvider.java:93)
	at org.springframework.orm.jpa.LocalContainerEntityManagerFactoryBean.createNativeEntityManagerFactory(LocalContainerEntityManagerFactoryBean.java:443)
	at org.springframework.orm.jpa.AbstractEntityManagerFactoryBean.buildNativeEntityManagerFactory(AbstractEntityManagerFactoryBean.java:436)
	... 110 common frames omitted
Caused by: java.sql.SQLSyntaxErrorException: Unknown table 'SEQUENCES' in information_schema
	at com.mysql.cj.jdbc.exceptions.SQLError.createSQLException(SQLError.java:112)
	at com.mysql.cj.jdbc.exceptions.SQLExceptionsMapping.translateException(SQLExceptionsMapping.java:114)
	at com.mysql.cj.jdbc.ClientPreparedStatement.executeInternal(ClientPreparedStatement.java:988)
	at com.mysql.cj.jdbc.ClientPreparedStatement.executeQuery(ClientPreparedStatement.java:1056)
	at com.zaxxer.hikari.pool.ProxyPreparedStatement.executeQuery(ProxyPreparedStatement.java:52)
	at com.zaxxer.hikari.pool.HikariProxyPreparedStatement.executeQuery(HikariProxyPreparedStatement.java)
	at org.hibernate.tool.schema.extract.spi.ExtractionContext.getQueryResults(ExtractionContext.java:47)
	at org.hibernate.tool.schema.extract.internal.SequenceInformationExtractorLegacyImpl.extractMetadata(SequenceInformationExtractorLegacyImpl.java:36)
	at org.hibernate.tool.schema.extract.internal.DatabaseInformationImpl.initializeSequences(DatabaseInformationImpl.java:73)
	at org.hibernate.tool.schema.extract.internal.DatabaseInformationImpl.<init>(DatabaseInformationImpl.java:63)
	at org.hibernate.tool.schema.extract.internal.CachingDatabaseInformationImpl.<init>(CachingDatabaseInformationImpl.java:43)
	at org.hibernate.tool.schema.internal.GroupedSchemaMigratorImpl.buildDatabaseInformation(GroupedSchemaMigratorImpl.java:112)
	... 124 common frames omitted
2026-08-27 13:20:08.767 [WARN ] [main] o.s.test.context.TestContextManager - Caught exception while allowing TestExecutionListener [org.springframework.test.context.web.ServletTestExecutionListener] to prepare test instance [com.career.CareerPathAdviserApplicationTests@24c94e95]
java.lang.IllegalStateException: Failed to load ApplicationContext for [WebMergedContextConfiguration@16a3d9a7 testClass = com.career.CareerPathAdviserApplicationTests, locations = [], classes = [com.career.CareerPathAdviserApplication], contextInitializerClasses = [], activeProfiles = [], propertySourceDescriptors = [], propertySourceProperties = ["org.springframework.boot.test.context.SpringBootTestContextBootstrapper=true"], contextCustomizers = [org.springframework.boot.web.server.context.SpringBootTestRandomPortContextCustomizer@3234f74e, org.springframework.boot.test.context.PropertyMappingContextCustomizer@0, org.springframework.boot.test.context.filter.ExcludeFilterContextCustomizer@7b64240d, org.springframework.boot.test.json.DuplicateJsonObjectContextCustomizerFactory$DuplicateJsonObjectContextCustomizer@2756c0a7, org.springframework.boot.test.autoconfigure.OnFailureConditionReportContextCustomizerFactory$OnFailureConditionReportContextCustomizer@71984c3, org.springframework.test.context.support.DynamicPropertiesContextCustomizer@0, org.springframework.boot.test.context.SpringBootTestAnnotation@cbee7da4], resourceBasePath = "src/main/webapp", contextLoader = org.springframework.boot.test.context.SpringBootContextLoader, parent = null]
	at org.springframework.test.context.cache.DefaultCacheAwareContextLoaderDelegate.lambda$loadContext$0(DefaultCacheAwareContextLoaderDelegate.java:195)
	at org.springframework.test.context.cache.DefaultContextCache.put(DefaultContextCache.java:214)
	at org.springframework.test.context.cache.DefaultCacheAwareContextLoaderDelegate.loadContext(DefaultCacheAwareContextLoaderDelegate.java:160)
	at org.springframework.test.context.support.DefaultTestContext.getApplicationContext(DefaultTestContext.java:128)
	at org.springframework.test.context.web.ServletTestExecutionListener.setUpRequestContextIfNecessary(ServletTestExecutionListener.java:200)
	at org.springframework.test.context.web.ServletTestExecutionListener.prepareTestInstance(ServletTestExecutionListener.java:139)
	at org.springframework.test.context.TestContextManager.prepareTestInstance(TestContextManager.java:260)
	at org.springframework.test.context.junit.jupiter.SpringExtension.postProcessTestInstance(SpringExtension.java:242)
	at org.junit.jupiter.engine.descriptor.ClassBasedTestDescriptor.lambda$invokeTestInstancePostProcessors$1(ClassBasedTestDescriptor.java:423)
	at org.junit.jupiter.engine.descriptor.ClassBasedTestDescriptor.executeAndMaskThrowable(ClassBasedTestDescriptor.java:428)
	at org.junit.jupiter.engine.descriptor.ClassBasedTestDescriptor.lambda$invokeTestInstancePostProcessors$0(ClassBasedTestDescriptor.java:422)
	at java.base/java.util.stream.ForEachOps$ForEachOp$OfRef.accept(ForEachOps.java:186)
	at java.base/java.util.stream.ReferencePipeline$3$1.accept(ReferencePipeline.java:214)
	at java.base/java.util.stream.ReferencePipeline$2$1.accept(ReferencePipeline.java:197)
	at java.base/java.util.stream.ReferencePipeline$3$1.accept(ReferencePipeline.java:214)
	at java.base/java.util.ArrayList$ArrayListSpliterator.forEachRemaining(ArrayList.java:1716)
	at java.base/java.util.stream.AbstractPipeline.copyInto(AbstractPipeline.java:570)
	at java.base/java.util.stream.AbstractPipeline.wrapAndCopyInto(AbstractPipeline.java:560)
	at java.base/java.util.stream.ForEachOps$ForEachOp.evaluateSequential(ForEachOps.java:153)
	at java.base/java.util.stream.ForEachOps$ForEachOp$OfRef.evaluateSequential(ForEachOps.java:176)
	at java.base/java.util.stream.AbstractPipeline.evaluate(AbstractPipeline.java:265)
	at java.base/java.util.stream.ReferencePipeline.forEach(ReferencePipeline.java:632)
	at org.junit.jupiter.engine.descriptor.ClassBasedTestDescriptor.invokeTestInstancePostProcessors(ClassBasedTestDescriptor.java:422)
	at org.junit.jupiter.engine.descriptor.ClassBasedTestDescriptor.lambda$instantiateAndPostProcessTestInstance$0(ClassBasedTestDescriptor.java:334)
	at org.junit.platform.engine.support.hierarchical.ThrowableCollector.execute(ThrowableCollector.java:74)
	at org.junit.jupiter.engine.descriptor.ClassBasedTestDescriptor.instantiateAndPostProcessTestInstance(ClassBasedTestDescriptor.java:333)
	at org.junit.jupiter.engine.descriptor.ClassBasedTestDescriptor.lambda$testInstancesProvider$1(ClassBasedTestDescriptor.java:322)
	at java.base/java.util.Optional.orElseGet(Optional.java:364)
	at org.junit.jupiter.engine.descriptor.ClassBasedTestDescriptor.lambda$testInstancesProvider$0(ClassBasedTestDescriptor.java:321)
	at org.junit.jupiter.engine.execution.TestInstancesProvider.getTestInstances(TestInstancesProvider.java:27)
	at org.junit.jupiter.engine.descriptor.TestMethodTestDescriptor.lambda$prepare$0(TestMethodTestDescriptor.java:127)
	at org.junit.platform.engine.support.hierarchical.ThrowableCollector.execute(ThrowableCollector.java:74)
	at org.junit.jupiter.engine.descriptor.TestMethodTestDescriptor.prepare(TestMethodTestDescriptor.java:126)
	at org.junit.jupiter.engine.descriptor.TestMethodTestDescriptor.prepare(TestMethodTestDescriptor.java:70)
	at org.junit.platform.engine.support.hierarchical.NodeTestTask.lambda$prepare$0(NodeTestTask.java:144)
	at org.junit.platform.engine.support.hierarchical.ThrowableCollector.execute(ThrowableCollector.java:74)
	at org.junit.platform.engine.support.hierarchical.NodeTestTask.prepare(NodeTestTask.java:144)
	at org.junit.platform.engine.support.hierarchical.NodeTestTask.execute(NodeTestTask.java:110)
	at java.base/java.util.ArrayList.forEach(ArrayList.java:1604)
	at org.junit.platform.engine.support.hierarchical.SameThreadHierarchicalTestExecutorService.invokeAll(SameThreadHierarchicalTestExecutorService.java:42)
	at org.junit.platform.engine.support.hierarchical.NodeTestTask.lambda$executeRecursively$2(NodeTestTask.java:180)
	at org.junit.platform.engine.support.hierarchical.ThrowableCollector.execute(ThrowableCollector.java:74)
	at org.junit.platform.engine.support.hierarchical.NodeTestTask.lambda$executeRecursively$1(NodeTestTask.java:166)
	at org.junit.platform.engine.support.hierarchical.Node.around(Node.java:138)
	at org.junit.platform.engine.support.hierarchical.NodeTestTask.lambda$executeRecursively$0(NodeTestTask.java:164)
	at org.junit.platform.engine.support.hierarchical.ThrowableCollector.execute(ThrowableCollector.java:74)
	at org.junit.platform.engine.support.hierarchical.NodeTestTask.executeRecursively(NodeTestTask.java:163)
	at org.junit.platform.engine.support.hierarchical.NodeTestTask.execute(NodeTestTask.java:116)
	at java.base/java.util.ArrayList.forEach(ArrayList.java:1604)
	at org.junit.platform.engine.support.hierarchical.SameThreadHierarchicalTestExecutorService.invokeAll(SameThreadHierarchicalTestExecutorService.java:42)
	at org.junit.platform.engine.support.hierarchical.NodeTestTask.lambda$executeRecursively$2(NodeTestTask.java:180)
	at org.junit.platform.engine.support.hierarchical.ThrowableCollector.execute(ThrowableCollector.java:74)
	at org.junit.platform.engine.support.hierarchical.NodeTestTask.lambda$executeRecursively$1(NodeTestTask.java:166)
	at org.junit.platform.engine.support.hierarchical.Node.around(Node.java:138)
	at org.junit.platform.engine.support.hierarchical.NodeTestTask.lambda$executeRecursively$0(NodeTestTask.java:164)
	at org.junit.platform.engine.support.hierarchical.ThrowableCollector.execute(ThrowableCollector.java:74)
	at org.junit.platform.engine.support.hierarchical.NodeTestTask.executeRecursively(NodeTestTask.java:163)
	at org.junit.platform.engine.support.hierarchical.NodeTestTask.execute(NodeTestTask.java:116)
	at org.junit.platform.engine.support.hierarchical.SameThreadHierarchicalTestExecutorService.submit(SameThreadHierarchicalTestExecutorService.java:36)
	at org.junit.platform.engine.support.hierarchical.HierarchicalTestExecutor.execute(HierarchicalTestExecutor.java:52)
	at org.junit.platform.engine.support.hierarchical.HierarchicalTestEngine.execute(HierarchicalTestEngine.java:58)
	at org.junit.platform.launcher.core.EngineExecutionOrchestrator.executeEngine(EngineExecutionOrchestrator.java:246)
	at org.junit.platform.launcher.core.EngineExecutionOrchestrator.failOrExecuteEngine(EngineExecutionOrchestrator.java:218)
	at org.junit.platform.launcher.core.EngineExecutionOrchestrator.execute(EngineExecutionOrchestrator.java:179)
	at org.junit.platform.launcher.core.EngineExecutionOrchestrator.execute(EngineExecutionOrchestrator.java:108)
	at org.junit.platform.launcher.core.EngineExecutionOrchestrator.lambda$execute$0(EngineExecutionOrchestrator.java:66)
	at org.junit.platform.launcher.core.EngineExecutionOrchestrator.withInterceptedStreams(EngineExecutionOrchestrator.java:157)
	at org.junit.platform.launcher.core.EngineExecutionOrchestrator.execute(EngineExecutionOrchestrator.java:65)
	at org.junit.platform.launcher.core.DefaultLauncher.execute(DefaultLauncher.java:125)
	at org.junit.platform.launcher.core.DefaultLauncher.execute(DefaultLauncher.java:114)
	at org.junit.platform.launcher.core.DelegatingLauncher.execute(DelegatingLauncher.java:58)
	at org.junit.platform.launcher.core.InterceptingLauncher.lambda$execute$2(InterceptingLauncher.java:57)
	at org.junit.platform.launcher.core.ClasspathAlignmentCheckingLauncherInterceptor.intercept(ClasspathAlignmentCheckingLauncherInterceptor.java:25)
	at org.junit.platform.launcher.core.InterceptingLauncher.execute(InterceptingLauncher.java:56)
	at org.junit.platform.launcher.core.DelegatingLauncher.execute(DelegatingLauncher.java:58)
	at java.base/jdk.internal.reflect.DirectMethodHandleAccessor.invoke(DirectMethodHandleAccessor.java:104)
	at java.base/java.lang.reflect.Method.invoke(Method.java:565)
	at org.apache.maven.surefire.api.util.ReflectionUtils.invokeMethodWithArray(ReflectionUtils.java:125)
	at org.apache.maven.surefire.junitplatform.LauncherAdapter.executeWithCancellationToken(LauncherAdapter.java:68)
	at org.apache.maven.surefire.junitplatform.LauncherAdapter.execute(LauncherAdapter.java:54)
	at org.apache.maven.surefire.junitplatform.JUnitPlatformProvider.execute(JUnitPlatformProvider.java:203)
	at org.apache.maven.surefire.junitplatform.JUnitPlatformProvider.invokeAllTests(JUnitPlatformProvider.java:168)
	at org.apache.maven.surefire.junitplatform.JUnitPlatformProvider.invoke(JUnitPlatformProvider.java:136)
	at org.apache.maven.surefire.booter.ForkedBooter.runSuitesInProcess(ForkedBooter.java:385)
	at org.apache.maven.surefire.booter.ForkedBooter.execute(ForkedBooter.java:162)
	at org.apache.maven.surefire.booter.ForkedBooter.run(ForkedBooter.java:507)
	at org.apache.maven.surefire.booter.ForkedBooter.main(ForkedBooter.java:495)
Caused by: org.springframework.beans.factory.BeanCreationException: Error creating bean with name 'entityManagerFactory' defined in class path resource [org/springframework/boot/hibernate/autoconfigure/HibernateJpaConfiguration.class]: Unable to build Hibernate SessionFactory  [persistence unit: default] ; nested exception is org.hibernate.exception.SQLGrammarException: Unable to build DatabaseInformation [Unknown table 'SEQUENCES' in information_schema] [n/a]
	at org.springframework.beans.factory.support.AbstractAutowireCapableBeanFactory.initializeBean(AbstractAutowireCapableBeanFactory.java:1815)
	at org.springframework.beans.factory.support.AbstractAutowireCapableBeanFactory.doCreateBean(AbstractAutowireCapableBeanFactory.java:603)
	at org.springframework.beans.factory.support.AbstractAutowireCapableBeanFactory.createBean(AbstractAutowireCapableBeanFactory.java:525)
	at org.springframework.beans.factory.support.AbstractBeanFactory.lambda$doGetBean$0(AbstractBeanFactory.java:333)
	at org.springframework.beans.factory.support.DefaultSingletonBeanRegistry.getSingleton(DefaultSingletonBeanRegistry.java:371)
	at org.springframework.beans.factory.support.AbstractBeanFactory.doGetBean(AbstractBeanFactory.java:331)
	at org.springframework.beans.factory.support.AbstractBeanFactory.getBean(AbstractBeanFactory.java:201)
	at org.springframework.context.support.AbstractApplicationContext.finishBeanFactoryInitialization(AbstractApplicationContext.java:977)
	at org.springframework.context.support.AbstractApplicationContext.refresh(AbstractApplicationContext.java:621)
	at org.springframework.boot.SpringApplication.refresh(SpringApplication.java:756)
	at org.springframework.boot.SpringApplication.refreshContext(SpringApplication.java:445)
	at org.springframework.boot.SpringApplication.run(SpringApplication.java:321)
	at org.springframework.boot.test.context.SpringBootContextLoader.lambda$loadContext$2(SpringBootContextLoader.java:155)
	at org.springframework.util.function.ThrowingSupplier.get(ThrowingSupplier.java:58)
	at org.springframework.util.function.ThrowingSupplier.get(ThrowingSupplier.java:46)
	at org.springframework.boot.SpringApplication.withHook(SpringApplication.java:1465)
	at org.springframework.boot.test.context.SpringBootContextLoader$ContextLoaderHook.run(SpringBootContextLoader.java:600)
	at org.springframework.boot.test.context.SpringBootContextLoader.loadContext(SpringBootContextLoader.java:155)
	at org.springframework.boot.test.context.SpringBootContextLoader.loadContext(SpringBootContextLoader.java:114)
	at org.springframework.test.context.cache.DefaultCacheAwareContextLoaderDelegate.loadContextInternal(DefaultCacheAwareContextLoaderDelegate.java:247)
	at org.springframework.test.context.cache.DefaultCacheAwareContextLoaderDelegate.lambda$loadContext$0(DefaultCacheAwareContextLoaderDelegate.java:167)
	... 86 common frames omitted
Caused by: jakarta.persistence.PersistenceException: Unable to build Hibernate SessionFactory  [persistence unit: default] ; nested exception is org.hibernate.exception.SQLGrammarException: Unable to build DatabaseInformation [Unknown table 'SEQUENCES' in information_schema] [n/a]
	at org.springframework.orm.jpa.AbstractEntityManagerFactoryBean.buildNativeEntityManagerFactory(AbstractEntityManagerFactoryBean.java:448)
	at org.springframework.orm.jpa.AbstractEntityManagerFactoryBean.afterPropertiesSet(AbstractEntityManagerFactoryBean.java:411)
	at org.springframework.orm.jpa.LocalContainerEntityManagerFactoryBean.afterPropertiesSet(LocalContainerEntityManagerFactoryBean.java:419)
	at org.springframework.beans.factory.support.AbstractAutowireCapableBeanFactory.invokeInitMethods(AbstractAutowireCapableBeanFactory.java:1862)
	at org.springframework.beans.factory.support.AbstractAutowireCapableBeanFactory.initializeBean(AbstractAutowireCapableBeanFactory.java:1811)
	... 106 common frames omitted
Caused by: org.hibernate.exception.SQLGrammarException: Unable to build DatabaseInformation [Unknown table 'SEQUENCES' in information_schema] [n/a]
	at org.hibernate.exception.internal.SQLExceptionTypeDelegate.convert(SQLExceptionTypeDelegate.java:64)
	at org.hibernate.exception.internal.StandardSQLExceptionConverter.convert(StandardSQLExceptionConverter.java:34)
	at org.hibernate.engine.jdbc.spi.SqlExceptionHelper.convert(SqlExceptionHelper.java:115)
	at org.hibernate.engine.jdbc.spi.SqlExceptionHelper.convert(SqlExceptionHelper.java:101)
	at org.hibernate.tool.schema.internal.GroupedSchemaMigratorImpl.buildDatabaseInformation(GroupedSchemaMigratorImpl.java:122)
	at org.hibernate.tool.schema.internal.AbstractSchemaMigrator.doMigration(AbstractSchemaMigrator.java:83)
	at org.hibernate.tool.schema.spi.SchemaManagementToolCoordinator.performDatabaseAction(SchemaManagementToolCoordinator.java:269)
	at org.hibernate.tool.schema.spi.SchemaManagementToolCoordinator.lambda$process$1(SchemaManagementToolCoordinator.java:101)
	at java.base/java.util.HashMap.forEach(HashMap.java:1430)
	at org.hibernate.tool.schema.spi.SchemaManagementToolCoordinator.process(SchemaManagementToolCoordinator.java:100)
	at org.hibernate.boot.internal.SessionFactoryObserverForSchemaExport.sessionFactoryCreated(SessionFactoryObserverForSchemaExport.java:35)
	at org.hibernate.internal.SessionFactoryObserverChain.sessionFactoryCreated(SessionFactoryObserverChain.java:33)
	at org.hibernate.internal.SessionFactoryImpl.<init>(SessionFactoryImpl.java:327)
	at org.hibernate.internal.SessionFactoryRegistry.instantiateSessionFactory(SessionFactoryRegistry.java:64)
	at org.hibernate.boot.internal.SessionFactoryBuilderImpl.build(SessionFactoryBuilderImpl.java:458)
	at org.hibernate.jpa.boot.internal.EntityManagerFactoryBuilderImpl.build(EntityManagerFactoryBuilderImpl.java:1452)
	at org.springframework.orm.jpa.vendor.SpringHibernateJpaPersistenceProvider.createContainerEntityManagerFactory(SpringHibernateJpaPersistenceProvider.java:93)
	at org.springframework.orm.jpa.LocalContainerEntityManagerFactoryBean.createNativeEntityManagerFactory(LocalContainerEntityManagerFactoryBean.java:443)
	at org.springframework.orm.jpa.AbstractEntityManagerFactoryBean.buildNativeEntityManagerFactory(AbstractEntityManagerFactoryBean.java:436)
	... 110 common frames omitted
Caused by: java.sql.SQLSyntaxErrorException: Unknown table 'SEQUENCES' in information_schema
	at com.mysql.cj.jdbc.exceptions.SQLError.createSQLException(SQLError.java:112)
	at com.mysql.cj.jdbc.exceptions.SQLExceptionsMapping.translateException(SQLExceptionsMapping.java:114)
	at com.mysql.cj.jdbc.ClientPreparedStatement.executeInternal(ClientPreparedStatement.java:988)
	at com.mysql.cj.jdbc.ClientPreparedStatement.executeQuery(ClientPreparedStatement.java:1056)
	at com.zaxxer.hikari.pool.ProxyPreparedStatement.executeQuery(ProxyPreparedStatement.java:52)
	at com.zaxxer.hikari.pool.HikariProxyPreparedStatement.executeQuery(HikariProxyPreparedStatement.java)
	at org.hibernate.tool.schema.extract.spi.ExtractionContext.getQueryResults(ExtractionContext.java:47)
	at org.hibernate.tool.schema.extract.internal.SequenceInformationExtractorLegacyImpl.extractMetadata(SequenceInformationExtractorLegacyImpl.java:36)
	at org.hibernate.tool.schema.extract.internal.DatabaseInformationImpl.initializeSequences(DatabaseInformationImpl.java:73)
	at org.hibernate.tool.schema.extract.internal.DatabaseInformationImpl.<init>(DatabaseInformationImpl.java:63)
	at org.hibernate.tool.schema.extract.internal.CachingDatabaseInformationImpl.<init>(CachingDatabaseInformationImpl.java:43)
	at org.hibernate.tool.schema.internal.GroupedSchemaMigratorImpl.buildDatabaseInformation(GroupedSchemaMigratorImpl.java:112)
	... 124 common frames omitted
2026-08-27 13:20:10.156 [INFO ] [main] c.career.controller.AuthController - REST: Admin login request for email admin@example.com
2026-08-27 13:20:10.225 [INFO ] [main] c.career.controller.AuthController - REST: Register request for email alex@example.com
2026-08-27 13:20:10.239 [INFO ] [main] c.career.controller.AuthController - REST: Student login request for email alex@example.com
2026-08-27 13:20:10.269 [WARN ] [main] c.c.exception.GlobalExceptionHandler - Unauthorized access: Session invalid on URI /api/test
2026-08-27 13:20:10.277 [WARN ] [main] c.c.exception.GlobalExceptionHandler - Duplicate resource conflict: Email already exists on URI /api/test
2026-08-27 13:20:10.282 [ERROR] [main] c.c.exception.GlobalExceptionHandler - Unhandled internal server error on URI /api/test: Unexpected error
java.lang.RuntimeException: Unexpected error
	at com.career.exception.GlobalExceptionHandlerTest.testHandleGlobalException(GlobalExceptionHandlerTest.java:79)
	at java.base/jdk.internal.reflect.DirectMethodHandleAccessor.invoke(DirectMethodHandleAccessor.java:104)
	at java.base/java.lang.reflect.Method.invoke(Method.java:565)
	at org.junit.platform.commons.util.ReflectionUtils.invokeMethod(ReflectionUtils.java:701)
	at org.junit.platform.commons.support.ReflectionSupport.invokeMethod(ReflectionSupport.java:502)
	at org.junit.jupiter.engine.support.MethodReflectionUtils.invoke(MethodReflectionUtils.java:45)
	at org.junit.jupiter.engine.execution.MethodInvocation.proceed(MethodInvocation.java:61)
	at org.junit.jupiter.engine.execution.InvocationInterceptorChain$ValidatingInvocation.proceed(InvocationInterceptorChain.java:124)
	at org.junit.jupiter.engine.extension.TimeoutExtension.intercept(TimeoutExtension.java:163)
	at org.junit.jupiter.engine.extension.TimeoutExtension.interceptTestableMethod(TimeoutExtension.java:148)
	at org.junit.jupiter.engine.extension.TimeoutExtension.interceptTestMethod(TimeoutExtension.java:86)
	at org.junit.jupiter.engine.execution.InterceptingExecutableInvoker$ReflectiveInterceptorCall.lambda$ofVoidMethod$0(InterceptingExecutableInvoker.java:123)
	at org.junit.jupiter.engine.execution.InterceptingExecutableInvoker.lambda$invoke$0(InterceptingExecutableInvoker.java:105)
	at org.junit.jupiter.engine.execution.InvocationInterceptorChain$InterceptedInvocation.proceed(InvocationInterceptorChain.java:99)
	at org.junit.jupiter.engine.execution.InvocationInterceptorChain.proceed(InvocationInterceptorChain.java:66)
	at org.junit.jupiter.engine.execution.InvocationInterceptorChain.chainAndInvoke(InvocationInterceptorChain.java:47)
	at org.junit.jupiter.engine.execution.InvocationInterceptorChain.invoke(InvocationInterceptorChain.java:39)
	at org.junit.jupiter.engine.execution.InterceptingExecutableInvoker.invoke(InterceptingExecutableInvoker.java:104)
	at org.junit.jupiter.engine.execution.InterceptingExecutableInvoker.invoke(InterceptingExecutableInvoker.java:98)
	at org.junit.jupiter.engine.execution.InterceptingExecutableInvoker.invokeVoid(InterceptingExecutableInvoker.java:71)
	at org.junit.jupiter.engine.descriptor.TestMethodTestDescriptor.lambda$invokeTestMethod$0(TestMethodTestDescriptor.java:219)
	at org.junit.platform.engine.support.hierarchical.ThrowableCollector.execute(ThrowableCollector.java:74)
	at org.junit.jupiter.engine.descriptor.TestMethodTestDescriptor.invokeTestMethod(TestMethodTestDescriptor.java:215)
	at org.junit.jupiter.engine.descriptor.TestMethodTestDescriptor.execute(TestMethodTestDescriptor.java:157)
	at org.junit.jupiter.engine.descriptor.TestMethodTestDescriptor.execute(TestMethodTestDescriptor.java:70)
	at org.junit.platform.engine.support.hierarchical.NodeTestTask.lambda$executeRecursively$2(NodeTestTask.java:176)
	at org.junit.platform.engine.support.hierarchical.ThrowableCollector.execute(ThrowableCollector.java:74)
	at org.junit.platform.engine.support.hierarchical.NodeTestTask.lambda$executeRecursively$1(NodeTestTask.java:166)
	at org.junit.platform.engine.support.hierarchical.Node.around(Node.java:138)
	at org.junit.platform.engine.support.hierarchical.NodeTestTask.lambda$executeRecursively$0(NodeTestTask.java:164)
	at org.junit.platform.engine.support.hierarchical.ThrowableCollector.execute(ThrowableCollector.java:74)
	at org.junit.platform.engine.support.hierarchical.NodeTestTask.executeRecursively(NodeTestTask.java:163)
	at org.junit.platform.engine.support.hierarchical.NodeTestTask.execute(NodeTestTask.java:116)
	at java.base/java.util.ArrayList.forEach(ArrayList.java:1604)
	at org.junit.platform.engine.support.hierarchical.SameThreadHierarchicalTestExecutorService.invokeAll(SameThreadHierarchicalTestExecutorService.java:42)
	at org.junit.platform.engine.support.hierarchical.NodeTestTask.lambda$executeRecursively$2(NodeTestTask.java:180)
	at org.junit.platform.engine.support.hierarchical.ThrowableCollector.execute(ThrowableCollector.java:74)
	at org.junit.platform.engine.support.hierarchical.NodeTestTask.lambda$executeRecursively$1(NodeTestTask.java:166)
	at org.junit.platform.engine.support.hierarchical.Node.around(Node.java:138)
	at org.junit.platform.engine.support.hierarchical.NodeTestTask.lambda$executeRecursively$0(NodeTestTask.java:164)
	at org.junit.platform.engine.support.hierarchical.ThrowableCollector.execute(ThrowableCollector.java:74)
	at org.junit.platform.engine.support.hierarchical.NodeTestTask.executeRecursively(NodeTestTask.java:163)
	at org.junit.platform.engine.support.hierarchical.NodeTestTask.execute(NodeTestTask.java:116)
	at java.base/java.util.ArrayList.forEach(ArrayList.java:1604)
	at org.junit.platform.engine.support.hierarchical.SameThreadHierarchicalTestExecutorService.invokeAll(SameThreadHierarchicalTestExecutorService.java:42)
	at org.junit.platform.engine.support.hierarchical.NodeTestTask.lambda$executeRecursively$2(NodeTestTask.java:180)
	at org.junit.platform.engine.support.hierarchical.ThrowableCollector.execute(ThrowableCollector.java:74)
	at org.junit.platform.engine.support.hierarchical.NodeTestTask.lambda$executeRecursively$1(NodeTestTask.java:166)
	at org.junit.platform.engine.support.hierarchical.Node.around(Node.java:138)
	at org.junit.platform.engine.support.hierarchical.NodeTestTask.lambda$executeRecursively$0(NodeTestTask.java:164)
	at org.junit.platform.engine.support.hierarchical.ThrowableCollector.execute(ThrowableCollector.java:74)
	at org.junit.platform.engine.support.hierarchical.NodeTestTask.executeRecursively(NodeTestTask.java:163)
	at org.junit.platform.engine.support.hierarchical.NodeTestTask.execute(NodeTestTask.java:116)
	at org.junit.platform.engine.support.hierarchical.SameThreadHierarchicalTestExecutorService.submit(SameThreadHierarchicalTestExecutorService.java:36)
	at org.junit.platform.engine.support.hierarchical.HierarchicalTestExecutor.execute(HierarchicalTestExecutor.java:52)
	at org.junit.platform.engine.support.hierarchical.HierarchicalTestEngine.execute(HierarchicalTestEngine.java:58)
	at org.junit.platform.launcher.core.EngineExecutionOrchestrator.executeEngine(EngineExecutionOrchestrator.java:246)
	at org.junit.platform.launcher.core.EngineExecutionOrchestrator.failOrExecuteEngine(EngineExecutionOrchestrator.java:218)
	at org.junit.platform.launcher.core.EngineExecutionOrchestrator.execute(EngineExecutionOrchestrator.java:179)
	at org.junit.platform.launcher.core.EngineExecutionOrchestrator.execute(EngineExecutionOrchestrator.java:108)
	at org.junit.platform.launcher.core.EngineExecutionOrchestrator.lambda$execute$0(EngineExecutionOrchestrator.java:66)
	at org.junit.platform.launcher.core.EngineExecutionOrchestrator.withInterceptedStreams(EngineExecutionOrchestrator.java:157)
	at org.junit.platform.launcher.core.EngineExecutionOrchestrator.execute(EngineExecutionOrchestrator.java:65)
	at org.junit.platform.launcher.core.DefaultLauncher.execute(DefaultLauncher.java:125)
	at org.junit.platform.launcher.core.DefaultLauncher.execute(DefaultLauncher.java:114)
	at org.junit.platform.launcher.core.DelegatingLauncher.execute(DelegatingLauncher.java:58)
	at org.junit.platform.launcher.core.InterceptingLauncher.lambda$execute$2(InterceptingLauncher.java:57)
	at org.junit.platform.launcher.core.ClasspathAlignmentCheckingLauncherInterceptor.intercept(ClasspathAlignmentCheckingLauncherInterceptor.java:25)
	at org.junit.platform.launcher.core.InterceptingLauncher.execute(InterceptingLauncher.java:56)
	at org.junit.platform.launcher.core.DelegatingLauncher.execute(DelegatingLauncher.java:58)
	at java.base/jdk.internal.reflect.DirectMethodHandleAccessor.invoke(DirectMethodHandleAccessor.java:104)
	at java.base/java.lang.reflect.Method.invoke(Method.java:565)
	at org.apache.maven.surefire.api.util.ReflectionUtils.invokeMethodWithArray(ReflectionUtils.java:125)
	at org.apache.maven.surefire.junitplatform.LauncherAdapter.executeWithCancellationToken(LauncherAdapter.java:68)
	at org.apache.maven.surefire.junitplatform.LauncherAdapter.execute(LauncherAdapter.java:54)
	at org.apache.maven.surefire.junitplatform.JUnitPlatformProvider.execute(JUnitPlatformProvider.java:203)
	at org.apache.maven.surefire.junitplatform.JUnitPlatformProvider.invokeAllTests(JUnitPlatformProvider.java:168)
	at org.apache.maven.surefire.junitplatform.JUnitPlatformProvider.invoke(JUnitPlatformProvider.java:136)
	at org.apache.maven.surefire.booter.ForkedBooter.runSuitesInProcess(ForkedBooter.java:385)
	at org.apache.maven.surefire.booter.ForkedBooter.execute(ForkedBooter.java:162)
	at org.apache.maven.surefire.booter.ForkedBooter.run(ForkedBooter.java:507)
	at org.apache.maven.surefire.booter.ForkedBooter.main(ForkedBooter.java:495)
2026-08-27 13:20:10.289 [WARN ] [main] c.c.exception.GlobalExceptionHandler - Bad request: Invalid input provided on URI /api/test
2026-08-27 13:20:10.297 [WARN ] [main] c.c.exception.GlobalExceptionHandler - Resource not found: Test not found with id 99 on URI /api/test
2026-08-27 13:20:11.219 [DEBUG] [main] c.c.service.impl.AuthServiceImpl - Authenticating student: alex@example.com
2026-08-27 13:20:11.224 [INFO ] [main] c.c.service.impl.AuthServiceImpl - Student alex@example.com logged in successfully
2026-08-27 13:20:11.261 [INFO ] [main] c.c.service.impl.AuthServiceImpl - Processing registration for email: alex@example.com
2026-08-27 13:20:11.284 [WARN ] [main] c.c.service.impl.AuthServiceImpl - Registration rejected: Email alex@example.com is already registered
2026-08-27 13:20:11.483 [INFO ] [main] c.c.service.impl.AuthServiceImpl - Processing registration for email: alex@example.com
2026-08-27 13:20:11.485 [INFO ] [main] c.c.service.impl.AuthServiceImpl - Student successfully registered with ID: null
2026-08-27 13:20:11.530 [DEBUG] [main] c.c.service.impl.AuthServiceImpl - Authenticating student: unknown@example.com
2026-08-27 13:20:11.547 [DEBUG] [main] c.c.service.impl.AuthServiceImpl - Authenticating student: alex@example.com
2026-08-27 13:20:11.798 [INFO ] [main] c.c.s.impl.CareerPathServiceImpl - Deleting career path ID: 1
2026-08-27 13:20:11.801 [INFO ] [main] c.c.s.impl.CareerPathServiceImpl - Career path ID 1 deleted successfully
2026-08-27 13:20:11.816 [INFO ] [main] c.c.s.impl.CareerPathServiceImpl - Adding new career path: Software Engineer
2026-08-27 13:20:11.821 [INFO ] [main] c.c.s.impl.CareerPathServiceImpl - Career path Software Engineer saved with ID: 1
2026-08-27 13:20:11.834 [INFO ] [main] c.c.s.impl.CareerPathServiceImpl - Updating career path ID: 1
2026-08-27 13:20:11.840 [INFO ] [main] c.c.s.impl.CareerPathServiceImpl - Career path ID 1 updated successfully
2026-08-27 13:20:11.944 [DEBUG] [main] c.c.s.impl.CareerPathServiceImpl - Fetching career path by ID: 1
2026-08-27 13:20:11.994 [DEBUG] [main] c.c.s.impl.CareerPathServiceImpl - Fetching all career paths from DB/Cache
2026-08-27 13:20:12.044 [DEBUG] [main] c.c.s.impl.CareerPathServiceImpl - Fetching career path by ID: 99
2026-08-27 13:20:13.275 [DEBUG] [main] c.c.service.impl.QuestionServiceImpl - Fetching question by ID: 1
2026-08-27 13:20:13.291 [INFO ] [main] c.c.service.impl.QuestionServiceImpl - Processing batch addition of 1 questions
2026-08-27 13:20:13.293 [INFO ] [main] c.c.service.impl.QuestionServiceImpl - Successfully saved 1 questions in batch
2026-08-27 13:20:13.325 [INFO ] [main] c.c.service.impl.QuestionServiceImpl - Deleting question ID: 1
2026-08-27 13:20:13.338 [INFO ] [main] c.c.service.impl.QuestionServiceImpl - Question ID 1 and all references deleted successfully
2026-08-27 13:20:13.354 [DEBUG] [main] c.c.service.impl.QuestionServiceImpl - Fetching all questions from DB/Cache
2026-08-27 13:20:13.363 [INFO ] [main] c.c.service.impl.QuestionServiceImpl - Adding new question: Do you enjoy designing software architecture?
2026-08-27 13:20:13.363 [INFO ] [main] c.c.service.impl.QuestionServiceImpl - Question saved with ID: 1
2026-08-27 13:20:13.373 [DEBUG] [main] c.c.service.impl.QuestionServiceImpl - Fetching question by ID: 99
2026-08-27 13:20:14.077 [DEBUG] [main] c.c.service.impl.StudentServiceImpl - Fetching student with ID: 99
2026-08-27 13:20:14.093 [DEBUG] [main] c.c.service.impl.StudentServiceImpl - Fetching all students
2026-08-27 13:20:14.114 [DEBUG] [main] c.c.service.impl.StudentServiceImpl - Fetching student with ID: 1
2026-08-27 13:20:14.524 [INFO ] [main] c.c.s.impl.TestAttemptServiceImpl - Submitting test attempt ID: 1001 for student ID: 1
2026-08-27 13:20:14.577 [INFO ] [main] c.c.s.impl.TestAttemptServiceImpl - Test attempt ID 1001 evaluated. Recommended career: Software Engineer
2026-08-27 13:20:14.833 [INFO ] [main] c.c.s.impl.TestAttemptServiceImpl - Starting test ID: 10 for student ID: 1
2026-08-27 13:20:14.842 [INFO ] [main] c.c.s.impl.TestAttemptServiceImpl - Test attempt ID: 1001 ready. Expires at: 2026-08-27T13:35:14.837696900
2026-08-27 13:20:14.891 [DEBUG] [main] c.c.service.impl.TestServiceImpl - Fetching test by ID: 99
2026-08-27 13:20:14.907 [DEBUG] [main] c.c.service.impl.TestServiceImpl - Fetching all tests from DB/Cache
2026-08-27 13:20:14.919 [INFO ] [main] c.c.service.impl.TestServiceImpl - Deactivating test ID: 1
2026-08-27 13:20:14.920 [DEBUG] [main] c.c.service.impl.TestServiceImpl - Fetching test by ID: 1
2026-08-27 13:20:14.921 [INFO ] [main] c.c.service.impl.TestServiceImpl - Activating test ID: 1
2026-08-27 13:20:14.921 [DEBUG] [main] c.c.service.impl.TestServiceImpl - Fetching test by ID: 1
2026-08-27 13:20:14.937 [DEBUG] [main] c.c.service.impl.TestServiceImpl - Fetching test by ID: 1
2026-08-27 13:20:14.945 [INFO ] [main] c.c.service.impl.TestServiceImpl - Creating test: Software Aptitude & Career Test
2026-08-27 13:20:14.949 [INFO ] [main] c.c.service.impl.TestServiceImpl - Test created with ID: 1
2026-08-27 13:20:14.961 [INFO ] [main] c.c.service.impl.TestServiceImpl - Deleting test ID: 1
2026-08-27 13:20:14.961 [DEBUG] [main] c.c.service.impl.TestServiceImpl - Fetching test by ID: 1
2026-08-27 13:20:14.963 [INFO ] [main] c.c.service.impl.TestServiceImpl - Test ID 1 and all associated attempts/results deleted successfully
2026-08-27 13:21:21.823 [INFO ] [background-preinit] o.h.validator.internal.util.Version - HV000001: Hibernate Validator 9.1.0.Final
2026-08-27 13:21:21.993 [INFO ] [main] c.c.CareerPathAdviserApplicationTests - Starting CareerPathAdviserApplicationTests using Java 25.0.3 with PID 6248 (started by Lenovo in C:\Users\Lenovo\Downloads\CareerPathAdviserNew)
2026-08-27 13:21:21.995 [DEBUG] [main] c.c.CareerPathAdviserApplicationTests - Running with Spring Boot v4.1.0, Spring v7.0.8
2026-08-27 13:21:21.999 [INFO ] [main] c.c.CareerPathAdviserApplicationTests - The following 1 profile is active: "dev"
2026-08-27 13:21:25.633 [INFO ] [main] o.s.d.r.c.RepositoryConfigurationDelegate - Bootstrapping Spring Data JPA repositories in DEFAULT mode.
2026-08-27 13:21:25.986 [INFO ] [main] o.s.d.r.c.RepositoryConfigurationDelegate - Finished Spring Data repository scanning in 321 ms. Found 11 JPA repository interfaces.
2026-08-27 13:21:27.939 [INFO ] [main] org.hibernate.orm.jpa - HHH008540: Processing PersistenceUnitInfo [name: default]
2026-08-27 13:21:28.138 [INFO ] [main] org.hibernate.orm.core - HHH000001: Hibernate ORM core version 7.4.1.Final
2026-08-27 13:21:30.191 [INFO ] [main] o.s.o.j.p.SpringPersistenceUnitInfo - No LoadTimeWeaver setup: ignoring JPA class transformer
2026-08-27 13:21:30.357 [INFO ] [main] com.zaxxer.hikari.HikariDataSource - HikariPool-1 - Starting...
2026-08-27 13:21:30.944 [INFO ] [main] com.zaxxer.hikari.pool.HikariPool - HikariPool-1 - Added connection com.mysql.cj.jdbc.ConnectionImpl@6fdd3382
2026-08-27 13:21:30.950 [INFO ] [main] com.zaxxer.hikari.HikariDataSource - HikariPool-1 - Start completed.
2026-08-27 13:21:31.163 [WARN ] [main] org.hibernate.orm.deprecation - HHH90000025: MySQLDialect does not need to be specified explicitly using 'hibernate.dialect' (remove the property setting and it will be selected by default)
2026-08-27 13:21:31.220 [INFO ] [main] o.hibernate.orm.connections.pooling - HHH10001005: Database info:
	Database JDBC URL [jdbc:mysql://localhost:3306/career_path_adviser_new?createDatabaseIfNotExist=true&useSSL=false&allowPublicKeyRetrieval=true&serverTimezone=UTC]
	Database driver: MySQL Connector/J
	Database dialect: MySQLDialect
	Database version: 8.4.10
	Default catalog/schema: career_path_adviser_new/undefined
	Autocommit mode: undefined/unknown
	Isolation level: REPEATABLE_READ [default REPEATABLE_READ]
	JDBC fetch size: none
	Pool: DataSourceConnectionProvider
	Minimum pool size: undefined/unknown
	Maximum pool size: undefined/unknown
2026-08-27 13:21:36.037 [INFO ] [main] org.hibernate.orm.core - HHH000489: No JTA platform available (set 'hibernate.transaction.jta.platform' to enable JTA platform integration)
2026-08-27 13:21:36.434 [INFO ] [main] o.s.o.j.LocalContainerEntityManagerFactoryBean - Initialized JPA EntityManagerFactory for persistence unit 'default'
2026-08-27 13:21:36.812 [INFO ] [main] o.s.d.j.r.q.QueryEnhancerFactories - Hibernate is in classpath; If applicable, HQL parser will be used.
2026-08-27 13:21:43.017 [WARN ] [main] o.s.w.c.s.GenericWebApplicationContext - Exception encountered during context initialization - cancelling refresh attempt: org.springframework.beans.factory.UnsatisfiedDependencyException: Error creating bean with name 'studentController' defined in file [C:\Users\Lenovo\Downloads\CareerPathAdviserNew\target\classes\com\career\controller\StudentController.class]: Unsatisfied dependency expressed through constructor parameter 0: Error creating bean with name 'studentServiceImpl' defined in file [C:\Users\Lenovo\Downloads\CareerPathAdviserNew\target\classes\com\career\service\impl\StudentServiceImpl.class]: Unsatisfied dependency expressed through constructor parameter 1: Error creating bean with name 'testAttemptRepository' defined in com.career.repository.TestAttemptRepository defined in @EnableJpaRepositories declared on DataJpaRepositoriesRegistrar.EnableJpaRepositoriesConfiguration: Query validation failed for 'UPDATE TestAttempt a SET a.status = :status, a.isCompleted = :isCompleted, a.endTime = :endTime WHERE a.id = :id'
2026-08-27 13:21:43.025 [INFO ] [main] o.s.o.j.LocalContainerEntityManagerFactoryBean - Closing JPA EntityManagerFactory for persistence unit 'default'
2026-08-27 13:21:43.033 [INFO ] [main] com.zaxxer.hikari.HikariDataSource - HikariPool-1 - Shutdown initiated...
2026-08-27 13:21:43.048 [INFO ] [main] com.zaxxer.hikari.HikariDataSource - HikariPool-1 - Shutdown completed.
2026-08-27 13:21:43.114 [INFO ] [main] o.s.b.a.l.ConditionEvaluationReportLogger - 

Error starting ApplicationContext. To display the condition evaluation report re-run your application with 'debug' enabled.
2026-08-27 13:21:43.186 [ERROR] [main] o.s.boot.SpringApplication - Application run failed
org.springframework.beans.factory.UnsatisfiedDependencyException: Error creating bean with name 'studentController' defined in file [C:\Users\Lenovo\Downloads\CareerPathAdviserNew\target\classes\com\career\controller\StudentController.class]: Unsatisfied dependency expressed through constructor parameter 0: Error creating bean with name 'studentServiceImpl' defined in file [C:\Users\Lenovo\Downloads\CareerPathAdviserNew\target\classes\com\career\service\impl\StudentServiceImpl.class]: Unsatisfied dependency expressed through constructor parameter 1: Error creating bean with name 'testAttemptRepository' defined in com.career.repository.TestAttemptRepository defined in @EnableJpaRepositories declared on DataJpaRepositoriesRegistrar.EnableJpaRepositoriesConfiguration: Query validation failed for 'UPDATE TestAttempt a SET a.status = :status, a.isCompleted = :isCompleted, a.endTime = :endTime WHERE a.id = :id'
	at org.springframework.beans.factory.support.ConstructorResolver.createArgumentArray(ConstructorResolver.java:804)
	at org.springframework.beans.factory.support.ConstructorResolver.autowireConstructor(ConstructorResolver.java:240)
	at org.springframework.beans.factory.support.AbstractAutowireCapableBeanFactory.autowireConstructor(AbstractAutowireCapableBeanFactory.java:1380)
	at org.springframework.beans.factory.support.AbstractAutowireCapableBeanFactory.createBeanInstance(AbstractAutowireCapableBeanFactory.java:1219)
	at org.springframework.beans.factory.support.AbstractAutowireCapableBeanFactory.doCreateBean(AbstractAutowireCapableBeanFactory.java:565)
	at org.springframework.beans.factory.support.AbstractAutowireCapableBeanFactory.createBean(AbstractAutowireCapableBeanFactory.java:525)
	at org.springframework.beans.factory.support.AbstractBeanFactory.lambda$doGetBean$0(AbstractBeanFactory.java:333)
	at org.springframework.beans.factory.support.DefaultSingletonBeanRegistry.getSingleton(DefaultSingletonBeanRegistry.java:371)
	at org.springframework.beans.factory.support.AbstractBeanFactory.doGetBean(AbstractBeanFactory.java:331)
	at org.springframework.beans.factory.support.AbstractBeanFactory.getBean(AbstractBeanFactory.java:196)
	at org.springframework.beans.factory.support.DefaultListableBeanFactory.instantiateSingleton(DefaultListableBeanFactory.java:1225)
	at org.springframework.beans.factory.support.DefaultListableBeanFactory.preInstantiateSingleton(DefaultListableBeanFactory.java:1191)
	at org.springframework.beans.factory.support.DefaultListableBeanFactory.preInstantiateSingletons(DefaultListableBeanFactory.java:1121)
	at org.springframework.context.support.AbstractApplicationContext.finishBeanFactoryInitialization(AbstractApplicationContext.java:994)
	at org.springframework.context.support.AbstractApplicationContext.refresh(AbstractApplicationContext.java:621)
	at org.springframework.boot.SpringApplication.refresh(SpringApplication.java:756)
	at org.springframework.boot.SpringApplication.refreshContext(SpringApplication.java:445)
	at org.springframework.boot.SpringApplication.run(SpringApplication.java:321)
	at org.springframework.boot.test.context.SpringBootContextLoader.lambda$loadContext$2(SpringBootContextLoader.java:155)
	at org.springframework.util.function.ThrowingSupplier.get(ThrowingSupplier.java:58)
	at org.springframework.util.function.ThrowingSupplier.get(ThrowingSupplier.java:46)
	at org.springframework.boot.SpringApplication.withHook(SpringApplication.java:1465)
	at org.springframework.boot.test.context.SpringBootContextLoader$ContextLoaderHook.run(SpringBootContextLoader.java:600)
	at org.springframework.boot.test.context.SpringBootContextLoader.loadContext(SpringBootContextLoader.java:155)
	at org.springframework.boot.test.context.SpringBootContextLoader.loadContext(SpringBootContextLoader.java:114)
	at org.springframework.test.context.cache.DefaultCacheAwareContextLoaderDelegate.loadContextInternal(DefaultCacheAwareContextLoaderDelegate.java:247)
	at org.springframework.test.context.cache.DefaultCacheAwareContextLoaderDelegate.lambda$loadContext$0(DefaultCacheAwareContextLoaderDelegate.java:167)
	at org.springframework.test.context.cache.DefaultContextCache.put(DefaultContextCache.java:214)
	at org.springframework.test.context.cache.DefaultCacheAwareContextLoaderDelegate.loadContext(DefaultCacheAwareContextLoaderDelegate.java:160)
	at org.springframework.test.context.support.DefaultTestContext.getApplicationContext(DefaultTestContext.java:128)
	at org.springframework.test.context.web.ServletTestExecutionListener.setUpRequestContextIfNecessary(ServletTestExecutionListener.java:200)
	at org.springframework.test.context.web.ServletTestExecutionListener.prepareTestInstance(ServletTestExecutionListener.java:139)
	at org.springframework.test.context.TestContextManager.prepareTestInstance(TestContextManager.java:260)
	at org.springframework.test.context.junit.jupiter.SpringExtension.postProcessTestInstance(SpringExtension.java:242)
	at org.junit.jupiter.engine.descriptor.ClassBasedTestDescriptor.lambda$invokeTestInstancePostProcessors$1(ClassBasedTestDescriptor.java:423)
	at org.junit.jupiter.engine.descriptor.ClassBasedTestDescriptor.executeAndMaskThrowable(ClassBasedTestDescriptor.java:428)
	at org.junit.jupiter.engine.descriptor.ClassBasedTestDescriptor.lambda$invokeTestInstancePostProcessors$0(ClassBasedTestDescriptor.java:422)
	at java.base/java.util.stream.ForEachOps$ForEachOp$OfRef.accept(ForEachOps.java:186)
	at java.base/java.util.stream.ReferencePipeline$3$1.accept(ReferencePipeline.java:214)
	at java.base/java.util.stream.ReferencePipeline$2$1.accept(ReferencePipeline.java:197)
	at java.base/java.util.stream.ReferencePipeline$3$1.accept(ReferencePipeline.java:214)
	at java.base/java.util.ArrayList$ArrayListSpliterator.forEachRemaining(ArrayList.java:1716)
	at java.base/java.util.stream.AbstractPipeline.copyInto(AbstractPipeline.java:570)
	at java.base/java.util.stream.AbstractPipeline.wrapAndCopyInto(AbstractPipeline.java:560)
	at java.base/java.util.stream.ForEachOps$ForEachOp.evaluateSequential(ForEachOps.java:153)
	at java.base/java.util.stream.ForEachOps$ForEachOp$OfRef.evaluateSequential(ForEachOps.java:176)
	at java.base/java.util.stream.AbstractPipeline.evaluate(AbstractPipeline.java:265)
	at java.base/java.util.stream.ReferencePipeline.forEach(ReferencePipeline.java:632)
	at org.junit.jupiter.engine.descriptor.ClassBasedTestDescriptor.invokeTestInstancePostProcessors(ClassBasedTestDescriptor.java:422)
	at org.junit.jupiter.engine.descriptor.ClassBasedTestDescriptor.lambda$instantiateAndPostProcessTestInstance$0(ClassBasedTestDescriptor.java:334)
	at org.junit.platform.engine.support.hierarchical.ThrowableCollector.execute(ThrowableCollector.java:74)
	at org.junit.jupiter.engine.descriptor.ClassBasedTestDescriptor.instantiateAndPostProcessTestInstance(ClassBasedTestDescriptor.java:333)
	at org.junit.jupiter.engine.descriptor.ClassBasedTestDescriptor.lambda$testInstancesProvider$1(ClassBasedTestDescriptor.java:322)
	at java.base/java.util.Optional.orElseGet(Optional.java:364)
	at org.junit.jupiter.engine.descriptor.ClassBasedTestDescriptor.lambda$testInstancesProvider$0(ClassBasedTestDescriptor.java:321)
	at org.junit.jupiter.engine.execution.TestInstancesProvider.getTestInstances(TestInstancesProvider.java:27)
	at org.junit.jupiter.engine.descriptor.TestMethodTestDescriptor.lambda$prepare$0(TestMethodTestDescriptor.java:127)
	at org.junit.platform.engine.support.hierarchical.ThrowableCollector.execute(ThrowableCollector.java:74)
	at org.junit.jupiter.engine.descriptor.TestMethodTestDescriptor.prepare(TestMethodTestDescriptor.java:126)
	at org.junit.jupiter.engine.descriptor.TestMethodTestDescriptor.prepare(TestMethodTestDescriptor.java:70)
	at org.junit.platform.engine.support.hierarchical.NodeTestTask.lambda$prepare$0(NodeTestTask.java:144)
	at org.junit.platform.engine.support.hierarchical.ThrowableCollector.execute(ThrowableCollector.java:74)
	at org.junit.platform.engine.support.hierarchical.NodeTestTask.prepare(NodeTestTask.java:144)
	at org.junit.platform.engine.support.hierarchical.NodeTestTask.execute(NodeTestTask.java:110)
	at java.base/java.util.ArrayList.forEach(ArrayList.java:1604)
	at org.junit.platform.engine.support.hierarchical.SameThreadHierarchicalTestExecutorService.invokeAll(SameThreadHierarchicalTestExecutorService.java:42)
	at org.junit.platform.engine.support.hierarchical.NodeTestTask.lambda$executeRecursively$2(NodeTestTask.java:180)
	at org.junit.platform.engine.support.hierarchical.ThrowableCollector.execute(ThrowableCollector.java:74)
	at org.junit.platform.engine.support.hierarchical.NodeTestTask.lambda$executeRecursively$1(NodeTestTask.java:166)
	at org.junit.platform.engine.support.hierarchical.Node.around(Node.java:138)
	at org.junit.platform.engine.support.hierarchical.NodeTestTask.lambda$executeRecursively$0(NodeTestTask.java:164)
	at org.junit.platform.engine.support.hierarchical.ThrowableCollector.execute(ThrowableCollector.java:74)
	at org.junit.platform.engine.support.hierarchical.NodeTestTask.executeRecursively(NodeTestTask.java:163)
	at org.junit.platform.engine.support.hierarchical.NodeTestTask.execute(NodeTestTask.java:116)
	at java.base/java.util.ArrayList.forEach(ArrayList.java:1604)
	at org.junit.platform.engine.support.hierarchical.SameThreadHierarchicalTestExecutorService.invokeAll(SameThreadHierarchicalTestExecutorService.java:42)
	at org.junit.platform.engine.support.hierarchical.NodeTestTask.lambda$executeRecursively$2(NodeTestTask.java:180)
	at org.junit.platform.engine.support.hierarchical.ThrowableCollector.execute(ThrowableCollector.java:74)
	at org.junit.platform.engine.support.hierarchical.NodeTestTask.lambda$executeRecursively$1(NodeTestTask.java:166)
	at org.junit.platform.engine.support.hierarchical.Node.around(Node.java:138)
	at org.junit.platform.engine.support.hierarchical.NodeTestTask.lambda$executeRecursively$0(NodeTestTask.java:164)
	at org.junit.platform.engine.support.hierarchical.ThrowableCollector.execute(ThrowableCollector.java:74)
	at org.junit.platform.engine.support.hierarchical.NodeTestTask.executeRecursively(NodeTestTask.java:163)
	at org.junit.platform.engine.support.hierarchical.NodeTestTask.execute(NodeTestTask.java:116)
	at org.junit.platform.engine.support.hierarchical.SameThreadHierarchicalTestExecutorService.submit(SameThreadHierarchicalTestExecutorService.java:36)
	at org.junit.platform.engine.support.hierarchical.HierarchicalTestExecutor.execute(HierarchicalTestExecutor.java:52)
	at org.junit.platform.engine.support.hierarchical.HierarchicalTestEngine.execute(HierarchicalTestEngine.java:58)
	at org.junit.platform.launcher.core.EngineExecutionOrchestrator.executeEngine(EngineExecutionOrchestrator.java:246)
	at org.junit.platform.launcher.core.EngineExecutionOrchestrator.failOrExecuteEngine(EngineExecutionOrchestrator.java:218)
	at org.junit.platform.launcher.core.EngineExecutionOrchestrator.execute(EngineExecutionOrchestrator.java:179)
	at org.junit.platform.launcher.core.EngineExecutionOrchestrator.execute(EngineExecutionOrchestrator.java:108)
	at org.junit.platform.launcher.core.EngineExecutionOrchestrator.lambda$execute$0(EngineExecutionOrchestrator.java:66)
	at org.junit.platform.launcher.core.EngineExecutionOrchestrator.withInterceptedStreams(EngineExecutionOrchestrator.java:157)
	at org.junit.platform.launcher.core.EngineExecutionOrchestrator.execute(EngineExecutionOrchestrator.java:65)
	at org.junit.platform.launcher.core.DefaultLauncher.execute(DefaultLauncher.java:125)
	at org.junit.platform.launcher.core.DefaultLauncher.execute(DefaultLauncher.java:114)
	at org.junit.platform.launcher.core.DelegatingLauncher.execute(DelegatingLauncher.java:58)
	at org.junit.platform.launcher.core.InterceptingLauncher.lambda$execute$2(InterceptingLauncher.java:57)
	at org.junit.platform.launcher.core.ClasspathAlignmentCheckingLauncherInterceptor.intercept(ClasspathAlignmentCheckingLauncherInterceptor.java:25)
	at org.junit.platform.launcher.core.InterceptingLauncher.execute(InterceptingLauncher.java:56)
	at org.junit.platform.launcher.core.DelegatingLauncher.execute(DelegatingLauncher.java:58)
	at java.base/jdk.internal.reflect.DirectMethodHandleAccessor.invoke(DirectMethodHandleAccessor.java:104)
	at java.base/java.lang.reflect.Method.invoke(Method.java:565)
	at org.apache.maven.surefire.api.util.ReflectionUtils.invokeMethodWithArray(ReflectionUtils.java:125)
	at org.apache.maven.surefire.junitplatform.LauncherAdapter.executeWithCancellationToken(LauncherAdapter.java:68)
	at org.apache.maven.surefire.junitplatform.LauncherAdapter.execute(LauncherAdapter.java:54)
	at org.apache.maven.surefire.junitplatform.JUnitPlatformProvider.execute(JUnitPlatformProvider.java:203)
	at org.apache.maven.surefire.junitplatform.JUnitPlatformProvider.invokeAllTests(JUnitPlatformProvider.java:168)
	at org.apache.maven.surefire.junitplatform.JUnitPlatformProvider.invoke(JUnitPlatformProvider.java:136)
	at org.apache.maven.surefire.booter.ForkedBooter.runSuitesInProcess(ForkedBooter.java:385)
	at org.apache.maven.surefire.booter.ForkedBooter.execute(ForkedBooter.java:162)
	at org.apache.maven.surefire.booter.ForkedBooter.run(ForkedBooter.java:507)
	at org.apache.maven.surefire.booter.ForkedBooter.main(ForkedBooter.java:495)
Caused by: org.springframework.beans.factory.UnsatisfiedDependencyException: Error creating bean with name 'studentServiceImpl' defined in file [C:\Users\Lenovo\Downloads\CareerPathAdviserNew\target\classes\com\career\service\impl\StudentServiceImpl.class]: Unsatisfied dependency expressed through constructor parameter 1: Error creating bean with name 'testAttemptRepository' defined in com.career.repository.TestAttemptRepository defined in @EnableJpaRepositories declared on DataJpaRepositoriesRegistrar.EnableJpaRepositoriesConfiguration: Query validation failed for 'UPDATE TestAttempt a SET a.status = :status, a.isCompleted = :isCompleted, a.endTime = :endTime WHERE a.id = :id'
	at org.springframework.beans.factory.support.ConstructorResolver.createArgumentArray(ConstructorResolver.java:804)
	at org.springframework.beans.factory.support.ConstructorResolver.autowireConstructor(ConstructorResolver.java:240)
	at org.springframework.beans.factory.support.AbstractAutowireCapableBeanFactory.autowireConstructor(AbstractAutowireCapableBeanFactory.java:1380)
	at org.springframework.beans.factory.support.AbstractAutowireCapableBeanFactory.createBeanInstance(AbstractAutowireCapableBeanFactory.java:1219)
	at org.springframework.beans.factory.support.AbstractAutowireCapableBeanFactory.doCreateBean(AbstractAutowireCapableBeanFactory.java:565)
	at org.springframework.beans.factory.support.AbstractAutowireCapableBeanFactory.createBean(AbstractAutowireCapableBeanFactory.java:525)
	at org.springframework.beans.factory.support.AbstractBeanFactory.lambda$doGetBean$0(AbstractBeanFactory.java:333)
	at org.springframework.beans.factory.support.DefaultSingletonBeanRegistry.getSingleton(DefaultSingletonBeanRegistry.java:371)
	at org.springframework.beans.factory.support.AbstractBeanFactory.doGetBean(AbstractBeanFactory.java:331)
	at org.springframework.beans.factory.support.AbstractBeanFactory.getBean(AbstractBeanFactory.java:201)
	at org.springframework.beans.factory.config.DependencyDescriptor.resolveCandidate(DependencyDescriptor.java:229)
	at org.springframework.beans.factory.support.DefaultListableBeanFactory.doResolveDependency(DefaultListableBeanFactory.java:1769)
	at org.springframework.beans.factory.support.DefaultListableBeanFactory.resolveDependency(DefaultListableBeanFactory.java:1658)
	at org.springframework.beans.factory.support.ConstructorResolver.resolveAutowiredArgument(ConstructorResolver.java:912)
	at org.springframework.beans.factory.support.ConstructorResolver.createArgumentArray(ConstructorResolver.java:791)
	... 112 common frames omitted
Caused by: org.springframework.beans.factory.BeanCreationException: Error creating bean with name 'testAttemptRepository' defined in com.career.repository.TestAttemptRepository defined in @EnableJpaRepositories declared on DataJpaRepositoriesRegistrar.EnableJpaRepositoriesConfiguration: Query validation failed for 'UPDATE TestAttempt a SET a.status = :status, a.isCompleted = :isCompleted, a.endTime = :endTime WHERE a.id = :id'
	at org.springframework.beans.factory.support.AbstractAutowireCapableBeanFactory.initializeBean(AbstractAutowireCapableBeanFactory.java:1815)
	at org.springframework.beans.factory.support.AbstractAutowireCapableBeanFactory.doCreateBean(AbstractAutowireCapableBeanFactory.java:603)
	at org.springframework.beans.factory.support.AbstractAutowireCapableBeanFactory.createBean(AbstractAutowireCapableBeanFactory.java:525)
	at org.springframework.beans.factory.support.AbstractBeanFactory.lambda$doGetBean$0(AbstractBeanFactory.java:333)
	at org.springframework.beans.factory.support.DefaultSingletonBeanRegistry.getSingleton(DefaultSingletonBeanRegistry.java:371)
	at org.springframework.beans.factory.support.AbstractBeanFactory.doGetBean(AbstractBeanFactory.java:331)
	at org.springframework.beans.factory.support.AbstractBeanFactory.getBean(AbstractBeanFactory.java:201)
	at org.springframework.beans.factory.support.DefaultListableBeanFactory.resolveBean(DefaultListableBeanFactory.java:1232)
	at org.springframework.beans.factory.support.DefaultListableBeanFactory.doResolveDependency(DefaultListableBeanFactory.java:1711)
	at org.springframework.beans.factory.support.DefaultListableBeanFactory.resolveDependency(DefaultListableBeanFactory.java:1658)
	at org.springframework.beans.factory.support.ConstructorResolver.resolveAutowiredArgument(ConstructorResolver.java:912)
	at org.springframework.beans.factory.support.ConstructorResolver.createArgumentArray(ConstructorResolver.java:791)
	... 126 common frames omitted
Caused by: org.springframework.data.repository.query.QueryCreationException: Cannot create query for method [TestAttemptRepository.updateAttemptStatus(java.lang.Long,com.career.entity.AttemptStatus,java.lang.Boolean,java.time.LocalDateTime)]; Query validation failed for 'UPDATE TestAttempt a SET a.status = :status, a.isCompleted = :isCompleted, a.endTime = :endTime WHERE a.id = :id'
	at org.springframework.data.repository.query.QueryCreationException.create(QueryCreationException.java:139)
	at org.springframework.data.repository.query.QueryCreationException.create(QueryCreationException.java:124)
	at org.springframework.data.jpa.repository.query.SimpleJpaQuery.validateQuery(SimpleJpaQuery.java:78)
	at org.springframework.data.jpa.repository.query.SimpleJpaQuery.<init>(SimpleJpaQuery.java:52)
	at org.springframework.data.jpa.repository.query.JpaQueryLookupStrategy$DeclaredQueryLookupStrategy.createStringQuery(JpaQueryLookupStrategy.java:228)
	at org.springframework.data.jpa.repository.query.JpaQueryLookupStrategy$DeclaredQueryLookupStrategy.resolveQuery(JpaQueryLookupStrategy.java:160)
	at org.springframework.data.jpa.repository.query.JpaQueryLookupStrategy$CreateIfNotFoundQueryLookupStrategy.resolveQuery(JpaQueryLookupStrategy.java:285)
	at org.springframework.data.jpa.repository.query.JpaQueryLookupStrategy$AbstractQueryLookupStrategy.resolveQuery(JpaQueryLookupStrategy.java:93)
	at org.springframework.data.repository.core.support.QueryExecutorMethodInterceptor.lookupQuery(QueryExecutorMethodInterceptor.java:114)
	at org.springframework.data.repository.core.support.QueryExecutorMethodInterceptor.mapMethodsToQuery(QueryExecutorMethodInterceptor.java:102)
	at org.springframework.data.repository.core.support.QueryExecutorMethodInterceptor.<init>(QueryExecutorMethodInterceptor.java:90)
	at org.springframework.data.repository.core.support.RepositoryFactorySupport.getRepository(RepositoryFactorySupport.java:413)
	at org.springframework.data.repository.core.support.RepositoryFactoryBeanSupport.lambda$afterPropertiesSet$1(RepositoryFactoryBeanSupport.java:361)
	at org.springframework.data.util.Lazy.getNullable(Lazy.java:136)
	at org.springframework.data.util.Lazy.get(Lazy.java:114)
	at org.springframework.data.repository.core.support.RepositoryFactoryBeanSupport.afterPropertiesSet(RepositoryFactoryBeanSupport.java:370)
	at org.springframework.data.jpa.repository.support.JpaRepositoryFactoryBean.afterPropertiesSet(JpaRepositoryFactoryBean.java:212)
	at org.springframework.beans.factory.support.AbstractAutowireCapableBeanFactory.invokeInitMethods(AbstractAutowireCapableBeanFactory.java:1862)
	at org.springframework.beans.factory.support.AbstractAutowireCapableBeanFactory.initializeBean(AbstractAutowireCapableBeanFactory.java:1811)
	... 137 common frames omitted
Caused by: java.lang.IllegalArgumentException: org.hibernate.query.sqm.UnknownPathException: Could not resolve attribute 'isCompleted' of 'com.career.entity.TestAttempt' [UPDATE TestAttempt a SET a.status = :status, a.isCompleted = :isCompleted, a.endTime = :endTime WHERE a.id = :id]
	at org.hibernate.internal.ExceptionConverterImpl.convert(ExceptionConverterImpl.java:134)
	at org.hibernate.internal.ExceptionConverterImpl.convert(ExceptionConverterImpl.java:173)
	at org.hibernate.internal.ExceptionConverterImpl.convert(ExceptionConverterImpl.java:179)
	at org.hibernate.internal.AbstractSharedSessionContract.createQuery(AbstractSharedSessionContract.java:1102)
	at org.hibernate.internal.SessionImpl.createQuery(SessionImpl.java:158)
	at org.hibernate.internal.AbstractSharedSessionContract.createQuery(AbstractSharedSessionContract.java:1011)
	at org.hibernate.internal.SessionImpl.createQuery(SessionImpl.java:158)
	at org.hibernate.internal.AbstractSharedSessionContract.createQuery(AbstractSharedSessionContract.java:154)
	at java.base/jdk.internal.reflect.DirectMethodHandleAccessor.invoke(DirectMethodHandleAccessor.java:104)
	at java.base/java.lang.reflect.Method.invoke(Method.java:565)
	at org.springframework.orm.jpa.ExtendedEntityManagerCreator$ExtendedEntityManagerInvocationHandler.invoke(ExtendedEntityManagerCreator.java:360)
	at jdk.proxy2/jdk.proxy2.$Proxy157.createQuery(Unknown Source)
	at org.springframework.data.jpa.repository.query.SimpleJpaQuery.validateQuery(SimpleJpaQuery.java:73)
	... 153 common frames omitted
Caused by: org.hibernate.query.sqm.UnknownPathException: Could not resolve attribute 'isCompleted' of 'com.career.entity.TestAttempt' [UPDATE TestAttempt a SET a.status = :status, a.isCompleted = :isCompleted, a.endTime = :endTime WHERE a.id = :id]
	at org.hibernate.query.hql.internal.StandardHqlTranslator.translate(StandardHqlTranslator.java:78)
	at org.hibernate.query.internal.QueryInterpretationCacheStandardImpl.createHqlInterpretation(QueryInterpretationCacheStandardImpl.java:165)
	at org.hibernate.query.internal.QueryInterpretationCacheStandardImpl.resolveHqlInterpretation(QueryInterpretationCacheStandardImpl.java:147)
	at org.hibernate.query.spi.QueryEngine.interpretHql(QueryEngine.java:61)
	at org.hibernate.internal.AbstractSharedSessionContract.interpretHql(AbstractSharedSessionContract.java:1043)
	at org.hibernate.internal.AbstractSharedSessionContract.createQuery(AbstractSharedSessionContract.java:1094)
	... 162 common frames omitted
Caused by: org.hibernate.query.sqm.PathElementException: Could not resolve attribute 'isCompleted' of 'com.career.entity.TestAttempt'
	at org.hibernate.query.sqm.SqmPathSource.getSubPathSource(SqmPathSource.java:94)
	at org.hibernate.query.sqm.tree.domain.AbstractSqmPath.get(AbstractSqmPath.java:223)
	at org.hibernate.query.sqm.tree.domain.AbstractSqmFrom.resolvePathPart(AbstractSqmFrom.java:215)
	at org.hibernate.query.hql.internal.DomainPathPart.resolvePathPart(DomainPathPart.java:39)
	at org.hibernate.query.hql.internal.BasicDotIdentifierConsumer.consumeIdentifier(BasicDotIdentifierConsumer.java:90)
	at org.hibernate.query.hql.internal.SemanticQueryBuilder.visitSimplePath(SemanticQueryBuilder.java:5790)
	at org.hibernate.query.hql.internal.SemanticQueryBuilder.visitSimplePath(SemanticQueryBuilder.java:247)
	at org.hibernate.grammars.hql.HqlParser$SimplePathContext.accept(HqlParser.java:4300)
	at org.hibernate.query.hql.internal.SemanticQueryBuilder.consumeDomainPath(SemanticQueryBuilder.java:6056)
	at org.hibernate.query.hql.internal.SemanticQueryBuilder.visitAssignment(SemanticQueryBuilder.java:671)
	at org.hibernate.query.hql.internal.SemanticQueryBuilder.visitUpdateStatement(SemanticQueryBuilder.java:651)
	at org.hibernate.query.hql.internal.SemanticQueryBuilder.visitStatement(SemanticQueryBuilder.java:439)
	at org.hibernate.query.hql.internal.SemanticQueryBuilder.buildSemanticModel(SemanticQueryBuilder.java:292)
	at org.hibernate.query.hql.internal.StandardHqlTranslator.translate(StandardHqlTranslator.java:61)
	... 167 common frames omitted
2026-08-27 13:21:43.213 [WARN ] [main] o.s.test.context.TestContextManager - Caught exception while allowing TestExecutionListener [org.springframework.test.context.web.ServletTestExecutionListener] to prepare test instance [com.career.CareerPathAdviserApplicationTests@c01fd44]
java.lang.IllegalStateException: Failed to load ApplicationContext for [WebMergedContextConfiguration@654d7914 testClass = com.career.CareerPathAdviserApplicationTests, locations = [], classes = [com.career.CareerPathAdviserApplication], contextInitializerClasses = [], activeProfiles = [], propertySourceDescriptors = [], propertySourceProperties = ["org.springframework.boot.test.context.SpringBootTestContextBootstrapper=true"], contextCustomizers = [org.springframework.boot.web.server.context.SpringBootTestRandomPortContextCustomizer@3234f74e, org.springframework.boot.test.context.PropertyMappingContextCustomizer@0, org.springframework.boot.test.context.filter.ExcludeFilterContextCustomizer@7b64240d, org.springframework.boot.test.json.DuplicateJsonObjectContextCustomizerFactory$DuplicateJsonObjectContextCustomizer@2756c0a7, org.springframework.boot.test.autoconfigure.OnFailureConditionReportContextCustomizerFactory$OnFailureConditionReportContextCustomizer@71984c3, org.springframework.test.context.support.DynamicPropertiesContextCustomizer@0, org.springframework.boot.test.context.SpringBootTestAnnotation@cbee7da4], resourceBasePath = "src/main/webapp", contextLoader = org.springframework.boot.test.context.SpringBootContextLoader, parent = null]
	at org.springframework.test.context.cache.DefaultCacheAwareContextLoaderDelegate.lambda$loadContext$0(DefaultCacheAwareContextLoaderDelegate.java:195)
	at org.springframework.test.context.cache.DefaultContextCache.put(DefaultContextCache.java:214)
	at org.springframework.test.context.cache.DefaultCacheAwareContextLoaderDelegate.loadContext(DefaultCacheAwareContextLoaderDelegate.java:160)
	at org.springframework.test.context.support.DefaultTestContext.getApplicationContext(DefaultTestContext.java:128)
	at org.springframework.test.context.web.ServletTestExecutionListener.setUpRequestContextIfNecessary(ServletTestExecutionListener.java:200)
	at org.springframework.test.context.web.ServletTestExecutionListener.prepareTestInstance(ServletTestExecutionListener.java:139)
	at org.springframework.test.context.TestContextManager.prepareTestInstance(TestContextManager.java:260)
	at org.springframework.test.context.junit.jupiter.SpringExtension.postProcessTestInstance(SpringExtension.java:242)
	at org.junit.jupiter.engine.descriptor.ClassBasedTestDescriptor.lambda$invokeTestInstancePostProcessors$1(ClassBasedTestDescriptor.java:423)
	at org.junit.jupiter.engine.descriptor.ClassBasedTestDescriptor.executeAndMaskThrowable(ClassBasedTestDescriptor.java:428)
	at org.junit.jupiter.engine.descriptor.ClassBasedTestDescriptor.lambda$invokeTestInstancePostProcessors$0(ClassBasedTestDescriptor.java:422)
	at java.base/java.util.stream.ForEachOps$ForEachOp$OfRef.accept(ForEachOps.java:186)
	at java.base/java.util.stream.ReferencePipeline$3$1.accept(ReferencePipeline.java:214)
	at java.base/java.util.stream.ReferencePipeline$2$1.accept(ReferencePipeline.java:197)
	at java.base/java.util.stream.ReferencePipeline$3$1.accept(ReferencePipeline.java:214)
	at java.base/java.util.ArrayList$ArrayListSpliterator.forEachRemaining(ArrayList.java:1716)
	at java.base/java.util.stream.AbstractPipeline.copyInto(AbstractPipeline.java:570)
	at java.base/java.util.stream.AbstractPipeline.wrapAndCopyInto(AbstractPipeline.java:560)
	at java.base/java.util.stream.ForEachOps$ForEachOp.evaluateSequential(ForEachOps.java:153)
	at java.base/java.util.stream.ForEachOps$ForEachOp$OfRef.evaluateSequential(ForEachOps.java:176)
	at java.base/java.util.stream.AbstractPipeline.evaluate(AbstractPipeline.java:265)
	at java.base/java.util.stream.ReferencePipeline.forEach(ReferencePipeline.java:632)
	at org.junit.jupiter.engine.descriptor.ClassBasedTestDescriptor.invokeTestInstancePostProcessors(ClassBasedTestDescriptor.java:422)
	at org.junit.jupiter.engine.descriptor.ClassBasedTestDescriptor.lambda$instantiateAndPostProcessTestInstance$0(ClassBasedTestDescriptor.java:334)
	at org.junit.platform.engine.support.hierarchical.ThrowableCollector.execute(ThrowableCollector.java:74)
	at org.junit.jupiter.engine.descriptor.ClassBasedTestDescriptor.instantiateAndPostProcessTestInstance(ClassBasedTestDescriptor.java:333)
	at org.junit.jupiter.engine.descriptor.ClassBasedTestDescriptor.lambda$testInstancesProvider$1(ClassBasedTestDescriptor.java:322)
	at java.base/java.util.Optional.orElseGet(Optional.java:364)
	at org.junit.jupiter.engine.descriptor.ClassBasedTestDescriptor.lambda$testInstancesProvider$0(ClassBasedTestDescriptor.java:321)
	at org.junit.jupiter.engine.execution.TestInstancesProvider.getTestInstances(TestInstancesProvider.java:27)
	at org.junit.jupiter.engine.descriptor.TestMethodTestDescriptor.lambda$prepare$0(TestMethodTestDescriptor.java:127)
	at org.junit.platform.engine.support.hierarchical.ThrowableCollector.execute(ThrowableCollector.java:74)
	at org.junit.jupiter.engine.descriptor.TestMethodTestDescriptor.prepare(TestMethodTestDescriptor.java:126)
	at org.junit.jupiter.engine.descriptor.TestMethodTestDescriptor.prepare(TestMethodTestDescriptor.java:70)
	at org.junit.platform.engine.support.hierarchical.NodeTestTask.lambda$prepare$0(NodeTestTask.java:144)
	at org.junit.platform.engine.support.hierarchical.ThrowableCollector.execute(ThrowableCollector.java:74)
	at org.junit.platform.engine.support.hierarchical.NodeTestTask.prepare(NodeTestTask.java:144)
	at org.junit.platform.engine.support.hierarchical.NodeTestTask.execute(NodeTestTask.java:110)
	at java.base/java.util.ArrayList.forEach(ArrayList.java:1604)
	at org.junit.platform.engine.support.hierarchical.SameThreadHierarchicalTestExecutorService.invokeAll(SameThreadHierarchicalTestExecutorService.java:42)
	at org.junit.platform.engine.support.hierarchical.NodeTestTask.lambda$executeRecursively$2(NodeTestTask.java:180)
	at org.junit.platform.engine.support.hierarchical.ThrowableCollector.execute(ThrowableCollector.java:74)
	at org.junit.platform.engine.support.hierarchical.NodeTestTask.lambda$executeRecursively$1(NodeTestTask.java:166)
	at org.junit.platform.engine.support.hierarchical.Node.around(Node.java:138)
	at org.junit.platform.engine.support.hierarchical.NodeTestTask.lambda$executeRecursively$0(NodeTestTask.java:164)
	at org.junit.platform.engine.support.hierarchical.ThrowableCollector.execute(ThrowableCollector.java:74)
	at org.junit.platform.engine.support.hierarchical.NodeTestTask.executeRecursively(NodeTestTask.java:163)
	at org.junit.platform.engine.support.hierarchical.NodeTestTask.execute(NodeTestTask.java:116)
	at java.base/java.util.ArrayList.forEach(ArrayList.java:1604)
	at org.junit.platform.engine.support.hierarchical.SameThreadHierarchicalTestExecutorService.invokeAll(SameThreadHierarchicalTestExecutorService.java:42)
	at org.junit.platform.engine.support.hierarchical.NodeTestTask.lambda$executeRecursively$2(NodeTestTask.java:180)
	at org.junit.platform.engine.support.hierarchical.ThrowableCollector.execute(ThrowableCollector.java:74)
	at org.junit.platform.engine.support.hierarchical.NodeTestTask.lambda$executeRecursively$1(NodeTestTask.java:166)
	at org.junit.platform.engine.support.hierarchical.Node.around(Node.java:138)
	at org.junit.platform.engine.support.hierarchical.NodeTestTask.lambda$executeRecursively$0(NodeTestTask.java:164)
	at org.junit.platform.engine.support.hierarchical.ThrowableCollector.execute(ThrowableCollector.java:74)
	at org.junit.platform.engine.support.hierarchical.NodeTestTask.executeRecursively(NodeTestTask.java:163)
	at org.junit.platform.engine.support.hierarchical.NodeTestTask.execute(NodeTestTask.java:116)
	at org.junit.platform.engine.support.hierarchical.SameThreadHierarchicalTestExecutorService.submit(SameThreadHierarchicalTestExecutorService.java:36)
	at org.junit.platform.engine.support.hierarchical.HierarchicalTestExecutor.execute(HierarchicalTestExecutor.java:52)
	at org.junit.platform.engine.support.hierarchical.HierarchicalTestEngine.execute(HierarchicalTestEngine.java:58)
	at org.junit.platform.launcher.core.EngineExecutionOrchestrator.executeEngine(EngineExecutionOrchestrator.java:246)
	at org.junit.platform.launcher.core.EngineExecutionOrchestrator.failOrExecuteEngine(EngineExecutionOrchestrator.java:218)
	at org.junit.platform.launcher.core.EngineExecutionOrchestrator.execute(EngineExecutionOrchestrator.java:179)
	at org.junit.platform.launcher.core.EngineExecutionOrchestrator.execute(EngineExecutionOrchestrator.java:108)
	at org.junit.platform.launcher.core.EngineExecutionOrchestrator.lambda$execute$0(EngineExecutionOrchestrator.java:66)
	at org.junit.platform.launcher.core.EngineExecutionOrchestrator.withInterceptedStreams(EngineExecutionOrchestrator.java:157)
	at org.junit.platform.launcher.core.EngineExecutionOrchestrator.execute(EngineExecutionOrchestrator.java:65)
	at org.junit.platform.launcher.core.DefaultLauncher.execute(DefaultLauncher.java:125)
	at org.junit.platform.launcher.core.DefaultLauncher.execute(DefaultLauncher.java:114)
	at org.junit.platform.launcher.core.DelegatingLauncher.execute(DelegatingLauncher.java:58)
	at org.junit.platform.launcher.core.InterceptingLauncher.lambda$execute$2(InterceptingLauncher.java:57)
	at org.junit.platform.launcher.core.ClasspathAlignmentCheckingLauncherInterceptor.intercept(ClasspathAlignmentCheckingLauncherInterceptor.java:25)
	at org.junit.platform.launcher.core.InterceptingLauncher.execute(InterceptingLauncher.java:56)
	at org.junit.platform.launcher.core.DelegatingLauncher.execute(DelegatingLauncher.java:58)
	at java.base/jdk.internal.reflect.DirectMethodHandleAccessor.invoke(DirectMethodHandleAccessor.java:104)
	at java.base/java.lang.reflect.Method.invoke(Method.java:565)
	at org.apache.maven.surefire.api.util.ReflectionUtils.invokeMethodWithArray(ReflectionUtils.java:125)
	at org.apache.maven.surefire.junitplatform.LauncherAdapter.executeWithCancellationToken(LauncherAdapter.java:68)
	at org.apache.maven.surefire.junitplatform.LauncherAdapter.execute(LauncherAdapter.java:54)
	at org.apache.maven.surefire.junitplatform.JUnitPlatformProvider.execute(JUnitPlatformProvider.java:203)
	at org.apache.maven.surefire.junitplatform.JUnitPlatformProvider.invokeAllTests(JUnitPlatformProvider.java:168)
	at org.apache.maven.surefire.junitplatform.JUnitPlatformProvider.invoke(JUnitPlatformProvider.java:136)
	at org.apache.maven.surefire.booter.ForkedBooter.runSuitesInProcess(ForkedBooter.java:385)
	at org.apache.maven.surefire.booter.ForkedBooter.execute(ForkedBooter.java:162)
	at org.apache.maven.surefire.booter.ForkedBooter.run(ForkedBooter.java:507)
	at org.apache.maven.surefire.booter.ForkedBooter.main(ForkedBooter.java:495)
Caused by: org.springframework.beans.factory.UnsatisfiedDependencyException: Error creating bean with name 'studentController' defined in file [C:\Users\Lenovo\Downloads\CareerPathAdviserNew\target\classes\com\career\controller\StudentController.class]: Unsatisfied dependency expressed through constructor parameter 0: Error creating bean with name 'studentServiceImpl' defined in file [C:\Users\Lenovo\Downloads\CareerPathAdviserNew\target\classes\com\career\service\impl\StudentServiceImpl.class]: Unsatisfied dependency expressed through constructor parameter 1: Error creating bean with name 'testAttemptRepository' defined in com.career.repository.TestAttemptRepository defined in @EnableJpaRepositories declared on DataJpaRepositoriesRegistrar.EnableJpaRepositoriesConfiguration: Query validation failed for 'UPDATE TestAttempt a SET a.status = :status, a.isCompleted = :isCompleted, a.endTime = :endTime WHERE a.id = :id'
	at org.springframework.beans.factory.support.ConstructorResolver.createArgumentArray(ConstructorResolver.java:804)
	at org.springframework.beans.factory.support.ConstructorResolver.autowireConstructor(ConstructorResolver.java:240)
	at org.springframework.beans.factory.support.AbstractAutowireCapableBeanFactory.autowireConstructor(AbstractAutowireCapableBeanFactory.java:1380)
	at org.springframework.beans.factory.support.AbstractAutowireCapableBeanFactory.createBeanInstance(AbstractAutowireCapableBeanFactory.java:1219)
	at org.springframework.beans.factory.support.AbstractAutowireCapableBeanFactory.doCreateBean(AbstractAutowireCapableBeanFactory.java:565)
	at org.springframework.beans.factory.support.AbstractAutowireCapableBeanFactory.createBean(AbstractAutowireCapableBeanFactory.java:525)
	at org.springframework.beans.factory.support.AbstractBeanFactory.lambda$doGetBean$0(AbstractBeanFactory.java:333)
	at org.springframework.beans.factory.support.DefaultSingletonBeanRegistry.getSingleton(DefaultSingletonBeanRegistry.java:371)
	at org.springframework.beans.factory.support.AbstractBeanFactory.doGetBean(AbstractBeanFactory.java:331)
	at org.springframework.beans.factory.support.AbstractBeanFactory.getBean(AbstractBeanFactory.java:196)
	at org.springframework.beans.factory.support.DefaultListableBeanFactory.instantiateSingleton(DefaultListableBeanFactory.java:1225)
	at org.springframework.beans.factory.support.DefaultListableBeanFactory.preInstantiateSingleton(DefaultListableBeanFactory.java:1191)
	at org.springframework.beans.factory.support.DefaultListableBeanFactory.preInstantiateSingletons(DefaultListableBeanFactory.java:1121)
	at org.springframework.context.support.AbstractApplicationContext.finishBeanFactoryInitialization(AbstractApplicationContext.java:994)
	at org.springframework.context.support.AbstractApplicationContext.refresh(AbstractApplicationContext.java:621)
	at org.springframework.boot.SpringApplication.refresh(SpringApplication.java:756)
	at org.springframework.boot.SpringApplication.refreshContext(SpringApplication.java:445)
	at org.springframework.boot.SpringApplication.run(SpringApplication.java:321)
	at org.springframework.boot.test.context.SpringBootContextLoader.lambda$loadContext$2(SpringBootContextLoader.java:155)
	at org.springframework.util.function.ThrowingSupplier.get(ThrowingSupplier.java:58)
	at org.springframework.util.function.ThrowingSupplier.get(ThrowingSupplier.java:46)
	at org.springframework.boot.SpringApplication.withHook(SpringApplication.java:1465)
	at org.springframework.boot.test.context.SpringBootContextLoader$ContextLoaderHook.run(SpringBootContextLoader.java:600)
	at org.springframework.boot.test.context.SpringBootContextLoader.loadContext(SpringBootContextLoader.java:155)
	at org.springframework.boot.test.context.SpringBootContextLoader.loadContext(SpringBootContextLoader.java:114)
	at org.springframework.test.context.cache.DefaultCacheAwareContextLoaderDelegate.loadContextInternal(DefaultCacheAwareContextLoaderDelegate.java:247)
	at org.springframework.test.context.cache.DefaultCacheAwareContextLoaderDelegate.lambda$loadContext$0(DefaultCacheAwareContextLoaderDelegate.java:167)
	... 86 common frames omitted
Caused by: org.springframework.beans.factory.UnsatisfiedDependencyException: Error creating bean with name 'studentServiceImpl' defined in file [C:\Users\Lenovo\Downloads\CareerPathAdviserNew\target\classes\com\career\service\impl\StudentServiceImpl.class]: Unsatisfied dependency expressed through constructor parameter 1: Error creating bean with name 'testAttemptRepository' defined in com.career.repository.TestAttemptRepository defined in @EnableJpaRepositories declared on DataJpaRepositoriesRegistrar.EnableJpaRepositoriesConfiguration: Query validation failed for 'UPDATE TestAttempt a SET a.status = :status, a.isCompleted = :isCompleted, a.endTime = :endTime WHERE a.id = :id'
	at org.springframework.beans.factory.support.ConstructorResolver.createArgumentArray(ConstructorResolver.java:804)
	at org.springframework.beans.factory.support.ConstructorResolver.autowireConstructor(ConstructorResolver.java:240)
	at org.springframework.beans.factory.support.AbstractAutowireCapableBeanFactory.autowireConstructor(AbstractAutowireCapableBeanFactory.java:1380)
	at org.springframework.beans.factory.support.AbstractAutowireCapableBeanFactory.createBeanInstance(AbstractAutowireCapableBeanFactory.java:1219)
	at org.springframework.beans.factory.support.AbstractAutowireCapableBeanFactory.doCreateBean(AbstractAutowireCapableBeanFactory.java:565)
	at org.springframework.beans.factory.support.AbstractAutowireCapableBeanFactory.createBean(AbstractAutowireCapableBeanFactory.java:525)
	at org.springframework.beans.factory.support.AbstractBeanFactory.lambda$doGetBean$0(AbstractBeanFactory.java:333)
	at org.springframework.beans.factory.support.DefaultSingletonBeanRegistry.getSingleton(DefaultSingletonBeanRegistry.java:371)
	at org.springframework.beans.factory.support.AbstractBeanFactory.doGetBean(AbstractBeanFactory.java:331)
	at org.springframework.beans.factory.support.AbstractBeanFactory.getBean(AbstractBeanFactory.java:201)
	at org.springframework.beans.factory.config.DependencyDescriptor.resolveCandidate(DependencyDescriptor.java:229)
	at org.springframework.beans.factory.support.DefaultListableBeanFactory.doResolveDependency(DefaultListableBeanFactory.java:1769)
	at org.springframework.beans.factory.support.DefaultListableBeanFactory.resolveDependency(DefaultListableBeanFactory.java:1658)
	at org.springframework.beans.factory.support.ConstructorResolver.resolveAutowiredArgument(ConstructorResolver.java:912)
	at org.springframework.beans.factory.support.ConstructorResolver.createArgumentArray(ConstructorResolver.java:791)
	... 112 common frames omitted
Caused by: org.springframework.beans.factory.BeanCreationException: Error creating bean with name 'testAttemptRepository' defined in com.career.repository.TestAttemptRepository defined in @EnableJpaRepositories declared on DataJpaRepositoriesRegistrar.EnableJpaRepositoriesConfiguration: Query validation failed for 'UPDATE TestAttempt a SET a.status = :status, a.isCompleted = :isCompleted, a.endTime = :endTime WHERE a.id = :id'
	at org.springframework.beans.factory.support.AbstractAutowireCapableBeanFactory.initializeBean(AbstractAutowireCapableBeanFactory.java:1815)
	at org.springframework.beans.factory.support.AbstractAutowireCapableBeanFactory.doCreateBean(AbstractAutowireCapableBeanFactory.java:603)
	at org.springframework.beans.factory.support.AbstractAutowireCapableBeanFactory.createBean(AbstractAutowireCapableBeanFactory.java:525)
	at org.springframework.beans.factory.support.AbstractBeanFactory.lambda$doGetBean$0(AbstractBeanFactory.java:333)
	at org.springframework.beans.factory.support.DefaultSingletonBeanRegistry.getSingleton(DefaultSingletonBeanRegistry.java:371)
	at org.springframework.beans.factory.support.AbstractBeanFactory.doGetBean(AbstractBeanFactory.java:331)
	at org.springframework.beans.factory.support.AbstractBeanFactory.getBean(AbstractBeanFactory.java:201)
	at org.springframework.beans.factory.support.DefaultListableBeanFactory.resolveBean(DefaultListableBeanFactory.java:1232)
	at org.springframework.beans.factory.support.DefaultListableBeanFactory.doResolveDependency(DefaultListableBeanFactory.java:1711)
	at org.springframework.beans.factory.support.DefaultListableBeanFactory.resolveDependency(DefaultListableBeanFactory.java:1658)
	at org.springframework.beans.factory.support.ConstructorResolver.resolveAutowiredArgument(ConstructorResolver.java:912)
	at org.springframework.beans.factory.support.ConstructorResolver.createArgumentArray(ConstructorResolver.java:791)
	... 126 common frames omitted
Caused by: org.springframework.data.repository.query.QueryCreationException: Cannot create query for method [TestAttemptRepository.updateAttemptStatus(java.lang.Long,com.career.entity.AttemptStatus,java.lang.Boolean,java.time.LocalDateTime)]; Query validation failed for 'UPDATE TestAttempt a SET a.status = :status, a.isCompleted = :isCompleted, a.endTime = :endTime WHERE a.id = :id'
	at org.springframework.data.repository.query.QueryCreationException.create(QueryCreationException.java:139)
	at org.springframework.data.repository.query.QueryCreationException.create(QueryCreationException.java:124)
	at org.springframework.data.jpa.repository.query.SimpleJpaQuery.validateQuery(SimpleJpaQuery.java:78)
	at org.springframework.data.jpa.repository.query.SimpleJpaQuery.<init>(SimpleJpaQuery.java:52)
	at org.springframework.data.jpa.repository.query.JpaQueryLookupStrategy$DeclaredQueryLookupStrategy.createStringQuery(JpaQueryLookupStrategy.java:228)
	at org.springframework.data.jpa.repository.query.JpaQueryLookupStrategy$DeclaredQueryLookupStrategy.resolveQuery(JpaQueryLookupStrategy.java:160)
	at org.springframework.data.jpa.repository.query.JpaQueryLookupStrategy$CreateIfNotFoundQueryLookupStrategy.resolveQuery(JpaQueryLookupStrategy.java:285)
	at org.springframework.data.jpa.repository.query.JpaQueryLookupStrategy$AbstractQueryLookupStrategy.resolveQuery(JpaQueryLookupStrategy.java:93)
	at org.springframework.data.repository.core.support.QueryExecutorMethodInterceptor.lookupQuery(QueryExecutorMethodInterceptor.java:114)
	at org.springframework.data.repository.core.support.QueryExecutorMethodInterceptor.mapMethodsToQuery(QueryExecutorMethodInterceptor.java:102)
	at org.springframework.data.repository.core.support.QueryExecutorMethodInterceptor.<init>(QueryExecutorMethodInterceptor.java:90)
	at org.springframework.data.repository.core.support.RepositoryFactorySupport.getRepository(RepositoryFactorySupport.java:413)
	at org.springframework.data.repository.core.support.RepositoryFactoryBeanSupport.lambda$afterPropertiesSet$1(RepositoryFactoryBeanSupport.java:361)
	at org.springframework.data.util.Lazy.getNullable(Lazy.java:136)
	at org.springframework.data.util.Lazy.get(Lazy.java:114)
	at org.springframework.data.repository.core.support.RepositoryFactoryBeanSupport.afterPropertiesSet(RepositoryFactoryBeanSupport.java:370)
	at org.springframework.data.jpa.repository.support.JpaRepositoryFactoryBean.afterPropertiesSet(JpaRepositoryFactoryBean.java:212)
	at org.springframework.beans.factory.support.AbstractAutowireCapableBeanFactory.invokeInitMethods(AbstractAutowireCapableBeanFactory.java:1862)
	at org.springframework.beans.factory.support.AbstractAutowireCapableBeanFactory.initializeBean(AbstractAutowireCapableBeanFactory.java:1811)
	... 137 common frames omitted
Caused by: java.lang.IllegalArgumentException: org.hibernate.query.sqm.UnknownPathException: Could not resolve attribute 'isCompleted' of 'com.career.entity.TestAttempt' [UPDATE TestAttempt a SET a.status = :status, a.isCompleted = :isCompleted, a.endTime = :endTime WHERE a.id = :id]
	at org.hibernate.internal.ExceptionConverterImpl.convert(ExceptionConverterImpl.java:134)
	at org.hibernate.internal.ExceptionConverterImpl.convert(ExceptionConverterImpl.java:173)
	at org.hibernate.internal.ExceptionConverterImpl.convert(ExceptionConverterImpl.java:179)
	at org.hibernate.internal.AbstractSharedSessionContract.createQuery(AbstractSharedSessionContract.java:1102)
	at org.hibernate.internal.SessionImpl.createQuery(SessionImpl.java:158)
	at org.hibernate.internal.AbstractSharedSessionContract.createQuery(AbstractSharedSessionContract.java:1011)
	at org.hibernate.internal.SessionImpl.createQuery(SessionImpl.java:158)
	at org.hibernate.internal.AbstractSharedSessionContract.createQuery(AbstractSharedSessionContract.java:154)
	at java.base/jdk.internal.reflect.DirectMethodHandleAccessor.invoke(DirectMethodHandleAccessor.java:104)
	at java.base/java.lang.reflect.Method.invoke(Method.java:565)
	at org.springframework.orm.jpa.ExtendedEntityManagerCreator$ExtendedEntityManagerInvocationHandler.invoke(ExtendedEntityManagerCreator.java:360)
	at jdk.proxy2/jdk.proxy2.$Proxy157.createQuery(Unknown Source)
	at org.springframework.data.jpa.repository.query.SimpleJpaQuery.validateQuery(SimpleJpaQuery.java:73)
	... 153 common frames omitted
Caused by: org.hibernate.query.sqm.UnknownPathException: Could not resolve attribute 'isCompleted' of 'com.career.entity.TestAttempt' [UPDATE TestAttempt a SET a.status = :status, a.isCompleted = :isCompleted, a.endTime = :endTime WHERE a.id = :id]
	at org.hibernate.query.hql.internal.StandardHqlTranslator.translate(StandardHqlTranslator.java:78)
	at org.hibernate.query.internal.QueryInterpretationCacheStandardImpl.createHqlInterpretation(QueryInterpretationCacheStandardImpl.java:165)
	at org.hibernate.query.internal.QueryInterpretationCacheStandardImpl.resolveHqlInterpretation(QueryInterpretationCacheStandardImpl.java:147)
	at org.hibernate.query.spi.QueryEngine.interpretHql(QueryEngine.java:61)
	at org.hibernate.internal.AbstractSharedSessionContract.interpretHql(AbstractSharedSessionContract.java:1043)
	at org.hibernate.internal.AbstractSharedSessionContract.createQuery(AbstractSharedSessionContract.java:1094)
	... 162 common frames omitted
Caused by: org.hibernate.query.sqm.PathElementException: Could not resolve attribute 'isCompleted' of 'com.career.entity.TestAttempt'
	at org.hibernate.query.sqm.SqmPathSource.getSubPathSource(SqmPathSource.java:94)
	at org.hibernate.query.sqm.tree.domain.AbstractSqmPath.get(AbstractSqmPath.java:223)
	at org.hibernate.query.sqm.tree.domain.AbstractSqmFrom.resolvePathPart(AbstractSqmFrom.java:215)
	at org.hibernate.query.hql.internal.DomainPathPart.resolvePathPart(DomainPathPart.java:39)
	at org.hibernate.query.hql.internal.BasicDotIdentifierConsumer.consumeIdentifier(BasicDotIdentifierConsumer.java:90)
	at org.hibernate.query.hql.internal.SemanticQueryBuilder.visitSimplePath(SemanticQueryBuilder.java:5790)
	at org.hibernate.query.hql.internal.SemanticQueryBuilder.visitSimplePath(SemanticQueryBuilder.java:247)
	at org.hibernate.grammars.hql.HqlParser$SimplePathContext.accept(HqlParser.java:4300)
	at org.hibernate.query.hql.internal.SemanticQueryBuilder.consumeDomainPath(SemanticQueryBuilder.java:6056)
	at org.hibernate.query.hql.internal.SemanticQueryBuilder.visitAssignment(SemanticQueryBuilder.java:671)
	at org.hibernate.query.hql.internal.SemanticQueryBuilder.visitUpdateStatement(SemanticQueryBuilder.java:651)
	at org.hibernate.query.hql.internal.SemanticQueryBuilder.visitStatement(SemanticQueryBuilder.java:439)
	at org.hibernate.query.hql.internal.SemanticQueryBuilder.buildSemanticModel(SemanticQueryBuilder.java:292)
	at org.hibernate.query.hql.internal.StandardHqlTranslator.translate(StandardHqlTranslator.java:61)
	... 167 common frames omitted
2026-08-27 13:21:44.559 [INFO ] [main] c.career.controller.AuthController - REST: Admin login request for email admin@example.com
2026-08-27 13:21:44.619 [INFO ] [main] c.career.controller.AuthController - REST: Register request for email alex@example.com
2026-08-27 13:21:44.633 [INFO ] [main] c.career.controller.AuthController - REST: Student login request for email alex@example.com
2026-08-27 13:21:44.668 [WARN ] [main] c.c.exception.GlobalExceptionHandler - Unauthorized access: Session invalid on URI /api/test
2026-08-27 13:21:44.677 [WARN ] [main] c.c.exception.GlobalExceptionHandler - Duplicate resource conflict: Email already exists on URI /api/test
2026-08-27 13:21:44.683 [ERROR] [main] c.c.exception.GlobalExceptionHandler - Unhandled internal server error on URI /api/test: Unexpected error
java.lang.RuntimeException: Unexpected error
	at com.career.exception.GlobalExceptionHandlerTest.testHandleGlobalException(GlobalExceptionHandlerTest.java:79)
	at java.base/jdk.internal.reflect.DirectMethodHandleAccessor.invoke(DirectMethodHandleAccessor.java:104)
	at java.base/java.lang.reflect.Method.invoke(Method.java:565)
	at org.junit.platform.commons.util.ReflectionUtils.invokeMethod(ReflectionUtils.java:701)
	at org.junit.platform.commons.support.ReflectionSupport.invokeMethod(ReflectionSupport.java:502)
	at org.junit.jupiter.engine.support.MethodReflectionUtils.invoke(MethodReflectionUtils.java:45)
	at org.junit.jupiter.engine.execution.MethodInvocation.proceed(MethodInvocation.java:61)
	at org.junit.jupiter.engine.execution.InvocationInterceptorChain$ValidatingInvocation.proceed(InvocationInterceptorChain.java:124)
	at org.junit.jupiter.engine.extension.TimeoutExtension.intercept(TimeoutExtension.java:163)
	at org.junit.jupiter.engine.extension.TimeoutExtension.interceptTestableMethod(TimeoutExtension.java:148)
	at org.junit.jupiter.engine.extension.TimeoutExtension.interceptTestMethod(TimeoutExtension.java:86)
	at org.junit.jupiter.engine.execution.InterceptingExecutableInvoker$ReflectiveInterceptorCall.lambda$ofVoidMethod$0(InterceptingExecutableInvoker.java:123)
	at org.junit.jupiter.engine.execution.InterceptingExecutableInvoker.lambda$invoke$0(InterceptingExecutableInvoker.java:105)
	at org.junit.jupiter.engine.execution.InvocationInterceptorChain$InterceptedInvocation.proceed(InvocationInterceptorChain.java:99)
	at org.junit.jupiter.engine.execution.InvocationInterceptorChain.proceed(InvocationInterceptorChain.java:66)
	at org.junit.jupiter.engine.execution.InvocationInterceptorChain.chainAndInvoke(InvocationInterceptorChain.java:47)
	at org.junit.jupiter.engine.execution.InvocationInterceptorChain.invoke(InvocationInterceptorChain.java:39)
	at org.junit.jupiter.engine.execution.InterceptingExecutableInvoker.invoke(InterceptingExecutableInvoker.java:104)
	at org.junit.jupiter.engine.execution.InterceptingExecutableInvoker.invoke(InterceptingExecutableInvoker.java:98)
	at org.junit.jupiter.engine.execution.InterceptingExecutableInvoker.invokeVoid(InterceptingExecutableInvoker.java:71)
	at org.junit.jupiter.engine.descriptor.TestMethodTestDescriptor.lambda$invokeTestMethod$0(TestMethodTestDescriptor.java:219)
	at org.junit.platform.engine.support.hierarchical.ThrowableCollector.execute(ThrowableCollector.java:74)
	at org.junit.jupiter.engine.descriptor.TestMethodTestDescriptor.invokeTestMethod(TestMethodTestDescriptor.java:215)
	at org.junit.jupiter.engine.descriptor.TestMethodTestDescriptor.execute(TestMethodTestDescriptor.java:157)
	at org.junit.jupiter.engine.descriptor.TestMethodTestDescriptor.execute(TestMethodTestDescriptor.java:70)
	at org.junit.platform.engine.support.hierarchical.NodeTestTask.lambda$executeRecursively$2(NodeTestTask.java:176)
	at org.junit.platform.engine.support.hierarchical.ThrowableCollector.execute(ThrowableCollector.java:74)
	at org.junit.platform.engine.support.hierarchical.NodeTestTask.lambda$executeRecursively$1(NodeTestTask.java:166)
	at org.junit.platform.engine.support.hierarchical.Node.around(Node.java:138)
	at org.junit.platform.engine.support.hierarchical.NodeTestTask.lambda$executeRecursively$0(NodeTestTask.java:164)
	at org.junit.platform.engine.support.hierarchical.ThrowableCollector.execute(ThrowableCollector.java:74)
	at org.junit.platform.engine.support.hierarchical.NodeTestTask.executeRecursively(NodeTestTask.java:163)
	at org.junit.platform.engine.support.hierarchical.NodeTestTask.execute(NodeTestTask.java:116)
	at java.base/java.util.ArrayList.forEach(ArrayList.java:1604)
	at org.junit.platform.engine.support.hierarchical.SameThreadHierarchicalTestExecutorService.invokeAll(SameThreadHierarchicalTestExecutorService.java:42)
	at org.junit.platform.engine.support.hierarchical.NodeTestTask.lambda$executeRecursively$2(NodeTestTask.java:180)
	at org.junit.platform.engine.support.hierarchical.ThrowableCollector.execute(ThrowableCollector.java:74)
	at org.junit.platform.engine.support.hierarchical.NodeTestTask.lambda$executeRecursively$1(NodeTestTask.java:166)
	at org.junit.platform.engine.support.hierarchical.Node.around(Node.java:138)
	at org.junit.platform.engine.support.hierarchical.NodeTestTask.lambda$executeRecursively$0(NodeTestTask.java:164)
	at org.junit.platform.engine.support.hierarchical.ThrowableCollector.execute(ThrowableCollector.java:74)
	at org.junit.platform.engine.support.hierarchical.NodeTestTask.executeRecursively(NodeTestTask.java:163)
	at org.junit.platform.engine.support.hierarchical.NodeTestTask.execute(NodeTestTask.java:116)
	at java.base/java.util.ArrayList.forEach(ArrayList.java:1604)
	at org.junit.platform.engine.support.hierarchical.SameThreadHierarchicalTestExecutorService.invokeAll(SameThreadHierarchicalTestExecutorService.java:42)
	at org.junit.platform.engine.support.hierarchical.NodeTestTask.lambda$executeRecursively$2(NodeTestTask.java:180)
	at org.junit.platform.engine.support.hierarchical.ThrowableCollector.execute(ThrowableCollector.java:74)
	at org.junit.platform.engine.support.hierarchical.NodeTestTask.lambda$executeRecursively$1(NodeTestTask.java:166)
	at org.junit.platform.engine.support.hierarchical.Node.around(Node.java:138)
	at org.junit.platform.engine.support.hierarchical.NodeTestTask.lambda$executeRecursively$0(NodeTestTask.java:164)
	at org.junit.platform.engine.support.hierarchical.ThrowableCollector.execute(ThrowableCollector.java:74)
	at org.junit.platform.engine.support.hierarchical.NodeTestTask.executeRecursively(NodeTestTask.java:163)
	at org.junit.platform.engine.support.hierarchical.NodeTestTask.execute(NodeTestTask.java:116)
	at org.junit.platform.engine.support.hierarchical.SameThreadHierarchicalTestExecutorService.submit(SameThreadHierarchicalTestExecutorService.java:36)
	at org.junit.platform.engine.support.hierarchical.HierarchicalTestExecutor.execute(HierarchicalTestExecutor.java:52)
	at org.junit.platform.engine.support.hierarchical.HierarchicalTestEngine.execute(HierarchicalTestEngine.java:58)
	at org.junit.platform.launcher.core.EngineExecutionOrchestrator.executeEngine(EngineExecutionOrchestrator.java:246)
	at org.junit.platform.launcher.core.EngineExecutionOrchestrator.failOrExecuteEngine(EngineExecutionOrchestrator.java:218)
	at org.junit.platform.launcher.core.EngineExecutionOrchestrator.execute(EngineExecutionOrchestrator.java:179)
	at org.junit.platform.launcher.core.EngineExecutionOrchestrator.execute(EngineExecutionOrchestrator.java:108)
	at org.junit.platform.launcher.core.EngineExecutionOrchestrator.lambda$execute$0(EngineExecutionOrchestrator.java:66)
	at org.junit.platform.launcher.core.EngineExecutionOrchestrator.withInterceptedStreams(EngineExecutionOrchestrator.java:157)
	at org.junit.platform.launcher.core.EngineExecutionOrchestrator.execute(EngineExecutionOrchestrator.java:65)
	at org.junit.platform.launcher.core.DefaultLauncher.execute(DefaultLauncher.java:125)
	at org.junit.platform.launcher.core.DefaultLauncher.execute(DefaultLauncher.java:114)
	at org.junit.platform.launcher.core.DelegatingLauncher.execute(DelegatingLauncher.java:58)
	at org.junit.platform.launcher.core.InterceptingLauncher.lambda$execute$2(InterceptingLauncher.java:57)
	at org.junit.platform.launcher.core.ClasspathAlignmentCheckingLauncherInterceptor.intercept(ClasspathAlignmentCheckingLauncherInterceptor.java:25)
	at org.junit.platform.launcher.core.InterceptingLauncher.execute(InterceptingLauncher.java:56)
	at org.junit.platform.launcher.core.DelegatingLauncher.execute(DelegatingLauncher.java:58)
	at java.base/jdk.internal.reflect.DirectMethodHandleAccessor.invoke(DirectMethodHandleAccessor.java:104)
	at java.base/java.lang.reflect.Method.invoke(Method.java:565)
	at org.apache.maven.surefire.api.util.ReflectionUtils.invokeMethodWithArray(ReflectionUtils.java:125)
	at org.apache.maven.surefire.junitplatform.LauncherAdapter.executeWithCancellationToken(LauncherAdapter.java:68)
	at org.apache.maven.surefire.junitplatform.LauncherAdapter.execute(LauncherAdapter.java:54)
	at org.apache.maven.surefire.junitplatform.JUnitPlatformProvider.execute(JUnitPlatformProvider.java:203)
	at org.apache.maven.surefire.junitplatform.JUnitPlatformProvider.invokeAllTests(JUnitPlatformProvider.java:168)
	at org.apache.maven.surefire.junitplatform.JUnitPlatformProvider.invoke(JUnitPlatformProvider.java:136)
	at org.apache.maven.surefire.booter.ForkedBooter.runSuitesInProcess(ForkedBooter.java:385)
	at org.apache.maven.surefire.booter.ForkedBooter.execute(ForkedBooter.java:162)
	at org.apache.maven.surefire.booter.ForkedBooter.run(ForkedBooter.java:507)
	at org.apache.maven.surefire.booter.ForkedBooter.main(ForkedBooter.java:495)
2026-08-27 13:21:44.695 [WARN ] [main] c.c.exception.GlobalExceptionHandler - Bad request: Invalid input provided on URI /api/test
2026-08-27 13:21:44.699 [WARN ] [main] c.c.exception.GlobalExceptionHandler - Resource not found: Test not found with id 99 on URI /api/test
2026-08-27 13:21:45.687 [DEBUG] [main] c.c.service.impl.AuthServiceImpl - Authenticating student: alex@example.com
2026-08-27 13:21:45.693 [INFO ] [main] c.c.service.impl.AuthServiceImpl - Student alex@example.com logged in successfully
2026-08-27 13:21:45.729 [INFO ] [main] c.c.service.impl.AuthServiceImpl - Processing registration for email: alex@example.com
2026-08-27 13:21:45.731 [WARN ] [main] c.c.service.impl.AuthServiceImpl - Registration rejected: Email alex@example.com is already registered
2026-08-27 13:21:45.781 [INFO ] [main] c.c.service.impl.AuthServiceImpl - Processing registration for email: alex@example.com
2026-08-27 13:21:45.785 [INFO ] [main] c.c.service.impl.AuthServiceImpl - Student successfully registered with ID: null
2026-08-27 13:21:45.806 [DEBUG] [main] c.c.service.impl.AuthServiceImpl - Authenticating student: unknown@example.com
2026-08-27 13:21:45.827 [DEBUG] [main] c.c.service.impl.AuthServiceImpl - Authenticating student: alex@example.com
2026-08-27 13:21:46.105 [INFO ] [main] c.c.s.impl.CareerPathServiceImpl - Deleting career path ID: 1
2026-08-27 13:21:46.107 [INFO ] [main] c.c.s.impl.CareerPathServiceImpl - Career path ID 1 deleted successfully
2026-08-27 13:21:46.120 [INFO ] [main] c.c.s.impl.CareerPathServiceImpl - Adding new career path: Software Engineer
2026-08-27 13:21:46.124 [INFO ] [main] c.c.s.impl.CareerPathServiceImpl - Career path Software Engineer saved with ID: 1
2026-08-27 13:21:46.136 [INFO ] [main] c.c.s.impl.CareerPathServiceImpl - Updating career path ID: 1
2026-08-27 13:21:46.139 [INFO ] [main] c.c.s.impl.CareerPathServiceImpl - Career path ID 1 updated successfully
2026-08-27 13:21:46.149 [DEBUG] [main] c.c.s.impl.CareerPathServiceImpl - Fetching career path by ID: 1
2026-08-27 13:21:46.167 [DEBUG] [main] c.c.s.impl.CareerPathServiceImpl - Fetching all career paths from DB/Cache
2026-08-27 13:21:46.178 [DEBUG] [main] c.c.s.impl.CareerPathServiceImpl - Fetching career path by ID: 99
2026-08-27 13:21:47.307 [DEBUG] [main] c.c.service.impl.QuestionServiceImpl - Fetching question by ID: 1
2026-08-27 13:21:47.323 [INFO ] [main] c.c.service.impl.QuestionServiceImpl - Processing batch addition of 1 questions
2026-08-27 13:21:47.326 [INFO ] [main] c.c.service.impl.QuestionServiceImpl - Successfully saved 1 questions in batch
2026-08-27 13:21:47.410 [INFO ] [main] c.c.service.impl.QuestionServiceImpl - Deleting question ID: 1
2026-08-27 13:21:47.423 [INFO ] [main] c.c.service.impl.QuestionServiceImpl - Question ID 1 and all references deleted successfully
2026-08-27 13:21:47.441 [DEBUG] [main] c.c.service.impl.QuestionServiceImpl - Fetching all questions from DB/Cache
2026-08-27 13:21:47.457 [INFO ] [main] c.c.service.impl.QuestionServiceImpl - Adding new question: Do you enjoy designing software architecture?
2026-08-27 13:21:47.458 [INFO ] [main] c.c.service.impl.QuestionServiceImpl - Question saved with ID: 1
2026-08-27 13:21:47.476 [DEBUG] [main] c.c.service.impl.QuestionServiceImpl - Fetching question by ID: 99
2026-08-27 13:21:48.017 [DEBUG] [main] c.c.service.impl.StudentServiceImpl - Fetching student with ID: 99
2026-08-27 13:21:48.031 [DEBUG] [main] c.c.service.impl.StudentServiceImpl - Fetching all students
2026-08-27 13:21:48.047 [DEBUG] [main] c.c.service.impl.StudentServiceImpl - Fetching student with ID: 1
2026-08-27 13:21:48.581 [INFO ] [main] c.c.s.impl.TestAttemptServiceImpl - Submitting test attempt ID: 1001 for student ID: 1
2026-08-27 13:21:48.599 [INFO ] [main] c.c.s.impl.TestAttemptServiceImpl - Test attempt ID 1001 evaluated. Recommended career: Software Engineer
2026-08-27 13:21:48.632 [INFO ] [main] c.c.s.impl.TestAttemptServiceImpl - Starting test ID: 10 for student ID: 1
2026-08-27 13:21:48.640 [INFO ] [main] c.c.s.impl.TestAttemptServiceImpl - Test attempt ID: 1001 ready. Expires at: 2026-08-27T13:36:48.634042500
2026-08-27 13:21:48.704 [DEBUG] [main] c.c.service.impl.TestServiceImpl - Fetching test by ID: 99
2026-08-27 13:21:48.720 [DEBUG] [main] c.c.service.impl.TestServiceImpl - Fetching all tests from DB/Cache
2026-08-27 13:21:48.737 [INFO ] [main] c.c.service.impl.TestServiceImpl - Deactivating test ID: 1
2026-08-27 13:21:48.737 [DEBUG] [main] c.c.service.impl.TestServiceImpl - Fetching test by ID: 1
2026-08-27 13:21:48.740 [INFO ] [main] c.c.service.impl.TestServiceImpl - Activating test ID: 1
2026-08-27 13:21:48.741 [DEBUG] [main] c.c.service.impl.TestServiceImpl - Fetching test by ID: 1
2026-08-27 13:21:48.757 [DEBUG] [main] c.c.service.impl.TestServiceImpl - Fetching test by ID: 1
2026-08-27 13:21:48.773 [INFO ] [main] c.c.service.impl.TestServiceImpl - Creating test: Software Aptitude & Career Test
2026-08-27 13:21:48.782 [INFO ] [main] c.c.service.impl.TestServiceImpl - Test created with ID: 1
2026-08-27 13:21:48.794 [INFO ] [main] c.c.service.impl.TestServiceImpl - Deleting test ID: 1
2026-08-27 13:21:48.795 [DEBUG] [main] c.c.service.impl.TestServiceImpl - Fetching test by ID: 1
2026-08-27 13:21:48.799 [INFO ] [main] c.c.service.impl.TestServiceImpl - Test ID 1 and all associated attempts/results deleted successfully
2026-08-27 13:23:20.337 [INFO ] [background-preinit] o.h.validator.internal.util.Version - HV000001: Hibernate Validator 9.1.0.Final
2026-08-27 13:23:20.428 [INFO ] [main] c.c.CareerPathAdviserApplicationTests - Starting CareerPathAdviserApplicationTests using Java 25.0.3 with PID 10556 (started by Lenovo in C:\Users\Lenovo\Downloads\CareerPathAdviserNew)
2026-08-27 13:23:20.431 [DEBUG] [main] c.c.CareerPathAdviserApplicationTests - Running with Spring Boot v4.1.0, Spring v7.0.8
2026-08-27 13:23:20.432 [INFO ] [main] c.c.CareerPathAdviserApplicationTests - The following 1 profile is active: "dev"
2026-08-27 13:23:23.697 [INFO ] [main] o.s.d.r.c.RepositoryConfigurationDelegate - Bootstrapping Spring Data JPA repositories in DEFAULT mode.
2026-08-27 13:23:23.968 [INFO ] [main] o.s.d.r.c.RepositoryConfigurationDelegate - Finished Spring Data repository scanning in 243 ms. Found 11 JPA repository interfaces.
2026-08-27 13:23:25.486 [INFO ] [main] org.hibernate.orm.jpa - HHH008540: Processing PersistenceUnitInfo [name: default]
2026-08-27 13:23:25.767 [INFO ] [main] org.hibernate.orm.core - HHH000001: Hibernate ORM core version 7.4.1.Final
2026-08-27 13:23:27.842 [INFO ] [main] o.s.o.j.p.SpringPersistenceUnitInfo - No LoadTimeWeaver setup: ignoring JPA class transformer
2026-08-27 13:23:28.051 [INFO ] [main] com.zaxxer.hikari.HikariDataSource - HikariPool-1 - Starting...
2026-08-27 13:23:28.530 [INFO ] [main] com.zaxxer.hikari.pool.HikariPool - HikariPool-1 - Added connection com.mysql.cj.jdbc.ConnectionImpl@32245b66
2026-08-27 13:23:28.536 [INFO ] [main] com.zaxxer.hikari.HikariDataSource - HikariPool-1 - Start completed.
2026-08-27 13:23:28.703 [WARN ] [main] org.hibernate.orm.deprecation - HHH90000025: MySQLDialect does not need to be specified explicitly using 'hibernate.dialect' (remove the property setting and it will be selected by default)
2026-08-27 13:23:28.770 [INFO ] [main] o.hibernate.orm.connections.pooling - HHH10001005: Database info:
	Database JDBC URL [jdbc:mysql://localhost:3306/career_path_adviser_new?createDatabaseIfNotExist=true&useSSL=false&allowPublicKeyRetrieval=true&serverTimezone=UTC]
	Database driver: MySQL Connector/J
	Database dialect: MySQLDialect
	Database version: 8.4.10
	Default catalog/schema: career_path_adviser_new/undefined
	Autocommit mode: undefined/unknown
	Isolation level: REPEATABLE_READ [default REPEATABLE_READ]
	JDBC fetch size: none
	Pool: DataSourceConnectionProvider
	Minimum pool size: undefined/unknown
	Maximum pool size: undefined/unknown
2026-08-27 13:23:32.537 [INFO ] [main] org.hibernate.orm.core - HHH000489: No JTA platform available (set 'hibernate.transaction.jta.platform' to enable JTA platform integration)
2026-08-27 13:23:32.779 [INFO ] [main] o.s.o.j.LocalContainerEntityManagerFactoryBean - Initialized JPA EntityManagerFactory for persistence unit 'default'
2026-08-27 13:23:33.109 [INFO ] [main] o.s.d.j.r.q.QueryEnhancerFactories - Hibernate is in classpath; If applicable, HQL parser will be used.
2026-08-27 13:23:39.297 [WARN ] [main] o.s.b.j.a.JpaBaseConfiguration$JpaWebConfiguration - spring.jpa.open-in-view is enabled by default. Therefore, database queries may be performed during view rendering. Explicitly configure spring.jpa.open-in-view to disable this warning
2026-08-27 13:23:39.750 [WARN ] [main] o.s.b.s.a.UserDetailsServiceAutoConfiguration - 

Using generated security password: 8c945dc8-fe22-4a54-9ec4-c6cb0164133b

This generated password is for development use only. Your security configuration must be updated before running your application in production.

2026-08-27 13:23:39.785 [INFO ] [main] o.s.s.c.a.a.c.InitializeUserDetailsBeanManagerConfigurer$InitializeUserDetailsManagerConfigurer - Global AuthenticationManager configured with UserDetailsService bean with name inMemoryUserDetailsManager
2026-08-27 13:23:40.322 [DEBUG] [main] o.s.s.web.DefaultSecurityFilterChain - Will secure any request with filters: DisableEncodeUrlFilter, WebAsyncManagerIntegrationFilter, SecurityContextHolderFilter, HeaderWriterFilter, CorsFilter, LogoutFilter, JwtAuthenticationFilter, RequestCacheAwareFilter, SecurityContextHolderAwareRequestFilter, AnonymousAuthenticationFilter, SessionManagementFilter, ExceptionTranslationFilter, AuthorizationFilter
2026-08-27 13:23:40.481 [INFO ] [main] o.s.b.w.a.WelcomePageHandlerMapping - Adding welcome page: class path resource [static/index.html]
2026-08-27 13:23:41.991 [INFO ] [main] c.c.CareerPathAdviserApplicationTests - Started CareerPathAdviserApplicationTests in 22.992 seconds (process running for 26.537)
2026-08-27 13:23:42.057 [INFO ] [main] com.career.config.DataInitializer - Schema aligned: assessment_results.recommended_career_id is now nullable
2026-08-27 13:23:42.086 [INFO ] [main] com.career.config.DataInitializer - Schema aligned: assessment_results.career_path_id is now nullable
2026-08-27 13:23:42.115 [INFO ] [main] com.career.config.DataInitializer - Schema aligned: assessment_answers.option_id is now nullable
2026-08-27 13:23:42.137 [INFO ] [main] com.career.config.DataInitializer - Schema aligned: assessment_answers.selected_option_id is now nullable
2026-08-27 13:23:42.201 [DEBUG] [main] com.career.config.DataInitializer - Schema alignment (test_attempt_answers.option_id): StatementCallback; bad SQL grammar [ALTER TABLE test_attempt_answers MODIFY COLUMN option_id BIGINT NULL]
2026-08-27 13:23:42.211 [INFO ] [main] com.career.config.DataInitializer - Schema aligned: test_attempt_answers.selected_option_id is now nullable
2026-08-27 13:23:42.613 [DEBUG] [main] org.hibernate.SQL - 
    select
        u1_0.id 
    from
        users u1_0 
    where
        u1_0.email=? 
    limit
        ?
2026-08-27 13:23:42.650 [INFO ] [main] com.career.config.DataInitializer - Checking and seeding default Career Paths...
2026-08-27 13:23:42.657 [DEBUG] [main] org.hibernate.SQL - 
    select
        cp1_0.id 
    from
        career_paths cp1_0 
    where
        cp1_0.category=? 
    limit
        ?
2026-08-27 13:23:42.662 [DEBUG] [main] org.hibernate.SQL - 
    select
        cp1_0.id 
    from
        career_paths cp1_0 
    where
        cp1_0.category=? 
    limit
        ?
2026-08-27 13:23:42.668 [DEBUG] [main] org.hibernate.SQL - 
    select
        cp1_0.id 
    from
        career_paths cp1_0 
    where
        cp1_0.category=? 
    limit
        ?
2026-08-27 13:23:42.672 [DEBUG] [main] org.hibernate.SQL - 
    select
        cp1_0.id 
    from
        career_paths cp1_0 
    where
        cp1_0.category=? 
    limit
        ?
2026-08-27 13:23:42.677 [DEBUG] [main] org.hibernate.SQL - 
    select
        cp1_0.id 
    from
        career_paths cp1_0 
    where
        cp1_0.category=? 
    limit
        ?
2026-08-27 13:23:42.683 [DEBUG] [main] org.hibernate.SQL - 
    select
        cp1_0.id 
    from
        career_paths cp1_0 
    where
        cp1_0.category=? 
    limit
        ?
2026-08-27 13:23:42.687 [DEBUG] [main] org.hibernate.SQL - 
    select
        cp1_0.id 
    from
        career_paths cp1_0 
    where
        cp1_0.category=? 
    limit
        ?
2026-08-27 13:23:42.689 [DEBUG] [main] org.hibernate.SQL - 
    select
        cp1_0.id 
    from
        career_paths cp1_0 
    where
        cp1_0.category=? 
    limit
        ?
2026-08-27 13:23:42.695 [DEBUG] [main] org.hibernate.SQL - 
    select
        cp1_0.id 
    from
        career_paths cp1_0 
    where
        cp1_0.category=? 
    limit
        ?
2026-08-27 13:23:42.699 [DEBUG] [main] org.hibernate.SQL - 
    select
        cp1_0.id 
    from
        career_paths cp1_0 
    where
        cp1_0.category=? 
    limit
        ?
2026-08-27 13:23:42.703 [DEBUG] [main] org.hibernate.SQL - 
    select
        cp1_0.id 
    from
        career_paths cp1_0 
    where
        cp1_0.category=? 
    limit
        ?
2026-08-27 13:23:42.709 [DEBUG] [main] org.hibernate.SQL - 
    select
        cp1_0.id 
    from
        career_paths cp1_0 
    where
        cp1_0.category=? 
    limit
        ?
2026-08-27 13:23:42.712 [DEBUG] [main] org.hibernate.SQL - 
    select
        cp1_0.id 
    from
        career_paths cp1_0 
    where
        cp1_0.category=? 
    limit
        ?
2026-08-27 13:23:42.716 [DEBUG] [main] org.hibernate.SQL - 
    select
        cp1_0.id 
    from
        career_paths cp1_0 
    where
        cp1_0.category=? 
    limit
        ?
2026-08-27 13:23:42.723 [DEBUG] [main] org.hibernate.SQL - 
    select
        cp1_0.id 
    from
        career_paths cp1_0 
    where
        cp1_0.category=? 
    limit
        ?
2026-08-27 13:23:42.726 [DEBUG] [main] org.hibernate.SQL - 
    select
        cp1_0.id 
    from
        career_paths cp1_0 
    where
        cp1_0.category=? 
    limit
        ?
2026-08-27 13:23:42.731 [DEBUG] [main] org.hibernate.SQL - 
    select
        cp1_0.id 
    from
        career_paths cp1_0 
    where
        cp1_0.category=? 
    limit
        ?
2026-08-27 13:23:42.744 [DEBUG] [main] org.hibernate.SQL - 
    select
        cp1_0.id 
    from
        career_paths cp1_0 
    where
        cp1_0.category=? 
    limit
        ?
2026-08-27 13:23:42.749 [DEBUG] [main] org.hibernate.SQL - 
    select
        cp1_0.id 
    from
        career_paths cp1_0 
    where
        cp1_0.category=? 
    limit
        ?
2026-08-27 13:23:42.753 [DEBUG] [main] org.hibernate.SQL - 
    select
        cp1_0.id 
    from
        career_paths cp1_0 
    where
        cp1_0.category=? 
    limit
        ?
2026-08-27 13:23:42.809 [DEBUG] [main] org.hibernate.SQL - 
    select
        count(*) 
    from
        career_paths cp1_0
2026-08-27 13:23:42.825 [INFO ] [main] com.career.config.DataInitializer - Total Career Paths available in database: 20
2026-08-27 13:23:42.829 [DEBUG] [main] org.hibernate.SQL - 
    select
        count(*) 
    from
        questions q1_0
2026-08-27 13:23:44.263 [INFO ] [main] c.career.controller.AuthController - REST: Admin login request for email admin@example.com
2026-08-27 13:23:44.367 [INFO ] [main] c.career.controller.AuthController - REST: Register request for email alex@example.com
2026-08-27 13:23:44.398 [INFO ] [main] c.career.controller.AuthController - REST: Student login request for email alex@example.com
2026-08-27 13:23:44.437 [WARN ] [main] c.c.exception.GlobalExceptionHandler - Unauthorized access: Session invalid on URI /api/test
2026-08-27 13:23:44.463 [WARN ] [main] c.c.exception.GlobalExceptionHandler - Duplicate resource conflict: Email already exists on URI /api/test
2026-08-27 13:23:44.469 [ERROR] [main] c.c.exception.GlobalExceptionHandler - Unhandled internal server error on URI /api/test: Unexpected error
java.lang.RuntimeException: Unexpected error
	at com.career.exception.GlobalExceptionHandlerTest.testHandleGlobalException(GlobalExceptionHandlerTest.java:79)
	at java.base/jdk.internal.reflect.DirectMethodHandleAccessor.invoke(DirectMethodHandleAccessor.java:104)
	at java.base/java.lang.reflect.Method.invoke(Method.java:565)
	at org.junit.platform.commons.util.ReflectionUtils.invokeMethod(ReflectionUtils.java:701)
	at org.junit.platform.commons.support.ReflectionSupport.invokeMethod(ReflectionSupport.java:502)
	at org.junit.jupiter.engine.support.MethodReflectionUtils.invoke(MethodReflectionUtils.java:45)
	at org.junit.jupiter.engine.execution.MethodInvocation.proceed(MethodInvocation.java:61)
	at org.junit.jupiter.engine.execution.InvocationInterceptorChain$ValidatingInvocation.proceed(InvocationInterceptorChain.java:124)
	at org.junit.jupiter.engine.extension.TimeoutExtension.intercept(TimeoutExtension.java:163)
	at org.junit.jupiter.engine.extension.TimeoutExtension.interceptTestableMethod(TimeoutExtension.java:148)
	at org.junit.jupiter.engine.extension.TimeoutExtension.interceptTestMethod(TimeoutExtension.java:86)
	at org.junit.jupiter.engine.execution.InterceptingExecutableInvoker$ReflectiveInterceptorCall.lambda$ofVoidMethod$0(InterceptingExecutableInvoker.java:123)
	at org.junit.jupiter.engine.execution.InterceptingExecutableInvoker.lambda$invoke$0(InterceptingExecutableInvoker.java:105)
	at org.junit.jupiter.engine.execution.InvocationInterceptorChain$InterceptedInvocation.proceed(InvocationInterceptorChain.java:99)
	at org.junit.jupiter.engine.execution.InvocationInterceptorChain.proceed(InvocationInterceptorChain.java:66)
	at org.junit.jupiter.engine.execution.InvocationInterceptorChain.chainAndInvoke(InvocationInterceptorChain.java:47)
	at org.junit.jupiter.engine.execution.InvocationInterceptorChain.invoke(InvocationInterceptorChain.java:39)
	at org.junit.jupiter.engine.execution.InterceptingExecutableInvoker.invoke(InterceptingExecutableInvoker.java:104)
	at org.junit.jupiter.engine.execution.InterceptingExecutableInvoker.invoke(InterceptingExecutableInvoker.java:98)
	at org.junit.jupiter.engine.execution.InterceptingExecutableInvoker.invokeVoid(InterceptingExecutableInvoker.java:71)
	at org.junit.jupiter.engine.descriptor.TestMethodTestDescriptor.lambda$invokeTestMethod$0(TestMethodTestDescriptor.java:219)
	at org.junit.platform.engine.support.hierarchical.ThrowableCollector.execute(ThrowableCollector.java:74)
	at org.junit.jupiter.engine.descriptor.TestMethodTestDescriptor.invokeTestMethod(TestMethodTestDescriptor.java:215)
	at org.junit.jupiter.engine.descriptor.TestMethodTestDescriptor.execute(TestMethodTestDescriptor.java:157)
	at org.junit.jupiter.engine.descriptor.TestMethodTestDescriptor.execute(TestMethodTestDescriptor.java:70)
	at org.junit.platform.engine.support.hierarchical.NodeTestTask.lambda$executeRecursively$2(NodeTestTask.java:176)
	at org.junit.platform.engine.support.hierarchical.ThrowableCollector.execute(ThrowableCollector.java:74)
	at org.junit.platform.engine.support.hierarchical.NodeTestTask.lambda$executeRecursively$1(NodeTestTask.java:166)
	at org.junit.platform.engine.support.hierarchical.Node.around(Node.java:138)
	at org.junit.platform.engine.support.hierarchical.NodeTestTask.lambda$executeRecursively$0(NodeTestTask.java:164)
	at org.junit.platform.engine.support.hierarchical.ThrowableCollector.execute(ThrowableCollector.java:74)
	at org.junit.platform.engine.support.hierarchical.NodeTestTask.executeRecursively(NodeTestTask.java:163)
	at org.junit.platform.engine.support.hierarchical.NodeTestTask.execute(NodeTestTask.java:116)
	at java.base/java.util.ArrayList.forEach(ArrayList.java:1604)
	at org.junit.platform.engine.support.hierarchical.SameThreadHierarchicalTestExecutorService.invokeAll(SameThreadHierarchicalTestExecutorService.java:42)
	at org.junit.platform.engine.support.hierarchical.NodeTestTask.lambda$executeRecursively$2(NodeTestTask.java:180)
	at org.junit.platform.engine.support.hierarchical.ThrowableCollector.execute(ThrowableCollector.java:74)
	at org.junit.platform.engine.support.hierarchical.NodeTestTask.lambda$executeRecursively$1(NodeTestTask.java:166)
	at org.junit.platform.engine.support.hierarchical.Node.around(Node.java:138)
	at org.junit.platform.engine.support.hierarchical.NodeTestTask.lambda$executeRecursively$0(NodeTestTask.java:164)
	at org.junit.platform.engine.support.hierarchical.ThrowableCollector.execute(ThrowableCollector.java:74)
	at org.junit.platform.engine.support.hierarchical.NodeTestTask.executeRecursively(NodeTestTask.java:163)
	at org.junit.platform.engine.support.hierarchical.NodeTestTask.execute(NodeTestTask.java:116)
	at java.base/java.util.ArrayList.forEach(ArrayList.java:1604)
	at org.junit.platform.engine.support.hierarchical.SameThreadHierarchicalTestExecutorService.invokeAll(SameThreadHierarchicalTestExecutorService.java:42)
	at org.junit.platform.engine.support.hierarchical.NodeTestTask.lambda$executeRecursively$2(NodeTestTask.java:180)
	at org.junit.platform.engine.support.hierarchical.ThrowableCollector.execute(ThrowableCollector.java:74)
	at org.junit.platform.engine.support.hierarchical.NodeTestTask.lambda$executeRecursively$1(NodeTestTask.java:166)
	at org.junit.platform.engine.support.hierarchical.Node.around(Node.java:138)
	at org.junit.platform.engine.support.hierarchical.NodeTestTask.lambda$executeRecursively$0(NodeTestTask.java:164)
	at org.junit.platform.engine.support.hierarchical.ThrowableCollector.execute(ThrowableCollector.java:74)
	at org.junit.platform.engine.support.hierarchical.NodeTestTask.executeRecursively(NodeTestTask.java:163)
	at org.junit.platform.engine.support.hierarchical.NodeTestTask.execute(NodeTestTask.java:116)
	at org.junit.platform.engine.support.hierarchical.SameThreadHierarchicalTestExecutorService.submit(SameThreadHierarchicalTestExecutorService.java:36)
	at org.junit.platform.engine.support.hierarchical.HierarchicalTestExecutor.execute(HierarchicalTestExecutor.java:52)
	at org.junit.platform.engine.support.hierarchical.HierarchicalTestEngine.execute(HierarchicalTestEngine.java:58)
	at org.junit.platform.launcher.core.EngineExecutionOrchestrator.executeEngine(EngineExecutionOrchestrator.java:246)
	at org.junit.platform.launcher.core.EngineExecutionOrchestrator.failOrExecuteEngine(EngineExecutionOrchestrator.java:218)
	at org.junit.platform.launcher.core.EngineExecutionOrchestrator.execute(EngineExecutionOrchestrator.java:179)
	at org.junit.platform.launcher.core.EngineExecutionOrchestrator.execute(EngineExecutionOrchestrator.java:108)
	at org.junit.platform.launcher.core.EngineExecutionOrchestrator.lambda$execute$0(EngineExecutionOrchestrator.java:66)
	at org.junit.platform.launcher.core.EngineExecutionOrchestrator.withInterceptedStreams(EngineExecutionOrchestrator.java:157)
	at org.junit.platform.launcher.core.EngineExecutionOrchestrator.execute(EngineExecutionOrchestrator.java:65)
	at org.junit.platform.launcher.core.DefaultLauncher.execute(DefaultLauncher.java:125)
	at org.junit.platform.launcher.core.DefaultLauncher.execute(DefaultLauncher.java:114)
	at org.junit.platform.launcher.core.DelegatingLauncher.execute(DelegatingLauncher.java:58)
	at org.junit.platform.launcher.core.InterceptingLauncher.lambda$execute$2(InterceptingLauncher.java:57)
	at org.junit.platform.launcher.core.ClasspathAlignmentCheckingLauncherInterceptor.intercept(ClasspathAlignmentCheckingLauncherInterceptor.java:25)
	at org.junit.platform.launcher.core.InterceptingLauncher.execute(InterceptingLauncher.java:56)
	at org.junit.platform.launcher.core.DelegatingLauncher.execute(DelegatingLauncher.java:58)
	at java.base/jdk.internal.reflect.DirectMethodHandleAccessor.invoke(DirectMethodHandleAccessor.java:104)
	at java.base/java.lang.reflect.Method.invoke(Method.java:565)
	at org.apache.maven.surefire.api.util.ReflectionUtils.invokeMethodWithArray(ReflectionUtils.java:125)
	at org.apache.maven.surefire.junitplatform.LauncherAdapter.executeWithCancellationToken(LauncherAdapter.java:68)
	at org.apache.maven.surefire.junitplatform.LauncherAdapter.execute(LauncherAdapter.java:54)
	at org.apache.maven.surefire.junitplatform.JUnitPlatformProvider.execute(JUnitPlatformProvider.java:203)
	at org.apache.maven.surefire.junitplatform.JUnitPlatformProvider.invokeAllTests(JUnitPlatformProvider.java:168)
	at org.apache.maven.surefire.junitplatform.JUnitPlatformProvider.invoke(JUnitPlatformProvider.java:136)
	at org.apache.maven.surefire.booter.ForkedBooter.runSuitesInProcess(ForkedBooter.java:385)
	at org.apache.maven.surefire.booter.ForkedBooter.execute(ForkedBooter.java:162)
	at org.apache.maven.surefire.booter.ForkedBooter.run(ForkedBooter.java:507)
	at org.apache.maven.surefire.booter.ForkedBooter.main(ForkedBooter.java:495)
2026-08-27 13:23:44.481 [WARN ] [main] c.c.exception.GlobalExceptionHandler - Bad request: Invalid input provided on URI /api/test
2026-08-27 13:23:44.487 [WARN ] [main] c.c.exception.GlobalExceptionHandler - Resource not found: Test not found with id 99 on URI /api/test
2026-08-27 13:23:45.399 [DEBUG] [main] c.c.service.impl.AuthServiceImpl - Authenticating student: alex@example.com
2026-08-27 13:23:45.415 [INFO ] [main] c.c.service.impl.AuthServiceImpl - Student alex@example.com logged in successfully
2026-08-27 13:23:45.458 [INFO ] [main] c.c.service.impl.AuthServiceImpl - Processing registration for email: alex@example.com
2026-08-27 13:23:45.462 [WARN ] [main] c.c.service.impl.AuthServiceImpl - Registration rejected: Email alex@example.com is already registered
2026-08-27 13:23:45.517 [INFO ] [main] c.c.service.impl.AuthServiceImpl - Processing registration for email: alex@example.com
2026-08-27 13:23:45.519 [INFO ] [main] c.c.service.impl.AuthServiceImpl - Student successfully registered with ID: null
2026-08-27 13:23:45.547 [DEBUG] [main] c.c.service.impl.AuthServiceImpl - Authenticating student: unknown@example.com
2026-08-27 13:23:45.587 [DEBUG] [main] c.c.service.impl.AuthServiceImpl - Authenticating student: alex@example.com
2026-08-27 13:23:45.869 [INFO ] [main] c.c.s.impl.CareerPathServiceImpl - Deleting career path ID: 1
2026-08-27 13:23:45.871 [INFO ] [main] c.c.s.impl.CareerPathServiceImpl - Career path ID 1 deleted successfully
2026-08-27 13:23:45.884 [INFO ] [main] c.c.s.impl.CareerPathServiceImpl - Adding new career path: Software Engineer
2026-08-27 13:23:45.887 [INFO ] [main] c.c.s.impl.CareerPathServiceImpl - Career path Software Engineer saved with ID: 1
2026-08-27 13:23:45.915 [INFO ] [main] c.c.s.impl.CareerPathServiceImpl - Updating career path ID: 1
2026-08-27 13:23:45.919 [INFO ] [main] c.c.s.impl.CareerPathServiceImpl - Career path ID 1 updated successfully
2026-08-27 13:23:45.933 [DEBUG] [main] c.c.s.impl.CareerPathServiceImpl - Fetching career path by ID: 1
2026-08-27 13:23:45.943 [DEBUG] [main] c.c.s.impl.CareerPathServiceImpl - Fetching all career paths from DB/Cache
2026-08-27 13:23:45.953 [DEBUG] [main] c.c.s.impl.CareerPathServiceImpl - Fetching career path by ID: 99
2026-08-27 13:23:47.075 [DEBUG] [main] c.c.service.impl.QuestionServiceImpl - Fetching question by ID: 1
2026-08-27 13:23:47.092 [INFO ] [main] c.c.service.impl.QuestionServiceImpl - Processing batch addition of 1 questions
2026-08-27 13:23:47.095 [INFO ] [main] c.c.service.impl.QuestionServiceImpl - Successfully saved 1 questions in batch
2026-08-27 13:23:47.128 [INFO ] [main] c.c.service.impl.QuestionServiceImpl - Deleting question ID: 1
2026-08-27 13:23:47.143 [INFO ] [main] c.c.service.impl.QuestionServiceImpl - Question ID 1 and all references deleted successfully
2026-08-27 13:23:47.161 [DEBUG] [main] c.c.service.impl.QuestionServiceImpl - Fetching all questions from DB/Cache
2026-08-27 13:23:47.171 [INFO ] [main] c.c.service.impl.QuestionServiceImpl - Adding new question: Do you enjoy designing software architecture?
2026-08-27 13:23:47.172 [INFO ] [main] c.c.service.impl.QuestionServiceImpl - Question saved with ID: 1
2026-08-27 13:23:47.183 [DEBUG] [main] c.c.service.impl.QuestionServiceImpl - Fetching question by ID: 99
2026-08-27 13:23:47.743 [DEBUG] [main] c.c.service.impl.StudentServiceImpl - Fetching student with ID: 99
2026-08-27 13:23:47.760 [DEBUG] [main] c.c.service.impl.StudentServiceImpl - Fetching all students
2026-08-27 13:23:47.786 [DEBUG] [main] c.c.service.impl.StudentServiceImpl - Fetching student with ID: 1
2026-08-27 13:23:48.197 [INFO ] [main] c.c.s.impl.TestAttemptServiceImpl - Submitting test attempt ID: 1001 for student ID: 1
2026-08-27 13:23:48.205 [INFO ] [main] c.c.s.impl.TestAttemptServiceImpl - Test attempt ID 1001 evaluated. Recommended career: Software Engineer
2026-08-27 13:23:48.232 [INFO ] [main] c.c.s.impl.TestAttemptServiceImpl - Starting test ID: 10 for student ID: 1
2026-08-27 13:23:48.254 [INFO ] [main] c.c.s.impl.TestAttemptServiceImpl - Test attempt ID: 1001 ready. Expires at: 2026-08-27T13:38:48.240501400
2026-08-27 13:23:48.306 [DEBUG] [main] c.c.service.impl.TestServiceImpl - Fetching test by ID: 99
2026-08-27 13:23:48.321 [DEBUG] [main] c.c.service.impl.TestServiceImpl - Fetching all tests from DB/Cache
2026-08-27 13:23:48.338 [INFO ] [main] c.c.service.impl.TestServiceImpl - Deactivating test ID: 1
2026-08-27 13:23:48.338 [DEBUG] [main] c.c.service.impl.TestServiceImpl - Fetching test by ID: 1
2026-08-27 13:23:48.341 [INFO ] [main] c.c.service.impl.TestServiceImpl - Activating test ID: 1
2026-08-27 13:23:48.341 [DEBUG] [main] c.c.service.impl.TestServiceImpl - Fetching test by ID: 1
2026-08-27 13:23:48.354 [DEBUG] [main] c.c.service.impl.TestServiceImpl - Fetching test by ID: 1
2026-08-27 13:23:48.364 [INFO ] [main] c.c.service.impl.TestServiceImpl - Creating test: Software Aptitude & Career Test
2026-08-27 13:23:48.367 [INFO ] [main] c.c.service.impl.TestServiceImpl - Test created with ID: 1
2026-08-27 13:23:48.379 [INFO ] [main] c.c.service.impl.TestServiceImpl - Deleting test ID: 1
2026-08-27 13:23:48.379 [DEBUG] [main] c.c.service.impl.TestServiceImpl - Fetching test by ID: 1
2026-08-27 13:23:48.385 [INFO ] [main] c.c.service.impl.TestServiceImpl - Test ID 1 and all associated attempts/results deleted successfully
2026-08-27 13:23:48.463 [INFO ] [SpringApplicationShutdownHook] o.s.o.j.LocalContainerEntityManagerFactoryBean - Closing JPA EntityManagerFactory for persistence unit 'default'
2026-08-27 13:23:48.475 [INFO ] [SpringApplicationShutdownHook] com.zaxxer.hikari.HikariDataSource - HikariPool-1 - Shutdown initiated...
2026-08-27 13:23:48.497 [INFO ] [SpringApplicationShutdownHook] com.zaxxer.hikari.HikariDataSource - HikariPool-1 - Shutdown completed.
2026-08-27 13:28:18.714 [INFO ] [background-preinit] o.h.validator.internal.util.Version - HV000001: Hibernate Validator 9.1.0.Final
2026-08-27 13:28:18.911 [INFO ] [main] c.c.CareerPathAdviserApplication - Starting CareerPathAdviserApplication using Java 17.0.12 with PID 9348 (C:\Users\Lenovo\Downloads\CareerPathAdviserNew\target\classes started by Lenovo in C:\Users\Lenovo\Downloads\CareerPathAdviserNew)
2026-08-27 13:28:18.914 [DEBUG] [main] c.c.CareerPathAdviserApplication - Running with Spring Boot v4.1.0, Spring v7.0.8
2026-08-27 13:28:18.916 [INFO ] [main] c.c.CareerPathAdviserApplication - The following 1 profile is active: "dev"
2026-08-27 13:28:22.274 [INFO ] [main] o.s.d.r.c.RepositoryConfigurationDelegate - Bootstrapping Spring Data JPA repositories in DEFAULT mode.
2026-08-27 13:28:22.523 [INFO ] [main] o.s.d.r.c.RepositoryConfigurationDelegate - Finished Spring Data repository scanning in 219 ms. Found 11 JPA repository interfaces.
2026-08-27 13:28:24.124 [INFO ] [main] o.s.boot.tomcat.TomcatWebServer - Tomcat initialized with port 8080 (http)
2026-08-27 13:28:24.163 [INFO ] [main] o.a.coyote.http11.Http11NioProtocol - Initializing ProtocolHandler ["http-nio-8080"]
2026-08-27 13:28:24.169 [INFO ] [main] o.a.catalina.core.StandardService - Starting service [Tomcat]
2026-08-27 13:28:24.170 [INFO ] [main] o.a.catalina.core.StandardEngine - Starting Servlet engine: [Apache Tomcat/11.0.22]
2026-08-27 13:28:24.330 [INFO ] [main] o.s.b.w.c.s.WebApplicationContextInitializer - Root WebApplicationContext: initialization completed in 5251 ms
2026-08-27 13:28:24.795 [INFO ] [main] org.hibernate.orm.jpa - HHH008540: Processing PersistenceUnitInfo [name: default]
2026-08-27 13:28:25.056 [INFO ] [main] org.hibernate.orm.core - HHH000001: Hibernate ORM core version 7.4.1.Final
2026-08-27 13:28:26.452 [INFO ] [main] o.s.o.j.p.SpringPersistenceUnitInfo - No LoadTimeWeaver setup: ignoring JPA class transformer
2026-08-27 13:28:26.586 [INFO ] [main] com.zaxxer.hikari.HikariDataSource - HikariPool-1 - Starting...
2026-08-27 13:28:26.988 [INFO ] [main] com.zaxxer.hikari.pool.HikariPool - HikariPool-1 - Added connection com.mysql.cj.jdbc.ConnectionImpl@5ff29e8b
2026-08-27 13:28:26.995 [INFO ] [main] com.zaxxer.hikari.HikariDataSource - HikariPool-1 - Start completed.
2026-08-27 13:28:27.184 [WARN ] [main] org.hibernate.orm.deprecation - HHH90000025: MySQLDialect does not need to be specified explicitly using 'hibernate.dialect' (remove the property setting and it will be selected by default)
2026-08-27 13:28:27.253 [INFO ] [main] o.hibernate.orm.connections.pooling - HHH10001005: Database info:
	Database JDBC URL [jdbc:mysql://localhost:3306/career_path_adviser_new?createDatabaseIfNotExist=true&useSSL=false&allowPublicKeyRetrieval=true&serverTimezone=UTC]
	Database driver: MySQL Connector/J
	Database dialect: MySQLDialect
	Database version: 8.4.10
	Default catalog/schema: career_path_adviser_new/undefined
	Autocommit mode: undefined/unknown
	Isolation level: REPEATABLE_READ [default REPEATABLE_READ]
	JDBC fetch size: none
	Pool: DataSourceConnectionProvider
	Minimum pool size: undefined/unknown
	Maximum pool size: undefined/unknown
2026-08-27 13:28:30.604 [INFO ] [main] org.hibernate.orm.core - HHH000489: No JTA platform available (set 'hibernate.transaction.jta.platform' to enable JTA platform integration)
2026-08-27 13:28:30.853 [INFO ] [main] o.s.o.j.LocalContainerEntityManagerFactoryBean - Initialized JPA EntityManagerFactory for persistence unit 'default'
2026-08-27 13:28:31.045 [INFO ] [main] o.s.d.j.r.q.QueryEnhancerFactories - Hibernate is in classpath; If applicable, HQL parser will be used.
2026-08-27 13:28:34.397 [DEBUG] [main] c.c.security.JwtAuthenticationFilter - Filter 'jwtAuthenticationFilter' configured for use
2026-08-27 13:28:35.709 [WARN ] [main] o.s.b.j.a.JpaBaseConfiguration$JpaWebConfiguration - spring.jpa.open-in-view is enabled by default. Therefore, database queries may be performed during view rendering. Explicitly configure spring.jpa.open-in-view to disable this warning
2026-08-27 13:28:35.931 [WARN ] [main] o.s.b.s.a.UserDetailsServiceAutoConfiguration - 

Using generated security password: 804b989a-28e6-49e0-b7f1-df9aada1eacd

This generated password is for development use only. Your security configuration must be updated before running your application in production.

2026-08-27 13:28:35.960 [INFO ] [main] o.s.s.c.a.a.c.InitializeUserDetailsBeanManagerConfigurer$InitializeUserDetailsManagerConfigurer - Global AuthenticationManager configured with UserDetailsService bean with name inMemoryUserDetailsManager
2026-08-27 13:28:36.390 [DEBUG] [main] o.s.s.web.DefaultSecurityFilterChain - Will secure any request with filters: DisableEncodeUrlFilter, WebAsyncManagerIntegrationFilter, SecurityContextHolderFilter, HeaderWriterFilter, CorsFilter, LogoutFilter, JwtAuthenticationFilter, RequestCacheAwareFilter, SecurityContextHolderAwareRequestFilter, AnonymousAuthenticationFilter, SessionManagementFilter, ExceptionTranslationFilter, AuthorizationFilter
2026-08-27 13:28:36.504 [INFO ] [main] o.s.b.w.a.WelcomePageHandlerMapping - Adding welcome page: class path resource [static/index.html]
2026-08-27 13:28:37.689 [INFO ] [main] o.a.coyote.http11.Http11NioProtocol - Starting ProtocolHandler ["http-nio-8080"]
2026-08-27 13:28:37.764 [INFO ] [main] o.s.boot.tomcat.TomcatWebServer - Tomcat started on port 8080 (http) with context path '/'
2026-08-27 13:28:37.791 [INFO ] [main] c.c.CareerPathAdviserApplication - Started CareerPathAdviserApplication in 20.923 seconds (process running for 22.761)
2026-08-27 13:28:37.849 [INFO ] [main] com.career.config.DataInitializer - Schema aligned: assessment_results.recommended_career_id is now nullable
2026-08-27 13:28:37.878 [INFO ] [main] com.career.config.DataInitializer - Schema aligned: assessment_results.career_path_id is now nullable
2026-08-27 13:28:37.904 [INFO ] [main] com.career.config.DataInitializer - Schema aligned: assessment_answers.option_id is now nullable
2026-08-27 13:28:37.924 [INFO ] [main] com.career.config.DataInitializer - Schema aligned: assessment_answers.selected_option_id is now nullable
2026-08-27 13:28:38.053 [DEBUG] [main] com.career.config.DataInitializer - Schema alignment (test_attempt_answers.option_id): StatementCallback; bad SQL grammar [ALTER TABLE test_attempt_answers MODIFY COLUMN option_id BIGINT NULL]
2026-08-27 13:28:38.071 [INFO ] [main] com.career.config.DataInitializer - Schema aligned: test_attempt_answers.selected_option_id is now nullable
2026-08-27 13:28:38.463 [DEBUG] [main] org.hibernate.SQL - 
    select
        u1_0.id 
    from
        users u1_0 
    where
        u1_0.email=? 
    limit
        ?
2026-08-27 13:28:38.510 [INFO ] [main] com.career.config.DataInitializer - Checking and seeding default Career Paths...
2026-08-27 13:28:38.519 [DEBUG] [main] org.hibernate.SQL - 
    select
        cp1_0.id 
    from
        career_paths cp1_0 
    where
        cp1_0.category=? 
    limit
        ?
2026-08-27 13:28:38.527 [DEBUG] [main] org.hibernate.SQL - 
    select
        cp1_0.id 
    from
        career_paths cp1_0 
    where
        cp1_0.category=? 
    limit
        ?
2026-08-27 13:28:38.531 [DEBUG] [main] org.hibernate.SQL - 
    select
        cp1_0.id 
    from
        career_paths cp1_0 
    where
        cp1_0.category=? 
    limit
        ?
2026-08-27 13:28:38.536 [DEBUG] [main] org.hibernate.SQL - 
    select
        cp1_0.id 
    from
        career_paths cp1_0 
    where
        cp1_0.category=? 
    limit
        ?
2026-08-27 13:28:38.541 [DEBUG] [main] org.hibernate.SQL - 
    select
        cp1_0.id 
    from
        career_paths cp1_0 
    where
        cp1_0.category=? 
    limit
        ?
2026-08-27 13:28:38.544 [DEBUG] [main] org.hibernate.SQL - 
    select
        cp1_0.id 
    from
        career_paths cp1_0 
    where
        cp1_0.category=? 
    limit
        ?
2026-08-27 13:28:38.547 [DEBUG] [main] org.hibernate.SQL - 
    select
        cp1_0.id 
    from
        career_paths cp1_0 
    where
        cp1_0.category=? 
    limit
        ?
2026-08-27 13:28:38.551 [DEBUG] [main] org.hibernate.SQL - 
    select
        cp1_0.id 
    from
        career_paths cp1_0 
    where
        cp1_0.category=? 
    limit
        ?
2026-08-27 13:28:38.556 [DEBUG] [main] org.hibernate.SQL - 
    select
        cp1_0.id 
    from
        career_paths cp1_0 
    where
        cp1_0.category=? 
    limit
        ?
2026-08-27 13:28:38.560 [DEBUG] [main] org.hibernate.SQL - 
    select
        cp1_0.id 
    from
        career_paths cp1_0 
    where
        cp1_0.category=? 
    limit
        ?
2026-08-27 13:28:38.563 [DEBUG] [main] org.hibernate.SQL - 
    select
        cp1_0.id 
    from
        career_paths cp1_0 
    where
        cp1_0.category=? 
    limit
        ?
2026-08-27 13:28:38.567 [DEBUG] [main] org.hibernate.SQL - 
    select
        cp1_0.id 
    from
        career_paths cp1_0 
    where
        cp1_0.category=? 
    limit
        ?
2026-08-27 13:28:38.570 [DEBUG] [main] org.hibernate.SQL - 
    select
        cp1_0.id 
    from
        career_paths cp1_0 
    where
        cp1_0.category=? 
    limit
        ?
2026-08-27 13:28:38.574 [DEBUG] [main] org.hibernate.SQL - 
    select
        cp1_0.id 
    from
        career_paths cp1_0 
    where
        cp1_0.category=? 
    limit
        ?
2026-08-27 13:28:38.579 [DEBUG] [main] org.hibernate.SQL - 
    select
        cp1_0.id 
    from
        career_paths cp1_0 
    where
        cp1_0.category=? 
    limit
        ?
2026-08-27 13:28:38.583 [DEBUG] [main] org.hibernate.SQL - 
    select
        cp1_0.id 
    from
        career_paths cp1_0 
    where
        cp1_0.category=? 
    limit
        ?
2026-08-27 13:28:38.586 [DEBUG] [main] org.hibernate.SQL - 
    select
        cp1_0.id 
    from
        career_paths cp1_0 
    where
        cp1_0.category=? 
    limit
        ?
2026-08-27 13:28:38.590 [DEBUG] [main] org.hibernate.SQL - 
    select
        cp1_0.id 
    from
        career_paths cp1_0 
    where
        cp1_0.category=? 
    limit
        ?
2026-08-27 13:28:38.593 [DEBUG] [main] org.hibernate.SQL - 
    select
        cp1_0.id 
    from
        career_paths cp1_0 
    where
        cp1_0.category=? 
    limit
        ?
2026-08-27 13:28:38.597 [DEBUG] [main] org.hibernate.SQL - 
    select
        cp1_0.id 
    from
        career_paths cp1_0 
    where
        cp1_0.category=? 
    limit
        ?
2026-08-27 13:28:38.635 [DEBUG] [main] org.hibernate.SQL - 
    select
        count(*) 
    from
        career_paths cp1_0
2026-08-27 13:28:38.646 [INFO ] [main] com.career.config.DataInitializer - Total Career Paths available in database: 20
2026-08-27 13:28:38.651 [DEBUG] [main] org.hibernate.SQL - 
    select
        count(*) 
    from
        questions q1_0
2026-08-27 13:30:03.829 [INFO ] [http-nio-8080-exec-1] o.a.c.c.C.[Tomcat].[localhost].[/] - Initializing Spring DispatcherServlet 'dispatcherServlet'
2026-08-27 13:30:03.829 [INFO ] [http-nio-8080-exec-1] o.s.web.servlet.DispatcherServlet - Initializing Servlet 'dispatcherServlet'
2026-08-27 13:30:03.835 [INFO ] [http-nio-8080-exec-1] o.s.web.servlet.DispatcherServlet - Completed initialization in 6 ms
2026-08-27 13:30:03.861 [DEBUG] [http-nio-8080-exec-1] o.s.security.web.FilterChainProxy - Securing GET /index.html
2026-08-27 13:30:03.886 [DEBUG] [http-nio-8080-exec-1] o.s.s.w.a.AnonymousAuthenticationFilter - Set SecurityContextHolder to anonymous SecurityContext
2026-08-27 13:30:03.891 [DEBUG] [http-nio-8080-exec-1] o.s.security.web.FilterChainProxy - Secured GET /index.html
2026-08-27 13:30:04.024 [DEBUG] [http-nio-8080-exec-2] o.s.security.web.FilterChainProxy - Securing GET /css/style.css
2026-08-27 13:30:04.026 [DEBUG] [http-nio-8080-exec-2] o.s.s.w.a.AnonymousAuthenticationFilter - Set SecurityContextHolder to anonymous SecurityContext
2026-08-27 13:30:04.026 [DEBUG] [http-nio-8080-exec-2] o.s.security.web.FilterChainProxy - Secured GET /css/style.css
2026-08-27 13:30:04.027 [DEBUG] [http-nio-8080-exec-3] o.s.security.web.FilterChainProxy - Securing GET /js/app-toast.js
2026-08-27 13:30:04.029 [DEBUG] [http-nio-8080-exec-3] o.s.s.w.a.AnonymousAuthenticationFilter - Set SecurityContextHolder to anonymous SecurityContext
2026-08-27 13:30:04.029 [DEBUG] [http-nio-8080-exec-3] o.s.security.web.FilterChainProxy - Secured GET /js/app-toast.js
2026-08-27 13:30:04.805 [DEBUG] [http-nio-8080-exec-4] o.s.security.web.FilterChainProxy - Securing GET /favicon.ico
2026-08-27 13:30:04.807 [DEBUG] [http-nio-8080-exec-4] o.s.s.w.a.AnonymousAuthenticationFilter - Set SecurityContextHolder to anonymous SecurityContext
2026-08-27 13:30:04.809 [DEBUG] [http-nio-8080-exec-4] o.s.security.web.FilterChainProxy - Secured GET /favicon.ico
2026-08-27 13:30:04.858 [DEBUG] [http-nio-8080-exec-4] c.c.exception.GlobalExceptionHandler - Static resource not found: No static resource favicon.ico for request '/favicon.ico'. on URI /favicon.ico
2026-08-27 13:30:11.608 [DEBUG] [http-nio-8080-exec-5] o.s.security.web.FilterChainProxy - Securing GET /student-login.html
2026-08-27 13:30:11.611 [DEBUG] [http-nio-8080-exec-5] o.s.s.w.a.AnonymousAuthenticationFilter - Set SecurityContextHolder to anonymous SecurityContext
2026-08-27 13:30:11.611 [DEBUG] [http-nio-8080-exec-5] o.s.security.web.FilterChainProxy - Secured GET /student-login.html
2026-08-27 13:30:11.671 [DEBUG] [http-nio-8080-exec-6] o.s.security.web.FilterChainProxy - Securing GET /css/student-auth.css
2026-08-27 13:30:11.674 [DEBUG] [http-nio-8080-exec-7] o.s.security.web.FilterChainProxy - Securing GET /js/app-toast.js
2026-08-27 13:30:11.674 [DEBUG] [http-nio-8080-exec-6] o.s.s.w.a.AnonymousAuthenticationFilter - Set SecurityContextHolder to anonymous SecurityContext
2026-08-27 13:30:11.674 [DEBUG] [http-nio-8080-exec-7] o.s.s.w.a.AnonymousAuthenticationFilter - Set SecurityContextHolder to anonymous SecurityContext
2026-08-27 13:30:11.674 [DEBUG] [http-nio-8080-exec-8] o.s.security.web.FilterChainProxy - Securing GET /js/auth.js
2026-08-27 13:30:11.674 [DEBUG] [http-nio-8080-exec-6] o.s.security.web.FilterChainProxy - Secured GET /css/student-auth.css
2026-08-27 13:30:11.677 [DEBUG] [http-nio-8080-exec-7] o.s.security.web.FilterChainProxy - Secured GET /js/app-toast.js
2026-08-27 13:30:11.677 [DEBUG] [http-nio-8080-exec-8] o.s.s.w.a.AnonymousAuthenticationFilter - Set SecurityContextHolder to anonymous SecurityContext
2026-08-27 13:30:11.677 [DEBUG] [http-nio-8080-exec-8] o.s.security.web.FilterChainProxy - Secured GET /js/auth.js
2026-08-27 13:30:15.585 [DEBUG] [http-nio-8080-exec-9] o.s.security.web.FilterChainProxy - Securing GET /admin-login.html
2026-08-27 13:30:15.585 [DEBUG] [http-nio-8080-exec-9] o.s.s.w.a.AnonymousAuthenticationFilter - Set SecurityContextHolder to anonymous SecurityContext
2026-08-27 13:30:15.585 [DEBUG] [http-nio-8080-exec-9] o.s.security.web.FilterChainProxy - Secured GET /admin-login.html
2026-08-27 13:30:15.631 [DEBUG] [http-nio-8080-exec-10] o.s.security.web.FilterChainProxy - Securing GET /css/admin-login.css
2026-08-27 13:30:15.631 [DEBUG] [http-nio-8080-exec-2] o.s.security.web.FilterChainProxy - Securing GET /js/auth.js
2026-08-27 13:30:15.631 [DEBUG] [http-nio-8080-exec-1] o.s.security.web.FilterChainProxy - Securing GET /js/app-toast.js
2026-08-27 13:30:15.634 [DEBUG] [http-nio-8080-exec-2] o.s.s.w.a.AnonymousAuthenticationFilter - Set SecurityContextHolder to anonymous SecurityContext
2026-08-27 13:30:15.634 [DEBUG] [http-nio-8080-exec-1] o.s.s.w.a.AnonymousAuthenticationFilter - Set SecurityContextHolder to anonymous SecurityContext
2026-08-27 13:30:15.634 [DEBUG] [http-nio-8080-exec-10] o.s.s.w.a.AnonymousAuthenticationFilter - Set SecurityContextHolder to anonymous SecurityContext
2026-08-27 13:30:15.634 [DEBUG] [http-nio-8080-exec-2] o.s.security.web.FilterChainProxy - Secured GET /js/auth.js
2026-08-27 13:30:15.636 [DEBUG] [http-nio-8080-exec-1] o.s.security.web.FilterChainProxy - Secured GET /js/app-toast.js
2026-08-27 13:30:15.637 [DEBUG] [http-nio-8080-exec-10] o.s.security.web.FilterChainProxy - Secured GET /css/admin-login.css
2026-08-27 13:30:19.033 [DEBUG] [http-nio-8080-exec-3] o.s.security.web.FilterChainProxy - Securing POST /api/auth/admin/login
2026-08-27 13:30:19.101 [DEBUG] [http-nio-8080-exec-3] o.s.s.w.a.AnonymousAuthenticationFilter - Set SecurityContextHolder to anonymous SecurityContext
2026-08-27 13:30:19.103 [DEBUG] [http-nio-8080-exec-3] o.s.security.web.FilterChainProxy - Secured POST /api/auth/admin/login
2026-08-27 13:30:19.475 [INFO ] [http-nio-8080-exec-3] c.career.controller.AuthController - REST: Admin login request for email admin@gmail.com
2026-08-27 13:30:19.475 [DEBUG] [http-nio-8080-exec-3] c.c.service.impl.AuthServiceImpl - Authenticating admin: admin@gmail.com
2026-08-27 13:30:19.509 [DEBUG] [http-nio-8080-exec-3] org.hibernate.SQL - 
    select
        u1_0.id,
        u1_0.course,
        u1_0.email,
        u1_0.mobile,
        u1_0.name,
        u1_0.password,
        u1_0.percentage,
        u1_0.role 
    from
        users u1_0 
    where
        u1_0.email=?
2026-08-27 13:30:19.864 [INFO ] [http-nio-8080-exec-3] c.c.service.impl.AuthServiceImpl - Admin admin@gmail.com logged in successfully
2026-08-27 13:30:19.864 [DEBUG] [http-nio-8080-exec-3] com.career.security.JwtService - Generating JWT token for email: admin@gmail.com with role: ADMIN
2026-08-27 13:30:20.674 [DEBUG] [http-nio-8080-exec-4] o.s.security.web.FilterChainProxy - Securing GET /admin-dashboard.html
2026-08-27 13:30:20.674 [DEBUG] [http-nio-8080-exec-4] o.s.s.w.a.AnonymousAuthenticationFilter - Set SecurityContextHolder to anonymous SecurityContext
2026-08-27 13:30:20.676 [DEBUG] [http-nio-8080-exec-4] o.s.security.web.FilterChainProxy - Secured GET /admin-dashboard.html
2026-08-27 13:30:20.719 [DEBUG] [http-nio-8080-exec-5] o.s.security.web.FilterChainProxy - Securing GET /css/admin.css
2026-08-27 13:30:20.721 [DEBUG] [http-nio-8080-exec-7] o.s.security.web.FilterChainProxy - Securing GET /css/admin-dashboard.css
2026-08-27 13:30:20.721 [DEBUG] [http-nio-8080-exec-6] o.s.security.web.FilterChainProxy - Securing GET /js/app-toast.js
2026-08-27 13:30:20.723 [DEBUG] [http-nio-8080-exec-6] o.s.s.w.a.AnonymousAuthenticationFilter - Set SecurityContextHolder to anonymous SecurityContext
2026-08-27 13:30:20.723 [DEBUG] [http-nio-8080-exec-5] o.s.s.w.a.AnonymousAuthenticationFilter - Set SecurityContextHolder to anonymous SecurityContext
2026-08-27 13:30:20.723 [DEBUG] [http-nio-8080-exec-6] o.s.security.web.FilterChainProxy - Secured GET /js/app-toast.js
2026-08-27 13:30:20.725 [DEBUG] [http-nio-8080-exec-7] o.s.s.w.a.AnonymousAuthenticationFilter - Set SecurityContextHolder to anonymous SecurityContext
2026-08-27 13:30:20.725 [DEBUG] [http-nio-8080-exec-5] o.s.security.web.FilterChainProxy - Secured GET /css/admin.css
2026-08-27 13:30:20.731 [DEBUG] [http-nio-8080-exec-8] o.s.security.web.FilterChainProxy - Securing GET /js/auth.js
2026-08-27 13:30:20.731 [DEBUG] [http-nio-8080-exec-7] o.s.security.web.FilterChainProxy - Secured GET /css/admin-dashboard.css
2026-08-27 13:30:20.733 [DEBUG] [http-nio-8080-exec-9] o.s.security.web.FilterChainProxy - Securing GET /js/mobile-sidebar.js
2026-08-27 13:30:20.735 [DEBUG] [http-nio-8080-exec-1] o.s.security.web.FilterChainProxy - Securing GET /js/admin-dashboard.js
2026-08-27 13:30:20.733 [DEBUG] [http-nio-8080-exec-8] o.s.s.w.a.AnonymousAuthenticationFilter - Set SecurityContextHolder to anonymous SecurityContext
2026-08-27 13:30:20.737 [DEBUG] [http-nio-8080-exec-8] o.s.security.web.FilterChainProxy - Secured GET /js/auth.js
2026-08-27 13:30:20.740 [DEBUG] [http-nio-8080-exec-9] o.s.s.w.a.AnonymousAuthenticationFilter - Set SecurityContextHolder to anonymous SecurityContext
2026-08-27 13:30:20.744 [DEBUG] [http-nio-8080-exec-1] o.s.s.w.a.AnonymousAuthenticationFilter - Set SecurityContextHolder to anonymous SecurityContext
2026-08-27 13:30:20.748 [DEBUG] [http-nio-8080-exec-9] o.s.security.web.FilterChainProxy - Secured GET /js/mobile-sidebar.js
2026-08-27 13:30:20.752 [DEBUG] [http-nio-8080-exec-1] o.s.security.web.FilterChainProxy - Secured GET /js/admin-dashboard.js
2026-08-27 13:30:21.042 [DEBUG] [http-nio-8080-exec-2] o.s.security.web.FilterChainProxy - Securing GET /api/admin/students/dashboard-stats
2026-08-27 13:30:21.246 [DEBUG] [http-nio-8080-exec-2] org.hibernate.SQL - 
    select
        u1_0.id,
        u1_0.course,
        u1_0.email,
        u1_0.mobile,
        u1_0.name,
        u1_0.password,
        u1_0.percentage,
        u1_0.role 
    from
        users u1_0 
    where
        u1_0.email=?
2026-08-27 13:30:21.262 [DEBUG] [http-nio-8080-exec-2] c.c.security.JwtAuthenticationFilter - Authenticated user: admin@gmail.com with role: ROLE_ADMIN
2026-08-27 13:30:21.262 [DEBUG] [http-nio-8080-exec-2] o.s.security.web.FilterChainProxy - Secured GET /api/admin/students/dashboard-stats
2026-08-27 13:30:21.262 [DEBUG] [http-nio-8080-exec-2] c.c.controller.StudentController - REST: Fetching dashboard stats
2026-08-27 13:30:21.276 [DEBUG] [http-nio-8080-exec-2] org.hibernate.SQL - 
    select
        count(u1_0.id) 
    from
        users u1_0 
    where
        u1_0.role=?
2026-08-27 13:30:21.287 [DEBUG] [http-nio-8080-exec-2] org.hibernate.SQL - 
    select
        count(*) 
    from
        questions q1_0
2026-08-27 13:30:21.296 [DEBUG] [http-nio-8080-exec-2] org.hibernate.SQL - 
    select
        count(*) 
    from
        tests t1_0
2026-08-27 13:30:21.330 [DEBUG] [http-nio-8080-exec-2] org.hibernate.SQL - 
    select
        count(t1_0.id) 
    from
        tests t1_0 
    where
        t1_0.active=true
2026-08-27 13:30:21.334 [DEBUG] [http-nio-8080-exec-2] org.hibernate.SQL - 
    select
        count(*) 
    from
        career_paths cp1_0
2026-08-27 13:30:21.351 [DEBUG] [http-nio-8080-exec-2] org.hibernate.SQL - 
    select
        count(*) 
    from
        test_attempts ta1_0
2026-08-27 13:30:21.360 [DEBUG] [http-nio-8080-exec-2] org.hibernate.SQL - 
    select
        count(ta1_0.id) 
    from
        test_attempts ta1_0 
    where
        ta1_0.status=?
2026-08-27 13:30:21.360 [DEBUG] [http-nio-8080-exec-2] org.hibernate.SQL - 
    select
        count(ta1_0.id) 
    from
        test_attempts ta1_0 
    where
        ta1_0.status=?
2026-08-27 13:30:21.424 [DEBUG] [http-nio-8080-exec-2] org.hibernate.SQL - 
    select
        cp1_0.id,
        cp1_0.career_name,
        cp1_0.category,
        cp1_0.description,
        cp1_0.education,
        cp1_0.salary_range,
        cp1_0.skills 
    from
        career_paths cp1_0
2026-08-27 13:30:21.456 [DEBUG] [http-nio-8080-exec-2] org.hibernate.SQL - 
    select
        count(ar1_0.id) 
    from
        assessment_results ar1_0 
    where
        ar1_0.career_path_id=?
2026-08-27 13:30:21.456 [DEBUG] [http-nio-8080-exec-2] org.hibernate.SQL - 
    select
        count(ar1_0.id) 
    from
        assessment_results ar1_0 
    where
        ar1_0.career_path_id=?
2026-08-27 13:30:21.470 [DEBUG] [http-nio-8080-exec-2] org.hibernate.SQL - 
    select
        count(ar1_0.id) 
    from
        assessment_results ar1_0 
    where
        ar1_0.career_path_id=?
2026-08-27 13:30:21.470 [DEBUG] [http-nio-8080-exec-2] org.hibernate.SQL - 
    select
        count(ar1_0.id) 
    from
        assessment_results ar1_0 
    where
        ar1_0.career_path_id=?
2026-08-27 13:30:21.478 [DEBUG] [http-nio-8080-exec-2] org.hibernate.SQL - 
    select
        count(ar1_0.id) 
    from
        assessment_results ar1_0 
    where
        ar1_0.career_path_id=?
2026-08-27 13:30:21.486 [DEBUG] [http-nio-8080-exec-2] org.hibernate.SQL - 
    select
        count(ar1_0.id) 
    from
        assessment_results ar1_0 
    where
        ar1_0.career_path_id=?
2026-08-27 13:30:21.490 [DEBUG] [http-nio-8080-exec-2] org.hibernate.SQL - 
    select
        count(ar1_0.id) 
    from
        assessment_results ar1_0 
    where
        ar1_0.career_path_id=?
2026-08-27 13:30:21.498 [DEBUG] [http-nio-8080-exec-2] org.hibernate.SQL - 
    select
        count(ar1_0.id) 
    from
        assessment_results ar1_0 
    where
        ar1_0.career_path_id=?
2026-08-27 13:30:21.506 [DEBUG] [http-nio-8080-exec-2] org.hibernate.SQL - 
    select
        count(ar1_0.id) 
    from
        assessment_results ar1_0 
    where
        ar1_0.career_path_id=?
2026-08-27 13:30:21.514 [DEBUG] [http-nio-8080-exec-2] org.hibernate.SQL - 
    select
        count(ar1_0.id) 
    from
        assessment_results ar1_0 
    where
        ar1_0.career_path_id=?
2026-08-27 13:30:21.519 [DEBUG] [http-nio-8080-exec-2] org.hibernate.SQL - 
    select
        count(ar1_0.id) 
    from
        assessment_results ar1_0 
    where
        ar1_0.career_path_id=?
2026-08-27 13:30:21.519 [DEBUG] [http-nio-8080-exec-2] org.hibernate.SQL - 
    select
        count(ar1_0.id) 
    from
        assessment_results ar1_0 
    where
        ar1_0.career_path_id=?
2026-08-27 13:30:21.528 [DEBUG] [http-nio-8080-exec-2] org.hibernate.SQL - 
    select
        count(ar1_0.id) 
    from
        assessment_results ar1_0 
    where
        ar1_0.career_path_id=?
2026-08-27 13:30:21.534 [DEBUG] [http-nio-8080-exec-2] org.hibernate.SQL - 
    select
        count(ar1_0.id) 
    from
        assessment_results ar1_0 
    where
        ar1_0.career_path_id=?
2026-08-27 13:30:21.538 [DEBUG] [http-nio-8080-exec-2] org.hibernate.SQL - 
    select
        count(ar1_0.id) 
    from
        assessment_results ar1_0 
    where
        ar1_0.career_path_id=?
2026-08-27 13:30:21.546 [DEBUG] [http-nio-8080-exec-2] org.hibernate.SQL - 
    select
        count(ar1_0.id) 
    from
        assessment_results ar1_0 
    where
        ar1_0.career_path_id=?
2026-08-27 13:30:21.550 [DEBUG] [http-nio-8080-exec-2] org.hibernate.SQL - 
    select
        count(ar1_0.id) 
    from
        assessment_results ar1_0 
    where
        ar1_0.career_path_id=?
2026-08-27 13:30:21.550 [DEBUG] [http-nio-8080-exec-2] org.hibernate.SQL - 
    select
        count(ar1_0.id) 
    from
        assessment_results ar1_0 
    where
        ar1_0.career_path_id=?
2026-08-27 13:30:21.559 [DEBUG] [http-nio-8080-exec-2] org.hibernate.SQL - 
    select
        count(ar1_0.id) 
    from
        assessment_results ar1_0 
    where
        ar1_0.career_path_id=?
2026-08-27 13:30:21.559 [DEBUG] [http-nio-8080-exec-2] org.hibernate.SQL - 
    select
        count(ar1_0.id) 
    from
        assessment_results ar1_0 
    where
        ar1_0.career_path_id=?
2026-08-27 13:30:24.070 [DEBUG] [http-nio-8080-exec-10] o.s.security.web.FilterChainProxy - Securing GET /add-question.html
2026-08-27 13:30:24.070 [DEBUG] [http-nio-8080-exec-10] o.s.s.w.a.AnonymousAuthenticationFilter - Set SecurityContextHolder to anonymous SecurityContext
2026-08-27 13:30:24.070 [DEBUG] [http-nio-8080-exec-10] o.s.security.web.FilterChainProxy - Secured GET /add-question.html
2026-08-27 13:30:24.124 [DEBUG] [http-nio-8080-exec-3] o.s.security.web.FilterChainProxy - Securing GET /css/admin.css
2026-08-27 13:30:24.124 [DEBUG] [http-nio-8080-exec-7] o.s.security.web.FilterChainProxy - Securing GET /js/app-toast.js
2026-08-27 13:30:24.124 [DEBUG] [http-nio-8080-exec-4] o.s.security.web.FilterChainProxy - Securing GET /css/add-question.css
2026-08-27 13:30:24.124 [DEBUG] [http-nio-8080-exec-8] o.s.security.web.FilterChainProxy - Securing GET /js/auth.js
2026-08-27 13:30:24.128 [DEBUG] [http-nio-8080-exec-4] o.s.s.w.a.AnonymousAuthenticationFilter - Set SecurityContextHolder to anonymous SecurityContext
2026-08-27 13:30:24.126 [DEBUG] [http-nio-8080-exec-3] o.s.s.w.a.AnonymousAuthenticationFilter - Set SecurityContextHolder to anonymous SecurityContext
2026-08-27 13:30:24.128 [DEBUG] [http-nio-8080-exec-7] o.s.s.w.a.AnonymousAuthenticationFilter - Set SecurityContextHolder to anonymous SecurityContext
2026-08-27 13:30:24.128 [DEBUG] [http-nio-8080-exec-8] o.s.s.w.a.AnonymousAuthenticationFilter - Set SecurityContextHolder to anonymous SecurityContext
2026-08-27 13:30:24.130 [DEBUG] [http-nio-8080-exec-6] o.s.security.web.FilterChainProxy - Securing GET /js/mobile-sidebar.js
2026-08-27 13:30:24.130 [DEBUG] [http-nio-8080-exec-5] o.s.security.web.FilterChainProxy - Securing GET /js/add-question.js
2026-08-27 13:30:24.130 [DEBUG] [http-nio-8080-exec-3] o.s.security.web.FilterChainProxy - Secured GET /css/admin.css
2026-08-27 13:30:24.130 [DEBUG] [http-nio-8080-exec-8] o.s.security.web.FilterChainProxy - Secured GET /js/auth.js
2026-08-27 13:30:24.130 [DEBUG] [http-nio-8080-exec-7] o.s.security.web.FilterChainProxy - Secured GET /js/app-toast.js
2026-08-27 13:30:24.130 [DEBUG] [http-nio-8080-exec-6] o.s.s.w.a.AnonymousAuthenticationFilter - Set SecurityContextHolder to anonymous SecurityContext
2026-08-27 13:30:24.132 [DEBUG] [http-nio-8080-exec-5] o.s.s.w.a.AnonymousAuthenticationFilter - Set SecurityContextHolder to anonymous SecurityContext
2026-08-27 13:30:24.132 [DEBUG] [http-nio-8080-exec-4] o.s.security.web.FilterChainProxy - Secured GET /css/add-question.css
2026-08-27 13:30:24.132 [DEBUG] [http-nio-8080-exec-6] o.s.security.web.FilterChainProxy - Secured GET /js/mobile-sidebar.js
2026-08-27 13:30:24.134 [DEBUG] [http-nio-8080-exec-5] o.s.security.web.FilterChainProxy - Secured GET /js/add-question.js
2026-08-27 13:30:24.253 [DEBUG] [http-nio-8080-exec-1] o.s.security.web.FilterChainProxy - Securing GET /api/admin/career-paths
2026-08-27 13:30:24.278 [DEBUG] [http-nio-8080-exec-1] org.hibernate.SQL - 
    select
        u1_0.id,
        u1_0.course,
        u1_0.email,
        u1_0.mobile,
        u1_0.name,
        u1_0.password,
        u1_0.percentage,
        u1_0.role 
    from
        users u1_0 
    where
        u1_0.email=?
2026-08-27 13:30:24.284 [DEBUG] [http-nio-8080-exec-1] c.c.security.JwtAuthenticationFilter - Authenticated user: admin@gmail.com with role: ROLE_ADMIN
2026-08-27 13:30:24.285 [DEBUG] [http-nio-8080-exec-1] o.s.security.web.FilterChainProxy - Secured GET /api/admin/career-paths
2026-08-27 13:30:24.294 [DEBUG] [http-nio-8080-exec-1] c.c.controller.CareerPathController - REST: Fetching career paths. page=null, size=10, search=null
2026-08-27 13:30:24.311 [DEBUG] [http-nio-8080-exec-1] c.c.s.impl.CareerPathServiceImpl - Fetching all career paths from DB/Cache
2026-08-27 13:30:24.333 [DEBUG] [http-nio-8080-exec-1] org.hibernate.SQL - 
    select
        cp1_0.id,
        cp1_0.career_name,
        cp1_0.category,
        cp1_0.description,
        cp1_0.education,
        cp1_0.salary_range,
        cp1_0.skills 
    from
        career_paths cp1_0 
    order by
        cp1_0.career_name
2026-08-27 13:30:25.021 [DEBUG] [http-nio-8080-exec-9] o.s.security.web.FilterChainProxy - Securing GET /view-question.html
2026-08-27 13:30:25.023 [DEBUG] [http-nio-8080-exec-9] o.s.s.w.a.AnonymousAuthenticationFilter - Set SecurityContextHolder to anonymous SecurityContext
2026-08-27 13:30:25.023 [DEBUG] [http-nio-8080-exec-9] o.s.security.web.FilterChainProxy - Secured GET /view-question.html
2026-08-27 13:30:25.068 [DEBUG] [http-nio-8080-exec-2] o.s.security.web.FilterChainProxy - Securing GET /css/admin.css
2026-08-27 13:30:25.068 [DEBUG] [http-nio-8080-exec-10] o.s.security.web.FilterChainProxy - Securing GET /css/view-question.css
2026-08-27 13:30:25.070 [DEBUG] [http-nio-8080-exec-2] o.s.s.w.a.AnonymousAuthenticationFilter - Set SecurityContextHolder to anonymous SecurityContext
2026-08-27 13:30:25.070 [DEBUG] [http-nio-8080-exec-10] o.s.s.w.a.AnonymousAuthenticationFilter - Set SecurityContextHolder to anonymous SecurityContext
2026-08-27 13:30:25.071 [DEBUG] [http-nio-8080-exec-10] o.s.security.web.FilterChainProxy - Secured GET /css/view-question.css
2026-08-27 13:30:25.071 [DEBUG] [http-nio-8080-exec-2] o.s.security.web.FilterChainProxy - Secured GET /css/admin.css
2026-08-27 13:30:25.072 [DEBUG] [http-nio-8080-exec-3] o.s.security.web.FilterChainProxy - Securing GET /js/app-toast.js
2026-08-27 13:30:25.075 [DEBUG] [http-nio-8080-exec-6] o.s.security.web.FilterChainProxy - Securing GET /js/view-question.js
2026-08-27 13:30:25.075 [DEBUG] [http-nio-8080-exec-7] o.s.security.web.FilterChainProxy - Securing GET /js/auth.js
2026-08-27 13:30:25.077 [DEBUG] [http-nio-8080-exec-6] o.s.s.w.a.AnonymousAuthenticationFilter - Set SecurityContextHolder to anonymous SecurityContext
2026-08-27 13:30:25.075 [DEBUG] [http-nio-8080-exec-8] o.s.security.web.FilterChainProxy - Securing GET /js/mobile-sidebar.js
2026-08-27 13:30:25.077 [DEBUG] [http-nio-8080-exec-7] o.s.s.w.a.AnonymousAuthenticationFilter - Set SecurityContextHolder to anonymous SecurityContext
2026-08-27 13:30:25.077 [DEBUG] [http-nio-8080-exec-6] o.s.security.web.FilterChainProxy - Secured GET /js/view-question.js
2026-08-27 13:30:25.077 [DEBUG] [http-nio-8080-exec-3] o.s.s.w.a.AnonymousAuthenticationFilter - Set SecurityContextHolder to anonymous SecurityContext
2026-08-27 13:30:25.077 [DEBUG] [http-nio-8080-exec-8] o.s.s.w.a.AnonymousAuthenticationFilter - Set SecurityContextHolder to anonymous SecurityContext
2026-08-27 13:30:25.077 [DEBUG] [http-nio-8080-exec-7] o.s.security.web.FilterChainProxy - Secured GET /js/auth.js
2026-08-27 13:30:25.079 [DEBUG] [http-nio-8080-exec-3] o.s.security.web.FilterChainProxy - Secured GET /js/app-toast.js
2026-08-27 13:30:25.079 [DEBUG] [http-nio-8080-exec-8] o.s.security.web.FilterChainProxy - Secured GET /js/mobile-sidebar.js
2026-08-27 13:30:25.168 [DEBUG] [http-nio-8080-exec-4] o.s.security.web.FilterChainProxy - Securing GET /api/admin/questions
2026-08-27 13:30:25.189 [DEBUG] [http-nio-8080-exec-4] org.hibernate.SQL - 
    select
        u1_0.id,
        u1_0.course,
        u1_0.email,
        u1_0.mobile,
        u1_0.name,
        u1_0.password,
        u1_0.percentage,
        u1_0.role 
    from
        users u1_0 
    where
        u1_0.email=?
2026-08-27 13:30:25.195 [DEBUG] [http-nio-8080-exec-4] c.c.security.JwtAuthenticationFilter - Authenticated user: admin@gmail.com with role: ROLE_ADMIN
2026-08-27 13:30:25.196 [DEBUG] [http-nio-8080-exec-4] o.s.security.web.FilterChainProxy - Secured GET /api/admin/questions
2026-08-27 13:30:25.201 [DEBUG] [http-nio-8080-exec-4] c.c.controller.QuestionController - REST: Fetching questions. page=null, size=10, search=null, type=null
2026-08-27 13:30:25.203 [DEBUG] [http-nio-8080-exec-4] c.c.service.impl.QuestionServiceImpl - Fetching all questions from DB/Cache
2026-08-27 13:30:25.205 [DEBUG] [http-nio-8080-exec-4] org.hibernate.SQL - 
    select
        q1_0.id,
        q1_0.active,
        q1_0.question_text,
        q1_0.question_type 
    from
        questions q1_0
2026-08-27 13:30:25.309 [DEBUG] [http-nio-8080-exec-4] org.hibernate.SQL - 
    select
        o1_0.question_id,
        o1_0.id,
        o1_0.category,
        o1_0.correct_answer,
        o1_0.option_text,
        o1_0.score 
    from
        question_options o1_0 
    where
        o1_0.question_id=?
2026-08-27 13:30:25.342 [DEBUG] [http-nio-8080-exec-4] org.hibernate.SQL - 
    select
        o1_0.question_id,
        o1_0.id,
        o1_0.category,
        o1_0.correct_answer,
        o1_0.option_text,
        o1_0.score 
    from
        question_options o1_0 
    where
        o1_0.question_id=?
2026-08-27 13:30:25.969 [DEBUG] [http-nio-8080-exec-5] o.s.security.web.FilterChainProxy - Securing GET /create-test.html
2026-08-27 13:30:25.969 [DEBUG] [http-nio-8080-exec-5] o.s.s.w.a.AnonymousAuthenticationFilter - Set SecurityContextHolder to anonymous SecurityContext
2026-08-27 13:30:25.971 [DEBUG] [http-nio-8080-exec-5] o.s.security.web.FilterChainProxy - Secured GET /create-test.html
2026-08-27 13:30:26.004 [DEBUG] [http-nio-8080-exec-9] o.s.security.web.FilterChainProxy - Securing GET /css/create-test.css
2026-08-27 13:30:26.004 [DEBUG] [http-nio-8080-exec-1] o.s.security.web.FilterChainProxy - Securing GET /css/admin.css
2026-08-27 13:30:26.005 [DEBUG] [http-nio-8080-exec-9] o.s.s.w.a.AnonymousAuthenticationFilter - Set SecurityContextHolder to anonymous SecurityContext
2026-08-27 13:30:26.005 [DEBUG] [http-nio-8080-exec-1] o.s.s.w.a.AnonymousAuthenticationFilter - Set SecurityContextHolder to anonymous SecurityContext
2026-08-27 13:30:26.005 [DEBUG] [http-nio-8080-exec-9] o.s.security.web.FilterChainProxy - Secured GET /css/create-test.css
2026-08-27 13:30:26.005 [DEBUG] [http-nio-8080-exec-1] o.s.security.web.FilterChainProxy - Secured GET /css/admin.css
2026-08-27 13:30:26.011 [DEBUG] [http-nio-8080-exec-8] o.s.security.web.FilterChainProxy - Securing GET /js/mobile-sidebar.js
2026-08-27 13:30:26.011 [DEBUG] [http-nio-8080-exec-2] o.s.security.web.FilterChainProxy - Securing GET /js/app-toast.js
2026-08-27 13:30:26.011 [DEBUG] [http-nio-8080-exec-8] o.s.s.w.a.AnonymousAuthenticationFilter - Set SecurityContextHolder to anonymous SecurityContext
2026-08-27 13:30:26.011 [DEBUG] [http-nio-8080-exec-2] o.s.s.w.a.AnonymousAuthenticationFilter - Set SecurityContextHolder to anonymous SecurityContext
2026-08-27 13:30:26.011 [DEBUG] [http-nio-8080-exec-2] o.s.security.web.FilterChainProxy - Secured GET /js/app-toast.js
2026-08-27 13:30:26.011 [DEBUG] [http-nio-8080-exec-8] o.s.security.web.FilterChainProxy - Secured GET /js/mobile-sidebar.js
2026-08-27 13:30:26.014 [DEBUG] [http-nio-8080-exec-6] o.s.security.web.FilterChainProxy - Securing GET /js/create-test.js
2026-08-27 13:30:26.014 [DEBUG] [http-nio-8080-exec-6] o.s.s.w.a.AnonymousAuthenticationFilter - Set SecurityContextHolder to anonymous SecurityContext
2026-08-27 13:30:26.016 [DEBUG] [http-nio-8080-exec-10] o.s.security.web.FilterChainProxy - Securing GET /js/auth.js
2026-08-27 13:30:26.017 [DEBUG] [http-nio-8080-exec-10] o.s.s.w.a.AnonymousAuthenticationFilter - Set SecurityContextHolder to anonymous SecurityContext
2026-08-27 13:30:26.014 [DEBUG] [http-nio-8080-exec-6] o.s.security.web.FilterChainProxy - Secured GET /js/create-test.js
2026-08-27 13:30:26.029 [DEBUG] [http-nio-8080-exec-10] o.s.security.web.FilterChainProxy - Secured GET /js/auth.js
2026-08-27 13:30:26.091 [DEBUG] [http-nio-8080-exec-7] o.s.security.web.FilterChainProxy - Securing GET /api/admin/questions
2026-08-27 13:30:26.107 [DEBUG] [http-nio-8080-exec-7] org.hibernate.SQL - 
    select
        u1_0.id,
        u1_0.course,
        u1_0.email,
        u1_0.mobile,
        u1_0.name,
        u1_0.password,
        u1_0.percentage,
        u1_0.role 
    from
        users u1_0 
    where
        u1_0.email=?
2026-08-27 13:30:26.109 [DEBUG] [http-nio-8080-exec-7] c.c.security.JwtAuthenticationFilter - Authenticated user: admin@gmail.com with role: ROLE_ADMIN
2026-08-27 13:30:26.110 [DEBUG] [http-nio-8080-exec-7] o.s.security.web.FilterChainProxy - Secured GET /api/admin/questions
2026-08-27 13:30:26.112 [DEBUG] [http-nio-8080-exec-7] c.c.controller.QuestionController - REST: Fetching questions. page=null, size=10, search=null, type=null
2026-08-27 13:30:27.151 [DEBUG] [http-nio-8080-exec-3] o.s.security.web.FilterChainProxy - Securing GET /view-tests.html
2026-08-27 13:30:27.151 [DEBUG] [http-nio-8080-exec-3] o.s.s.w.a.AnonymousAuthenticationFilter - Set SecurityContextHolder to anonymous SecurityContext
2026-08-27 13:30:27.151 [DEBUG] [http-nio-8080-exec-3] o.s.security.web.FilterChainProxy - Secured GET /view-tests.html
2026-08-27 13:30:27.171 [DEBUG] [http-nio-8080-exec-5] o.s.security.web.FilterChainProxy - Securing GET /css/view-tests.css
2026-08-27 13:30:27.171 [DEBUG] [http-nio-8080-exec-4] o.s.security.web.FilterChainProxy - Securing GET /css/admin.css
2026-08-27 13:30:27.171 [DEBUG] [http-nio-8080-exec-5] o.s.s.w.a.AnonymousAuthenticationFilter - Set SecurityContextHolder to anonymous SecurityContext
2026-08-27 13:30:27.172 [DEBUG] [http-nio-8080-exec-4] o.s.s.w.a.AnonymousAuthenticationFilter - Set SecurityContextHolder to anonymous SecurityContext
2026-08-27 13:30:27.172 [DEBUG] [http-nio-8080-exec-5] o.s.security.web.FilterChainProxy - Secured GET /css/view-tests.css
2026-08-27 13:30:27.172 [DEBUG] [http-nio-8080-exec-1] o.s.security.web.FilterChainProxy - Securing GET /js/auth.js
2026-08-27 13:30:27.172 [DEBUG] [http-nio-8080-exec-8] o.s.security.web.FilterChainProxy - Securing GET /js/app-toast.js
2026-08-27 13:30:27.174 [DEBUG] [http-nio-8080-exec-1] o.s.s.w.a.AnonymousAuthenticationFilter - Set SecurityContextHolder to anonymous SecurityContext
2026-08-27 13:30:27.174 [DEBUG] [http-nio-8080-exec-1] o.s.security.web.FilterChainProxy - Secured GET /js/auth.js
2026-08-27 13:30:27.174 [DEBUG] [http-nio-8080-exec-8] o.s.s.w.a.AnonymousAuthenticationFilter - Set SecurityContextHolder to anonymous SecurityContext
2026-08-27 13:30:27.174 [DEBUG] [http-nio-8080-exec-8] o.s.security.web.FilterChainProxy - Secured GET /js/app-toast.js
2026-08-27 13:30:27.174 [DEBUG] [http-nio-8080-exec-4] o.s.security.web.FilterChainProxy - Secured GET /css/admin.css
2026-08-27 13:30:27.176 [DEBUG] [http-nio-8080-exec-2] o.s.security.web.FilterChainProxy - Securing GET /js/view-tests.js
2026-08-27 13:30:27.176 [DEBUG] [http-nio-8080-exec-9] o.s.security.web.FilterChainProxy - Securing GET /js/mobile-sidebar.js
2026-08-27 13:30:27.177 [DEBUG] [http-nio-8080-exec-2] o.s.s.w.a.AnonymousAuthenticationFilter - Set SecurityContextHolder to anonymous SecurityContext
2026-08-27 13:30:27.177 [DEBUG] [http-nio-8080-exec-9] o.s.s.w.a.AnonymousAuthenticationFilter - Set SecurityContextHolder to anonymous SecurityContext
2026-08-27 13:30:27.177 [DEBUG] [http-nio-8080-exec-2] o.s.security.web.FilterChainProxy - Secured GET /js/view-tests.js
2026-08-27 13:30:27.177 [DEBUG] [http-nio-8080-exec-9] o.s.security.web.FilterChainProxy - Secured GET /js/mobile-sidebar.js
2026-08-27 13:30:27.201 [DEBUG] [http-nio-8080-exec-10] o.s.security.web.FilterChainProxy - Securing GET /api/admin/tests
2026-08-27 13:30:27.210 [DEBUG] [http-nio-8080-exec-10] org.hibernate.SQL - 
    select
        u1_0.id,
        u1_0.course,
        u1_0.email,
        u1_0.mobile,
        u1_0.name,
        u1_0.password,
        u1_0.percentage,
        u1_0.role 
    from
        users u1_0 
    where
        u1_0.email=?
2026-08-27 13:30:27.214 [DEBUG] [http-nio-8080-exec-10] c.c.security.JwtAuthenticationFilter - Authenticated user: admin@gmail.com with role: ROLE_ADMIN
2026-08-27 13:30:27.214 [DEBUG] [http-nio-8080-exec-10] o.s.security.web.FilterChainProxy - Secured GET /api/admin/tests
2026-08-27 13:30:27.214 [DEBUG] [http-nio-8080-exec-10] c.career.controller.TestController - REST: Fetching tests. page=null, size=10, search=null
2026-08-27 13:30:27.216 [DEBUG] [http-nio-8080-exec-10] c.c.service.impl.TestServiceImpl - Fetching all tests from DB/Cache
2026-08-27 13:30:27.217 [DEBUG] [http-nio-8080-exec-10] org.hibernate.SQL - 
    select
        t1_0.id,
        t1_0.active,
        t1_0.created_at,
        t1_0.description,
        t1_0.end_time,
        t1_0.question_count,
        t1_0.random_questions,
        t1_0.start_time,
        t1_0.test_name,
        t1_0.time_limit_minutes 
    from
        tests t1_0
2026-08-27 13:30:28.028 [DEBUG] [http-nio-8080-exec-6] o.s.security.web.FilterChainProxy - Securing GET /career-paths.html
2026-08-27 13:30:28.028 [DEBUG] [http-nio-8080-exec-6] o.s.s.w.a.AnonymousAuthenticationFilter - Set SecurityContextHolder to anonymous SecurityContext
2026-08-27 13:30:28.028 [DEBUG] [http-nio-8080-exec-6] o.s.security.web.FilterChainProxy - Secured GET /career-paths.html
2026-08-27 13:30:28.079 [DEBUG] [http-nio-8080-exec-7] o.s.security.web.FilterChainProxy - Securing GET /css/admin.css
2026-08-27 13:30:28.079 [DEBUG] [http-nio-8080-exec-3] o.s.security.web.FilterChainProxy - Securing GET /css/career-paths.css
2026-08-27 13:30:28.079 [DEBUG] [http-nio-8080-exec-7] o.s.s.w.a.AnonymousAuthenticationFilter - Set SecurityContextHolder to anonymous SecurityContext
2026-08-27 13:30:28.079 [DEBUG] [http-nio-8080-exec-3] o.s.s.w.a.AnonymousAuthenticationFilter - Set SecurityContextHolder to anonymous SecurityContext
2026-08-27 13:30:28.081 [DEBUG] [http-nio-8080-exec-7] o.s.security.web.FilterChainProxy - Secured GET /css/admin.css
2026-08-27 13:30:28.082 [DEBUG] [http-nio-8080-exec-3] o.s.security.web.FilterChainProxy - Secured GET /css/career-paths.css
2026-08-27 13:30:28.084 [DEBUG] [http-nio-8080-exec-5] o.s.security.web.FilterChainProxy - Securing GET /js/mobile-sidebar.js
2026-08-27 13:30:28.085 [DEBUG] [http-nio-8080-exec-9] o.s.security.web.FilterChainProxy - Securing GET /js/app-toast.js
2026-08-27 13:30:28.086 [DEBUG] [http-nio-8080-exec-9] o.s.s.w.a.AnonymousAuthenticationFilter - Set SecurityContextHolder to anonymous SecurityContext
2026-08-27 13:30:28.082 [DEBUG] [http-nio-8080-exec-1] o.s.security.web.FilterChainProxy - Securing GET /js/auth.js
2026-08-27 13:30:28.088 [DEBUG] [http-nio-8080-exec-9] o.s.security.web.FilterChainProxy - Secured GET /js/app-toast.js
2026-08-27 13:30:28.088 [DEBUG] [http-nio-8080-exec-5] o.s.s.w.a.AnonymousAuthenticationFilter - Set SecurityContextHolder to anonymous SecurityContext
2026-08-27 13:30:28.088 [DEBUG] [http-nio-8080-exec-5] o.s.security.web.FilterChainProxy - Secured GET /js/mobile-sidebar.js
2026-08-27 13:30:28.086 [DEBUG] [http-nio-8080-exec-2] o.s.security.web.FilterChainProxy - Securing GET /js/career-paths.js
2026-08-27 13:30:28.088 [DEBUG] [http-nio-8080-exec-1] o.s.s.w.a.AnonymousAuthenticationFilter - Set SecurityContextHolder to anonymous SecurityContext
2026-08-27 13:30:28.090 [DEBUG] [http-nio-8080-exec-1] o.s.security.web.FilterChainProxy - Secured GET /js/auth.js
2026-08-27 13:30:28.091 [DEBUG] [http-nio-8080-exec-2] o.s.s.w.a.AnonymousAuthenticationFilter - Set SecurityContextHolder to anonymous SecurityContext
2026-08-27 13:30:28.091 [DEBUG] [http-nio-8080-exec-2] o.s.security.web.FilterChainProxy - Secured GET /js/career-paths.js
2026-08-27 13:30:28.141 [DEBUG] [http-nio-8080-exec-8] o.s.security.web.FilterChainProxy - Securing GET /api/admin/career-paths
2026-08-27 13:30:28.154 [DEBUG] [http-nio-8080-exec-8] org.hibernate.SQL - 
    select
        u1_0.id,
        u1_0.course,
        u1_0.email,
        u1_0.mobile,
        u1_0.name,
        u1_0.password,
        u1_0.percentage,
        u1_0.role 
    from
        users u1_0 
    where
        u1_0.email=?
2026-08-27 13:30:28.156 [DEBUG] [http-nio-8080-exec-8] c.c.security.JwtAuthenticationFilter - Authenticated user: admin@gmail.com with role: ROLE_ADMIN
2026-08-27 13:30:28.156 [DEBUG] [http-nio-8080-exec-8] o.s.security.web.FilterChainProxy - Secured GET /api/admin/career-paths
2026-08-27 13:30:28.159 [DEBUG] [http-nio-8080-exec-8] c.c.controller.CareerPathController - REST: Fetching career paths. page=null, size=10, search=null
2026-08-27 13:30:28.167 [DEBUG] [http-nio-8080-exec-4] o.s.security.web.FilterChainProxy - Securing GET /api/admin/students/dashboard-stats
2026-08-27 13:30:28.172 [DEBUG] [http-nio-8080-exec-4] org.hibernate.SQL - 
    select
        u1_0.id,
        u1_0.course,
        u1_0.email,
        u1_0.mobile,
        u1_0.name,
        u1_0.password,
        u1_0.percentage,
        u1_0.role 
    from
        users u1_0 
    where
        u1_0.email=?
2026-08-27 13:30:28.178 [DEBUG] [http-nio-8080-exec-4] c.c.security.JwtAuthenticationFilter - Authenticated user: admin@gmail.com with role: ROLE_ADMIN
2026-08-27 13:30:28.179 [DEBUG] [http-nio-8080-exec-4] o.s.security.web.FilterChainProxy - Secured GET /api/admin/students/dashboard-stats
2026-08-27 13:30:28.179 [DEBUG] [http-nio-8080-exec-4] c.c.controller.StudentController - REST: Fetching dashboard stats
2026-08-27 13:30:28.179 [DEBUG] [http-nio-8080-exec-4] org.hibernate.SQL - 
    select
        count(u1_0.id) 
    from
        users u1_0 
    where
        u1_0.role=?
2026-08-27 13:30:28.183 [DEBUG] [http-nio-8080-exec-4] org.hibernate.SQL - 
    select
        count(*) 
    from
        questions q1_0
2026-08-27 13:30:28.191 [DEBUG] [http-nio-8080-exec-4] org.hibernate.SQL - 
    select
        count(*) 
    from
        tests t1_0
2026-08-27 13:30:28.195 [DEBUG] [http-nio-8080-exec-4] org.hibernate.SQL - 
    select
        count(t1_0.id) 
    from
        tests t1_0 
    where
        t1_0.active=true
2026-08-27 13:30:28.195 [DEBUG] [http-nio-8080-exec-4] org.hibernate.SQL - 
    select
        count(*) 
    from
        career_paths cp1_0
2026-08-27 13:30:28.205 [DEBUG] [http-nio-8080-exec-4] org.hibernate.SQL - 
    select
        count(*) 
    from
        test_attempts ta1_0
2026-08-27 13:30:28.212 [DEBUG] [http-nio-8080-exec-4] org.hibernate.SQL - 
    select
        count(ta1_0.id) 
    from
        test_attempts ta1_0 
    where
        ta1_0.status=?
2026-08-27 13:30:28.214 [DEBUG] [http-nio-8080-exec-4] org.hibernate.SQL - 
    select
        count(ta1_0.id) 
    from
        test_attempts ta1_0 
    where
        ta1_0.status=?
2026-08-27 13:30:28.219 [DEBUG] [http-nio-8080-exec-4] org.hibernate.SQL - 
    select
        cp1_0.id,
        cp1_0.career_name,
        cp1_0.category,
        cp1_0.description,
        cp1_0.education,
        cp1_0.salary_range,
        cp1_0.skills 
    from
        career_paths cp1_0
2026-08-27 13:30:28.229 [DEBUG] [http-nio-8080-exec-4] org.hibernate.SQL - 
    select
        count(ar1_0.id) 
    from
        assessment_results ar1_0 
    where
        ar1_0.career_path_id=?
2026-08-27 13:30:28.231 [DEBUG] [http-nio-8080-exec-4] org.hibernate.SQL - 
    select
        count(ar1_0.id) 
    from
        assessment_results ar1_0 
    where
        ar1_0.career_path_id=?
2026-08-27 13:30:28.231 [DEBUG] [http-nio-8080-exec-4] org.hibernate.SQL - 
    select
        count(ar1_0.id) 
    from
        assessment_results ar1_0 
    where
        ar1_0.career_path_id=?
2026-08-27 13:30:28.238 [DEBUG] [http-nio-8080-exec-4] org.hibernate.SQL - 
    select
        count(ar1_0.id) 
    from
        assessment_results ar1_0 
    where
        ar1_0.career_path_id=?
2026-08-27 13:30:28.240 [DEBUG] [http-nio-8080-exec-4] org.hibernate.SQL - 
    select
        count(ar1_0.id) 
    from
        assessment_results ar1_0 
    where
        ar1_0.career_path_id=?
2026-08-27 13:30:28.242 [DEBUG] [http-nio-8080-exec-4] org.hibernate.SQL - 
    select
        count(ar1_0.id) 
    from
        assessment_results ar1_0 
    where
        ar1_0.career_path_id=?
2026-08-27 13:30:28.248 [DEBUG] [http-nio-8080-exec-4] org.hibernate.SQL - 
    select
        count(ar1_0.id) 
    from
        assessment_results ar1_0 
    where
        ar1_0.career_path_id=?
2026-08-27 13:30:28.250 [DEBUG] [http-nio-8080-exec-4] org.hibernate.SQL - 
    select
        count(ar1_0.id) 
    from
        assessment_results ar1_0 
    where
        ar1_0.career_path_id=?
2026-08-27 13:30:28.253 [DEBUG] [http-nio-8080-exec-4] org.hibernate.SQL - 
    select
        count(ar1_0.id) 
    from
        assessment_results ar1_0 
    where
        ar1_0.career_path_id=?
2026-08-27 13:30:28.253 [DEBUG] [http-nio-8080-exec-4] org.hibernate.SQL - 
    select
        count(ar1_0.id) 
    from
        assessment_results ar1_0 
    where
        ar1_0.career_path_id=?
2026-08-27 13:30:28.260 [DEBUG] [http-nio-8080-exec-4] org.hibernate.SQL - 
    select
        count(ar1_0.id) 
    from
        assessment_results ar1_0 
    where
        ar1_0.career_path_id=?
2026-08-27 13:30:28.263 [DEBUG] [http-nio-8080-exec-4] org.hibernate.SQL - 
    select
        count(ar1_0.id) 
    from
        assessment_results ar1_0 
    where
        ar1_0.career_path_id=?
2026-08-27 13:30:28.266 [DEBUG] [http-nio-8080-exec-4] org.hibernate.SQL - 
    select
        count(ar1_0.id) 
    from
        assessment_results ar1_0 
    where
        ar1_0.career_path_id=?
2026-08-27 13:30:28.266 [DEBUG] [http-nio-8080-exec-4] org.hibernate.SQL - 
    select
        count(ar1_0.id) 
    from
        assessment_results ar1_0 
    where
        ar1_0.career_path_id=?
2026-08-27 13:30:28.270 [DEBUG] [http-nio-8080-exec-4] org.hibernate.SQL - 
    select
        count(ar1_0.id) 
    from
        assessment_results ar1_0 
    where
        ar1_0.career_path_id=?
2026-08-27 13:30:28.277 [DEBUG] [http-nio-8080-exec-4] org.hibernate.SQL - 
    select
        count(ar1_0.id) 
    from
        assessment_results ar1_0 
    where
        ar1_0.career_path_id=?
2026-08-27 13:30:28.278 [DEBUG] [http-nio-8080-exec-4] org.hibernate.SQL - 
    select
        count(ar1_0.id) 
    from
        assessment_results ar1_0 
    where
        ar1_0.career_path_id=?
2026-08-27 13:30:28.281 [DEBUG] [http-nio-8080-exec-4] org.hibernate.SQL - 
    select
        count(ar1_0.id) 
    from
        assessment_results ar1_0 
    where
        ar1_0.career_path_id=?
2026-08-27 13:30:28.284 [DEBUG] [http-nio-8080-exec-4] org.hibernate.SQL - 
    select
        count(ar1_0.id) 
    from
        assessment_results ar1_0 
    where
        ar1_0.career_path_id=?
2026-08-27 13:30:28.288 [DEBUG] [http-nio-8080-exec-4] org.hibernate.SQL - 
    select
        count(ar1_0.id) 
    from
        assessment_results ar1_0 
    where
        ar1_0.career_path_id=?
2026-08-27 13:30:28.875 [DEBUG] [http-nio-8080-exec-10] o.s.security.web.FilterChainProxy - Securing GET /students.html
2026-08-27 13:30:28.879 [DEBUG] [http-nio-8080-exec-10] o.s.s.w.a.AnonymousAuthenticationFilter - Set SecurityContextHolder to anonymous SecurityContext
2026-08-27 13:30:28.879 [DEBUG] [http-nio-8080-exec-10] o.s.security.web.FilterChainProxy - Secured GET /students.html
2026-08-27 13:30:28.927 [DEBUG] [http-nio-8080-exec-6] o.s.security.web.FilterChainProxy - Securing GET /css/admin.css
2026-08-27 13:30:28.929 [DEBUG] [http-nio-8080-exec-3] o.s.security.web.FilterChainProxy - Securing GET /js/app-toast.js
2026-08-27 13:30:28.929 [DEBUG] [http-nio-8080-exec-7] o.s.security.web.FilterChainProxy - Securing GET /css/students.css
2026-08-27 13:30:28.929 [DEBUG] [http-nio-8080-exec-6] o.s.s.w.a.AnonymousAuthenticationFilter - Set SecurityContextHolder to anonymous SecurityContext
2026-08-27 13:30:28.931 [DEBUG] [http-nio-8080-exec-7] o.s.s.w.a.AnonymousAuthenticationFilter - Set SecurityContextHolder to anonymous SecurityContext
2026-08-27 13:30:28.931 [DEBUG] [http-nio-8080-exec-3] o.s.s.w.a.AnonymousAuthenticationFilter - Set SecurityContextHolder to anonymous SecurityContext
2026-08-27 13:30:28.931 [DEBUG] [http-nio-8080-exec-7] o.s.security.web.FilterChainProxy - Secured GET /css/students.css
2026-08-27 13:30:28.933 [DEBUG] [http-nio-8080-exec-3] o.s.security.web.FilterChainProxy - Secured GET /js/app-toast.js
2026-08-27 13:30:28.935 [DEBUG] [http-nio-8080-exec-1] o.s.security.web.FilterChainProxy - Securing GET /js/students.js
2026-08-27 13:30:28.935 [DEBUG] [http-nio-8080-exec-6] o.s.security.web.FilterChainProxy - Secured GET /css/admin.css
2026-08-27 13:30:28.935 [DEBUG] [http-nio-8080-exec-1] o.s.s.w.a.AnonymousAuthenticationFilter - Set SecurityContextHolder to anonymous SecurityContext
2026-08-27 13:30:28.933 [DEBUG] [http-nio-8080-exec-5] o.s.security.web.FilterChainProxy - Securing GET /js/auth.js
2026-08-27 13:30:28.935 [DEBUG] [http-nio-8080-exec-1] o.s.security.web.FilterChainProxy - Secured GET /js/students.js
2026-08-27 13:30:28.935 [DEBUG] [http-nio-8080-exec-9] o.s.security.web.FilterChainProxy - Securing GET /js/mobile-sidebar.js
2026-08-27 13:30:28.938 [DEBUG] [http-nio-8080-exec-5] o.s.s.w.a.AnonymousAuthenticationFilter - Set SecurityContextHolder to anonymous SecurityContext
2026-08-27 13:30:28.939 [DEBUG] [http-nio-8080-exec-9] o.s.s.w.a.AnonymousAuthenticationFilter - Set SecurityContextHolder to anonymous SecurityContext
2026-08-27 13:30:28.939 [DEBUG] [http-nio-8080-exec-5] o.s.security.web.FilterChainProxy - Secured GET /js/auth.js
2026-08-27 13:30:28.939 [DEBUG] [http-nio-8080-exec-9] o.s.security.web.FilterChainProxy - Secured GET /js/mobile-sidebar.js
2026-08-27 13:30:29.005 [DEBUG] [http-nio-8080-exec-2] o.s.security.web.FilterChainProxy - Securing GET /api/admin/students
2026-08-27 13:30:29.025 [DEBUG] [http-nio-8080-exec-2] org.hibernate.SQL - 
    select
        u1_0.id,
        u1_0.course,
        u1_0.email,
        u1_0.mobile,
        u1_0.name,
        u1_0.password,
        u1_0.percentage,
        u1_0.role 
    from
        users u1_0 
    where
        u1_0.email=?
2026-08-27 13:30:29.032 [DEBUG] [http-nio-8080-exec-2] c.c.security.JwtAuthenticationFilter - Authenticated user: admin@gmail.com with role: ROLE_ADMIN
2026-08-27 13:30:29.032 [DEBUG] [http-nio-8080-exec-2] o.s.security.web.FilterChainProxy - Secured GET /api/admin/students
2026-08-27 13:30:29.032 [DEBUG] [http-nio-8080-exec-2] c.c.controller.StudentController - REST: Fetching students. page=null, size=10, search=null
2026-08-27 13:30:29.036 [DEBUG] [http-nio-8080-exec-2] c.c.service.impl.StudentServiceImpl - Fetching all students
2026-08-27 13:30:29.042 [DEBUG] [http-nio-8080-exec-2] org.hibernate.SQL - 
    select
        u1_0.id,
        u1_0.course,
        u1_0.email,
        u1_0.mobile,
        u1_0.name,
        u1_0.password,
        u1_0.percentage,
        u1_0.role 
    from
        users u1_0 
    where
        u1_0.role=?
2026-08-27 13:30:29.059 [DEBUG] [http-nio-8080-exec-2] org.hibernate.SQL - 
    select
        count(ta1_0.id) 
    from
        test_attempts ta1_0 
    where
        ta1_0.student_id=?
2026-08-27 13:30:29.082 [DEBUG] [http-nio-8080-exec-2] org.hibernate.SQL - 
    select
        count(ta1_0.id) 
    from
        test_attempts ta1_0 
    where
        ta1_0.student_id=? 
        and ta1_0.status=?
2026-08-27 13:30:29.086 [DEBUG] [http-nio-8080-exec-2] org.hibernate.SQL - 
    select
        count(ta1_0.id) 
    from
        test_attempts ta1_0 
    where
        ta1_0.student_id=? 
        and ta1_0.status=?
2026-08-27 13:30:29.102 [DEBUG] [http-nio-8080-exec-2] org.hibernate.SQL - 
    select
        ar1_0.id,
        ar1_0.attempt_id,
        ar1_0.category,
        ar1_0.completed_at,
        ar1_0.interest_score,
        ar1_0.knowledge_score,
        ar1_0.career_path_id,
        ar1_0.score,
        ar1_0.student_id 
    from
        assessment_results ar1_0 
    where
        ar1_0.student_id=? 
    order by
        ar1_0.completed_at desc 
    limit
        ?
2026-08-27 13:30:29.843 [DEBUG] [http-nio-8080-exec-8] o.s.security.web.FilterChainProxy - Securing GET /results.html
2026-08-27 13:30:29.843 [DEBUG] [http-nio-8080-exec-8] o.s.s.w.a.AnonymousAuthenticationFilter - Set SecurityContextHolder to anonymous SecurityContext
2026-08-27 13:30:29.851 [DEBUG] [http-nio-8080-exec-8] o.s.security.web.FilterChainProxy - Secured GET /results.html
2026-08-27 13:30:29.891 [DEBUG] [http-nio-8080-exec-4] o.s.security.web.FilterChainProxy - Securing GET /css/admin.css
2026-08-27 13:30:29.892 [DEBUG] [http-nio-8080-exec-4] o.s.s.w.a.AnonymousAuthenticationFilter - Set SecurityContextHolder to anonymous SecurityContext
2026-08-27 13:30:29.893 [DEBUG] [http-nio-8080-exec-3] o.s.security.web.FilterChainProxy - Securing GET /js/app-toast.js
2026-08-27 13:30:29.893 [DEBUG] [http-nio-8080-exec-10] o.s.security.web.FilterChainProxy - Securing GET /css/results.css
2026-08-27 13:30:29.893 [DEBUG] [http-nio-8080-exec-10] o.s.s.w.a.AnonymousAuthenticationFilter - Set SecurityContextHolder to anonymous SecurityContext
2026-08-27 13:30:29.894 [DEBUG] [http-nio-8080-exec-3] o.s.s.w.a.AnonymousAuthenticationFilter - Set SecurityContextHolder to anonymous SecurityContext
2026-08-27 13:30:29.894 [DEBUG] [http-nio-8080-exec-10] o.s.security.web.FilterChainProxy - Secured GET /css/results.css
2026-08-27 13:30:29.895 [DEBUG] [http-nio-8080-exec-3] o.s.security.web.FilterChainProxy - Secured GET /js/app-toast.js
2026-08-27 13:30:29.898 [DEBUG] [http-nio-8080-exec-7] o.s.security.web.FilterChainProxy - Securing GET /js/auth.js
2026-08-27 13:30:29.899 [DEBUG] [http-nio-8080-exec-7] o.s.s.w.a.AnonymousAuthenticationFilter - Set SecurityContextHolder to anonymous SecurityContext
2026-08-27 13:30:29.896 [DEBUG] [http-nio-8080-exec-4] o.s.security.web.FilterChainProxy - Secured GET /css/admin.css
2026-08-27 13:30:29.898 [DEBUG] [http-nio-8080-exec-6] o.s.security.web.FilterChainProxy - Securing GET /js/mobile-sidebar.js
2026-08-27 13:30:29.900 [DEBUG] [http-nio-8080-exec-5] o.s.security.web.FilterChainProxy - Securing GET /js/results.js
2026-08-27 13:30:29.902 [DEBUG] [http-nio-8080-exec-6] o.s.s.w.a.AnonymousAuthenticationFilter - Set SecurityContextHolder to anonymous SecurityContext
2026-08-27 13:30:29.903 [DEBUG] [http-nio-8080-exec-5] o.s.s.w.a.AnonymousAuthenticationFilter - Set SecurityContextHolder to anonymous SecurityContext
2026-08-27 13:30:29.902 [DEBUG] [http-nio-8080-exec-7] o.s.security.web.FilterChainProxy - Secured GET /js/auth.js
2026-08-27 13:30:29.905 [DEBUG] [http-nio-8080-exec-6] o.s.security.web.FilterChainProxy - Secured GET /js/mobile-sidebar.js
2026-08-27 13:30:29.905 [DEBUG] [http-nio-8080-exec-5] o.s.security.web.FilterChainProxy - Secured GET /js/results.js
2026-08-27 13:30:29.993 [DEBUG] [http-nio-8080-exec-1] o.s.security.web.FilterChainProxy - Securing GET /api/student/results/all
2026-08-27 13:30:30.012 [DEBUG] [http-nio-8080-exec-1] org.hibernate.SQL - 
    select
        u1_0.id,
        u1_0.course,
        u1_0.email,
        u1_0.mobile,
        u1_0.name,
        u1_0.password,
        u1_0.percentage,
        u1_0.role 
    from
        users u1_0 
    where
        u1_0.email=?
2026-08-27 13:30:30.020 [DEBUG] [http-nio-8080-exec-1] c.c.security.JwtAuthenticationFilter - Authenticated user: admin@gmail.com with role: ROLE_ADMIN
2026-08-27 13:30:30.021 [DEBUG] [http-nio-8080-exec-1] o.s.security.web.FilterChainProxy - Secured GET /api/student/results/all
2026-08-27 13:30:30.026 [DEBUG] [http-nio-8080-exec-1] c.career.controller.ResultController - REST: Fetching all results paged. page=0, size=10
2026-08-27 13:30:30.026 [DEBUG] [http-nio-8080-exec-1] c.c.service.impl.ResultServiceImpl - Fetching all results paged: page=0, size=10
2026-08-27 13:30:30.044 [DEBUG] [http-nio-8080-exec-1] org.hibernate.SQL - 
    select
        ar1_0.id,
        ar1_0.attempt_id,
        ar1_0.category,
        ar1_0.completed_at,
        ar1_0.interest_score,
        ar1_0.knowledge_score,
        ar1_0.career_path_id,
        rc1_0.id,
        rc1_0.career_name,
        rc1_0.category,
        rc1_0.description,
        rc1_0.education,
        rc1_0.salary_range,
        rc1_0.skills,
        ar1_0.score,
        ar1_0.student_id,
        s1_0.id,
        s1_0.course,
        s1_0.email,
        s1_0.mobile,
        s1_0.name,
        s1_0.password,
        s1_0.percentage,
        s1_0.role 
    from
        assessment_results ar1_0 
    join
        users s1_0 
            on s1_0.id=ar1_0.student_id 
    join
        career_paths rc1_0 
            on rc1_0.id=ar1_0.career_path_id 
    order by
        ar1_0.completed_at desc,
        ar1_0.completed_at desc 
    limit
        ?
2026-08-27 13:30:30.752 [DEBUG] [http-nio-8080-exec-9] o.s.security.web.FilterChainProxy - Securing GET /admin-profile.html
2026-08-27 13:30:30.754 [DEBUG] [http-nio-8080-exec-9] o.s.s.w.a.AnonymousAuthenticationFilter - Set SecurityContextHolder to anonymous SecurityContext
2026-08-27 13:30:30.754 [DEBUG] [http-nio-8080-exec-9] o.s.security.web.FilterChainProxy - Secured GET /admin-profile.html
2026-08-27 13:30:30.794 [DEBUG] [http-nio-8080-exec-2] o.s.security.web.FilterChainProxy - Securing GET /css/admin.css
2026-08-27 13:30:30.795 [DEBUG] [http-nio-8080-exec-8] o.s.security.web.FilterChainProxy - Securing GET /css/admin-profile.css
2026-08-27 13:30:30.795 [DEBUG] [http-nio-8080-exec-2] o.s.s.w.a.AnonymousAuthenticationFilter - Set SecurityContextHolder to anonymous SecurityContext
2026-08-27 13:30:30.795 [DEBUG] [http-nio-8080-exec-6] o.s.security.web.FilterChainProxy - Securing GET /js/app-toast.js
2026-08-27 13:30:30.797 [DEBUG] [http-nio-8080-exec-2] o.s.security.web.FilterChainProxy - Secured GET /css/admin.css
2026-08-27 13:30:30.799 [DEBUG] [http-nio-8080-exec-8] o.s.s.w.a.AnonymousAuthenticationFilter - Set SecurityContextHolder to anonymous SecurityContext
2026-08-27 13:30:30.799 [DEBUG] [http-nio-8080-exec-6] o.s.s.w.a.AnonymousAuthenticationFilter - Set SecurityContextHolder to anonymous SecurityContext
2026-08-27 13:30:30.800 [DEBUG] [http-nio-8080-exec-6] o.s.security.web.FilterChainProxy - Secured GET /js/app-toast.js
2026-08-27 13:30:30.800 [DEBUG] [http-nio-8080-exec-5] o.s.security.web.FilterChainProxy - Securing GET /js/mobile-sidebar.js
2026-08-27 13:30:30.800 [DEBUG] [http-nio-8080-exec-5] o.s.s.w.a.AnonymousAuthenticationFilter - Set SecurityContextHolder to anonymous SecurityContext
2026-08-27 13:30:30.800 [DEBUG] [http-nio-8080-exec-10] o.s.security.web.FilterChainProxy - Securing GET /js/auth.js
2026-08-27 13:30:30.800 [DEBUG] [http-nio-8080-exec-5] o.s.security.web.FilterChainProxy - Secured GET /js/mobile-sidebar.js
2026-08-27 13:30:30.802 [DEBUG] [http-nio-8080-exec-10] o.s.s.w.a.AnonymousAuthenticationFilter - Set SecurityContextHolder to anonymous SecurityContext
2026-08-27 13:30:30.802 [DEBUG] [http-nio-8080-exec-8] o.s.security.web.FilterChainProxy - Secured GET /css/admin-profile.css
2026-08-27 13:30:30.802 [DEBUG] [http-nio-8080-exec-7] o.s.security.web.FilterChainProxy - Securing GET /js/admin-profile.js
2026-08-27 13:30:30.804 [DEBUG] [http-nio-8080-exec-10] o.s.security.web.FilterChainProxy - Secured GET /js/auth.js
2026-08-27 13:30:30.804 [DEBUG] [http-nio-8080-exec-7] o.s.s.w.a.AnonymousAuthenticationFilter - Set SecurityContextHolder to anonymous SecurityContext
2026-08-27 13:30:30.806 [DEBUG] [http-nio-8080-exec-7] o.s.security.web.FilterChainProxy - Secured GET /js/admin-profile.js
2026-08-27 13:30:30.856 [DEBUG] [http-nio-8080-exec-4] o.s.security.web.FilterChainProxy - Securing GET /api/admin/profile
2026-08-27 13:30:30.870 [DEBUG] [http-nio-8080-exec-4] org.hibernate.SQL - 
    select
        u1_0.id,
        u1_0.course,
        u1_0.email,
        u1_0.mobile,
        u1_0.name,
        u1_0.password,
        u1_0.percentage,
        u1_0.role 
    from
        users u1_0 
    where
        u1_0.email=?
2026-08-27 13:30:30.870 [DEBUG] [http-nio-8080-exec-4] c.c.security.JwtAuthenticationFilter - Authenticated user: admin@gmail.com with role: ROLE_ADMIN
2026-08-27 13:30:30.870 [DEBUG] [http-nio-8080-exec-4] o.s.security.web.FilterChainProxy - Secured GET /api/admin/profile
2026-08-27 13:30:30.876 [DEBUG] [http-nio-8080-exec-4] org.hibernate.SQL - 
    select
        u1_0.id,
        u1_0.course,
        u1_0.email,
        u1_0.mobile,
        u1_0.name,
        u1_0.password,
        u1_0.percentage,
        u1_0.role 
    from
        users u1_0 
    where
        u1_0.email=?
2026-08-27 13:30:35.151 [DEBUG] [http-nio-8080-exec-3] o.s.security.web.FilterChainProxy - Securing GET /admin-login.html
2026-08-27 13:30:35.153 [DEBUG] [http-nio-8080-exec-3] o.s.s.w.a.AnonymousAuthenticationFilter - Set SecurityContextHolder to anonymous SecurityContext
2026-08-27 13:30:35.153 [DEBUG] [http-nio-8080-exec-3] o.s.security.web.FilterChainProxy - Secured GET /admin-login.html
2026-08-27 13:30:35.190 [DEBUG] [http-nio-8080-exec-1] o.s.security.web.FilterChainProxy - Securing GET /css/admin-login.css
2026-08-27 13:30:35.192 [DEBUG] [http-nio-8080-exec-9] o.s.security.web.FilterChainProxy - Securing GET /js/app-toast.js
2026-08-27 13:30:35.192 [DEBUG] [http-nio-8080-exec-1] o.s.s.w.a.AnonymousAuthenticationFilter - Set SecurityContextHolder to anonymous SecurityContext
2026-08-27 13:30:35.192 [DEBUG] [http-nio-8080-exec-9] o.s.s.w.a.AnonymousAuthenticationFilter - Set SecurityContextHolder to anonymous SecurityContext
2026-08-27 13:30:35.192 [DEBUG] [http-nio-8080-exec-1] o.s.security.web.FilterChainProxy - Secured GET /css/admin-login.css
2026-08-27 13:30:35.192 [DEBUG] [http-nio-8080-exec-9] o.s.security.web.FilterChainProxy - Secured GET /js/app-toast.js
2026-08-27 13:30:35.195 [DEBUG] [http-nio-8080-exec-6] o.s.security.web.FilterChainProxy - Securing GET /js/auth.js
2026-08-27 13:30:35.197 [DEBUG] [http-nio-8080-exec-6] o.s.s.w.a.AnonymousAuthenticationFilter - Set SecurityContextHolder to anonymous SecurityContext
2026-08-27 13:30:35.198 [DEBUG] [http-nio-8080-exec-6] o.s.security.web.FilterChainProxy - Secured GET /js/auth.js
2026-08-27 13:30:37.287 [DEBUG] [http-nio-8080-exec-2] o.s.security.web.FilterChainProxy - Securing GET /student-login.html
2026-08-27 13:30:37.287 [DEBUG] [http-nio-8080-exec-2] o.s.s.w.a.AnonymousAuthenticationFilter - Set SecurityContextHolder to anonymous SecurityContext
2026-08-27 13:30:37.293 [DEBUG] [http-nio-8080-exec-2] o.s.security.web.FilterChainProxy - Secured GET /student-login.html
2026-08-27 13:30:37.325 [DEBUG] [http-nio-8080-exec-5] o.s.security.web.FilterChainProxy - Securing GET /css/student-auth.css
2026-08-27 13:30:37.325 [DEBUG] [http-nio-8080-exec-10] o.s.security.web.FilterChainProxy - Securing GET /js/app-toast.js
2026-08-27 13:30:37.325 [DEBUG] [http-nio-8080-exec-5] o.s.s.w.a.AnonymousAuthenticationFilter - Set SecurityContextHolder to anonymous SecurityContext
2026-08-27 13:30:37.325 [DEBUG] [http-nio-8080-exec-10] o.s.s.w.a.AnonymousAuthenticationFilter - Set SecurityContextHolder to anonymous SecurityContext
2026-08-27 13:30:37.325 [DEBUG] [http-nio-8080-exec-5] o.s.security.web.FilterChainProxy - Secured GET /css/student-auth.css
2026-08-27 13:30:37.327 [DEBUG] [http-nio-8080-exec-8] o.s.security.web.FilterChainProxy - Securing GET /js/auth.js
2026-08-27 13:30:37.327 [DEBUG] [http-nio-8080-exec-8] o.s.s.w.a.AnonymousAuthenticationFilter - Set SecurityContextHolder to anonymous SecurityContext
2026-08-27 13:30:37.327 [DEBUG] [http-nio-8080-exec-10] o.s.security.web.FilterChainProxy - Secured GET /js/app-toast.js
2026-08-27 13:30:37.327 [DEBUG] [http-nio-8080-exec-8] o.s.security.web.FilterChainProxy - Secured GET /js/auth.js
2026-08-27 13:30:40.515 [DEBUG] [http-nio-8080-exec-7] o.s.security.web.FilterChainProxy - Securing POST /api/auth/login
2026-08-27 13:30:40.518 [DEBUG] [http-nio-8080-exec-7] o.s.s.w.a.AnonymousAuthenticationFilter - Set SecurityContextHolder to anonymous SecurityContext
2026-08-27 13:30:40.518 [DEBUG] [http-nio-8080-exec-7] o.s.security.web.FilterChainProxy - Secured POST /api/auth/login
2026-08-27 13:30:40.521 [INFO ] [http-nio-8080-exec-7] c.career.controller.AuthController - REST: Student login request for email dhruvyelmame6@gmail.com
2026-08-27 13:30:40.524 [DEBUG] [http-nio-8080-exec-7] c.c.service.impl.AuthServiceImpl - Authenticating student: dhruvyelmame6@gmail.com
2026-08-27 13:30:40.528 [DEBUG] [http-nio-8080-exec-7] org.hibernate.SQL - 
    select
        u1_0.id,
        u1_0.course,
        u1_0.email,
        u1_0.mobile,
        u1_0.name,
        u1_0.password,
        u1_0.percentage,
        u1_0.role 
    from
        users u1_0 
    where
        u1_0.email=?
2026-08-27 13:30:40.873 [INFO ] [http-nio-8080-exec-7] c.c.service.impl.AuthServiceImpl - Student dhruvyelmame6@gmail.com logged in successfully
2026-08-27 13:30:40.873 [DEBUG] [http-nio-8080-exec-7] com.career.security.JwtService - Generating JWT token for email: dhruvyelmame6@gmail.com with role: STUDENT
2026-08-27 13:30:41.308 [DEBUG] [http-nio-8080-exec-4] o.s.security.web.FilterChainProxy - Securing GET /student-dashboard.html
2026-08-27 13:30:41.308 [DEBUG] [http-nio-8080-exec-4] o.s.s.w.a.AnonymousAuthenticationFilter - Set SecurityContextHolder to anonymous SecurityContext
2026-08-27 13:30:41.308 [DEBUG] [http-nio-8080-exec-4] o.s.security.web.FilterChainProxy - Secured GET /student-dashboard.html
2026-08-27 13:30:41.348 [DEBUG] [http-nio-8080-exec-3] o.s.security.web.FilterChainProxy - Securing GET /css/student.css
2026-08-27 13:30:41.349 [DEBUG] [http-nio-8080-exec-3] o.s.s.w.a.AnonymousAuthenticationFilter - Set SecurityContextHolder to anonymous SecurityContext
2026-08-27 13:30:41.349 [DEBUG] [http-nio-8080-exec-3] o.s.security.web.FilterChainProxy - Secured GET /css/student.css
2026-08-27 13:30:41.351 [DEBUG] [http-nio-8080-exec-9] o.s.security.web.FilterChainProxy - Securing GET /js/app-toast.js
2026-08-27 13:30:41.351 [DEBUG] [http-nio-8080-exec-9] o.s.s.w.a.AnonymousAuthenticationFilter - Set SecurityContextHolder to anonymous SecurityContext
2026-08-27 13:30:41.351 [DEBUG] [http-nio-8080-exec-1] o.s.security.web.FilterChainProxy - Securing GET /js/auth.js
2026-08-27 13:30:41.353 [DEBUG] [http-nio-8080-exec-1] o.s.s.w.a.AnonymousAuthenticationFilter - Set SecurityContextHolder to anonymous SecurityContext
2026-08-27 13:30:41.353 [DEBUG] [http-nio-8080-exec-9] o.s.security.web.FilterChainProxy - Secured GET /js/app-toast.js
2026-08-27 13:30:41.354 [DEBUG] [http-nio-8080-exec-1] o.s.security.web.FilterChainProxy - Secured GET /js/auth.js
2026-08-27 13:30:41.355 [DEBUG] [http-nio-8080-exec-6] o.s.security.web.FilterChainProxy - Securing GET /js/student-common.js
2026-08-27 13:30:41.356 [DEBUG] [http-nio-8080-exec-2] o.s.security.web.FilterChainProxy - Securing GET /js/student-dashboard.js
2026-08-27 13:30:41.356 [DEBUG] [http-nio-8080-exec-2] o.s.s.w.a.AnonymousAuthenticationFilter - Set SecurityContextHolder to anonymous SecurityContext
2026-08-27 13:30:41.356 [DEBUG] [http-nio-8080-exec-6] o.s.s.w.a.AnonymousAuthenticationFilter - Set SecurityContextHolder to anonymous SecurityContext
2026-08-27 13:30:41.356 [DEBUG] [http-nio-8080-exec-2] o.s.security.web.FilterChainProxy - Secured GET /js/student-dashboard.js
2026-08-27 13:30:41.358 [DEBUG] [http-nio-8080-exec-6] o.s.security.web.FilterChainProxy - Secured GET /js/student-common.js
2026-08-27 13:30:41.639 [DEBUG] [http-nio-8080-exec-10] o.s.security.web.FilterChainProxy - Securing GET /api/student/profile
2026-08-27 13:30:41.651 [DEBUG] [http-nio-8080-exec-10] org.hibernate.SQL - 
    select
        u1_0.id,
        u1_0.course,
        u1_0.email,
        u1_0.mobile,
        u1_0.name,
        u1_0.password,
        u1_0.percentage,
        u1_0.role 
    from
        users u1_0 
    where
        u1_0.email=?
2026-08-27 13:30:41.654 [DEBUG] [http-nio-8080-exec-10] c.c.security.JwtAuthenticationFilter - Authenticated user: dhruvyelmame6@gmail.com with role: ROLE_STUDENT
2026-08-27 13:30:41.654 [DEBUG] [http-nio-8080-exec-10] o.s.security.web.FilterChainProxy - Secured GET /api/student/profile
2026-08-27 13:30:41.660 [DEBUG] [http-nio-8080-exec-10] org.hibernate.SQL - 
    select
        u1_0.id,
        u1_0.course,
        u1_0.email,
        u1_0.mobile,
        u1_0.name,
        u1_0.password,
        u1_0.percentage,
        u1_0.role 
    from
        users u1_0 
    where
        u1_0.email=?
2026-08-27 13:30:41.674 [DEBUG] [http-nio-8080-exec-8] o.s.security.web.FilterChainProxy - Securing GET /api/student/profile
2026-08-27 13:30:41.682 [DEBUG] [http-nio-8080-exec-8] org.hibernate.SQL - 
    select
        u1_0.id,
        u1_0.course,
        u1_0.email,
        u1_0.mobile,
        u1_0.name,
        u1_0.password,
        u1_0.percentage,
        u1_0.role 
    from
        users u1_0 
    where
        u1_0.email=?
2026-08-27 13:30:41.687 [DEBUG] [http-nio-8080-exec-8] c.c.security.JwtAuthenticationFilter - Authenticated user: dhruvyelmame6@gmail.com with role: ROLE_STUDENT
2026-08-27 13:30:41.688 [DEBUG] [http-nio-8080-exec-8] o.s.security.web.FilterChainProxy - Secured GET /api/student/profile
2026-08-27 13:30:41.692 [DEBUG] [http-nio-8080-exec-8] org.hibernate.SQL - 
    select
        u1_0.id,
        u1_0.course,
        u1_0.email,
        u1_0.mobile,
        u1_0.name,
        u1_0.password,
        u1_0.percentage,
        u1_0.role 
    from
        users u1_0 
    where
        u1_0.email=?
2026-08-27 13:30:41.709 [DEBUG] [http-nio-8080-exec-7] o.s.security.web.FilterChainProxy - Securing GET /api/student/tests
2026-08-27 13:30:41.709 [DEBUG] [http-nio-8080-exec-4] o.s.security.web.FilterChainProxy - Securing GET /api/student/tests/my-attempts
2026-08-27 13:30:41.709 [DEBUG] [http-nio-8080-exec-5] o.s.security.web.FilterChainProxy - Securing GET /api/student/stats?studentId=2
2026-08-27 13:30:41.713 [DEBUG] [http-nio-8080-exec-9] o.s.security.web.FilterChainProxy - Securing GET /api/student/results/my-results
2026-08-27 13:30:41.721 [DEBUG] [http-nio-8080-exec-7] org.hibernate.SQL - 
    select
        u1_0.id,
        u1_0.course,
        u1_0.email,
        u1_0.mobile,
        u1_0.name,
        u1_0.password,
        u1_0.percentage,
        u1_0.role 
    from
        users u1_0 
    where
        u1_0.email=?
2026-08-27 13:30:41.721 [DEBUG] [http-nio-8080-exec-5] org.hibernate.SQL - 
    select
        u1_0.id,
        u1_0.course,
        u1_0.email,
        u1_0.mobile,
        u1_0.name,
        u1_0.password,
        u1_0.percentage,
        u1_0.role 
    from
        users u1_0 
    where
        u1_0.email=?
2026-08-27 13:30:41.725 [DEBUG] [http-nio-8080-exec-7] c.c.security.JwtAuthenticationFilter - Authenticated user: dhruvyelmame6@gmail.com with role: ROLE_STUDENT
2026-08-27 13:30:41.725 [DEBUG] [http-nio-8080-exec-4] org.hibernate.SQL - 
    select
        u1_0.id,
        u1_0.course,
        u1_0.email,
        u1_0.mobile,
        u1_0.name,
        u1_0.password,
        u1_0.percentage,
        u1_0.role 
    from
        users u1_0 
    where
        u1_0.email=?
2026-08-27 13:30:41.725 [DEBUG] [http-nio-8080-exec-7] o.s.security.web.FilterChainProxy - Secured GET /api/student/tests
2026-08-27 13:30:41.725 [DEBUG] [http-nio-8080-exec-5] c.c.security.JwtAuthenticationFilter - Authenticated user: dhruvyelmame6@gmail.com with role: ROLE_STUDENT
2026-08-27 13:30:41.727 [DEBUG] [http-nio-8080-exec-5] o.s.security.web.FilterChainProxy - Secured GET /api/student/stats?studentId=2
2026-08-27 13:30:41.727 [DEBUG] [http-nio-8080-exec-9] org.hibernate.SQL - 
    select
        u1_0.id,
        u1_0.course,
        u1_0.email,
        u1_0.mobile,
        u1_0.name,
        u1_0.password,
        u1_0.percentage,
        u1_0.role 
    from
        users u1_0 
    where
        u1_0.email=?
2026-08-27 13:30:41.728 [DEBUG] [http-nio-8080-exec-4] c.c.security.JwtAuthenticationFilter - Authenticated user: dhruvyelmame6@gmail.com with role: ROLE_STUDENT
2026-08-27 13:30:41.728 [DEBUG] [http-nio-8080-exec-4] o.s.security.web.FilterChainProxy - Secured GET /api/student/tests/my-attempts
2026-08-27 13:30:41.731 [DEBUG] [http-nio-8080-exec-5] org.hibernate.SQL - 
    select
        count(t1_0.id) 
    from
        tests t1_0 
    where
        t1_0.active=true
2026-08-27 13:30:41.732 [DEBUG] [http-nio-8080-exec-9] c.c.security.JwtAuthenticationFilter - Authenticated user: dhruvyelmame6@gmail.com with role: ROLE_STUDENT
2026-08-27 13:30:41.732 [DEBUG] [http-nio-8080-exec-9] o.s.security.web.FilterChainProxy - Secured GET /api/student/results/my-results
2026-08-27 13:30:41.732 [DEBUG] [http-nio-8080-exec-4] org.hibernate.SQL - 
    select
        u1_0.id,
        u1_0.course,
        u1_0.email,
        u1_0.mobile,
        u1_0.name,
        u1_0.password,
        u1_0.percentage,
        u1_0.role 
    from
        users u1_0 
    where
        u1_0.email=?
2026-08-27 13:30:41.734 [DEBUG] [http-nio-8080-exec-5] org.hibernate.SQL - 
    select
        count(ta1_0.id) 
    from
        test_attempts ta1_0 
    where
        ta1_0.student_id=?
2026-08-27 13:30:41.734 [DEBUG] [http-nio-8080-exec-9] org.hibernate.SQL - 
    select
        u1_0.id,
        u1_0.course,
        u1_0.email,
        u1_0.mobile,
        u1_0.name,
        u1_0.password,
        u1_0.percentage,
        u1_0.role 
    from
        users u1_0 
    where
        u1_0.email=?
2026-08-27 13:30:41.736 [DEBUG] [http-nio-8080-exec-9] c.career.controller.ResultController - REST: Fetching authenticated results for student ID 2
2026-08-27 13:30:41.736 [DEBUG] [http-nio-8080-exec-9] c.c.service.impl.ResultServiceImpl - Fetching assessment results for student ID: 2
2026-08-27 13:30:41.736 [DEBUG] [http-nio-8080-exec-5] org.hibernate.SQL - 
    select
        count(ta1_0.id) 
    from
        test_attempts ta1_0 
    where
        ta1_0.student_id=? 
        and ta1_0.status=?
2026-08-27 13:30:41.738 [DEBUG] [http-nio-8080-exec-4] org.hibernate.SQL - 
    select
        ta1_0.id,
        ta1_0.score,
        ta1_0.started_at,
        ta1_0.status,
        ta1_0.student_id,
        ta1_0.submitted_at,
        ta1_0.test_id 
    from
        test_attempts ta1_0 
    where
        ta1_0.student_id=? 
    order by
        ta1_0.started_at desc
2026-08-27 13:30:41.740 [DEBUG] [http-nio-8080-exec-9] org.hibernate.SQL - 
    select
        ar1_0.id,
        ar1_0.attempt_id,
        ar1_0.category,
        ar1_0.completed_at,
        ar1_0.interest_score,
        ar1_0.knowledge_score,
        ar1_0.career_path_id,
        ar1_0.score,
        ar1_0.student_id 
    from
        assessment_results ar1_0 
    where
        ar1_0.student_id=? 
    order by
        ar1_0.completed_at desc
2026-08-27 13:30:48.712 [DEBUG] [http-nio-8080-exec-1] o.s.security.web.FilterChainProxy - Securing GET /available-tests.html
2026-08-27 13:30:48.712 [DEBUG] [http-nio-8080-exec-1] o.s.s.w.a.AnonymousAuthenticationFilter - Set SecurityContextHolder to anonymous SecurityContext
2026-08-27 13:30:48.712 [DEBUG] [http-nio-8080-exec-1] o.s.security.web.FilterChainProxy - Secured GET /available-tests.html
2026-08-27 13:30:48.761 [DEBUG] [http-nio-8080-exec-6] o.s.security.web.FilterChainProxy - Securing GET /js/auth.js
2026-08-27 13:30:48.761 [DEBUG] [http-nio-8080-exec-2] o.s.security.web.FilterChainProxy - Securing GET /js/app-toast.js
2026-08-27 13:30:48.760 [DEBUG] [http-nio-8080-exec-3] o.s.security.web.FilterChainProxy - Securing GET /css/student.css
2026-08-27 13:30:48.763 [DEBUG] [http-nio-8080-exec-3] o.s.s.w.a.AnonymousAuthenticationFilter - Set SecurityContextHolder to anonymous SecurityContext
2026-08-27 13:30:48.763 [DEBUG] [http-nio-8080-exec-2] o.s.s.w.a.AnonymousAuthenticationFilter - Set SecurityContextHolder to anonymous SecurityContext
2026-08-27 13:30:48.763 [DEBUG] [http-nio-8080-exec-3] o.s.security.web.FilterChainProxy - Secured GET /css/student.css
2026-08-27 13:30:48.763 [DEBUG] [http-nio-8080-exec-6] o.s.s.w.a.AnonymousAuthenticationFilter - Set SecurityContextHolder to anonymous SecurityContext
2026-08-27 13:30:48.766 [DEBUG] [http-nio-8080-exec-10] o.s.security.web.FilterChainProxy - Securing GET /js/student-common.js
2026-08-27 13:30:48.765 [DEBUG] [http-nio-8080-exec-6] o.s.security.web.FilterChainProxy - Secured GET /js/auth.js
2026-08-27 13:30:48.768 [DEBUG] [http-nio-8080-exec-10] o.s.s.w.a.AnonymousAuthenticationFilter - Set SecurityContextHolder to anonymous SecurityContext
2026-08-27 13:30:48.770 [DEBUG] [http-nio-8080-exec-10] o.s.security.web.FilterChainProxy - Secured GET /js/student-common.js
2026-08-27 13:30:48.765 [DEBUG] [http-nio-8080-exec-2] o.s.security.web.FilterChainProxy - Secured GET /js/app-toast.js
2026-08-27 13:30:48.771 [DEBUG] [http-nio-8080-exec-8] o.s.security.web.FilterChainProxy - Securing GET /js/available-tests.js
2026-08-27 13:30:48.773 [DEBUG] [http-nio-8080-exec-8] o.s.s.w.a.AnonymousAuthenticationFilter - Set SecurityContextHolder to anonymous SecurityContext
2026-08-27 13:30:48.774 [DEBUG] [http-nio-8080-exec-8] o.s.security.web.FilterChainProxy - Secured GET /js/available-tests.js
2026-08-27 13:30:48.849 [DEBUG] [http-nio-8080-exec-7] o.s.security.web.FilterChainProxy - Securing GET /api/student/profile
2026-08-27 13:30:48.855 [DEBUG] [http-nio-8080-exec-5] o.s.security.web.FilterChainProxy - Securing GET /api/student/tests
2026-08-27 13:30:48.857 [DEBUG] [http-nio-8080-exec-9] o.s.security.web.FilterChainProxy - Securing GET /api/student/results/my-results
2026-08-27 13:30:48.861 [DEBUG] [http-nio-8080-exec-4] o.s.security.web.FilterChainProxy - Securing GET /api/student/tests/my-attempts
2026-08-27 13:30:48.881 [DEBUG] [http-nio-8080-exec-5] org.hibernate.SQL - 
    select
        u1_0.id,
        u1_0.course,
        u1_0.email,
        u1_0.mobile,
        u1_0.name,
        u1_0.password,
        u1_0.percentage,
        u1_0.role 
    from
        users u1_0 
    where
        u1_0.email=?
2026-08-27 13:30:48.890 [DEBUG] [http-nio-8080-exec-5] c.c.security.JwtAuthenticationFilter - Authenticated user: dhruvyelmame6@gmail.com with role: ROLE_STUDENT
2026-08-27 13:30:48.890 [DEBUG] [http-nio-8080-exec-9] org.hibernate.SQL - 
    select
        u1_0.id,
        u1_0.course,
        u1_0.email,
        u1_0.mobile,
        u1_0.name,
        u1_0.password,
        u1_0.percentage,
        u1_0.role 
    from
        users u1_0 
    where
        u1_0.email=?
2026-08-27 13:30:48.891 [DEBUG] [http-nio-8080-exec-5] o.s.security.web.FilterChainProxy - Secured GET /api/student/tests
2026-08-27 13:30:48.894 [DEBUG] [http-nio-8080-exec-7] org.hibernate.SQL - 
    select
        u1_0.id,
        u1_0.course,
        u1_0.email,
        u1_0.mobile,
        u1_0.name,
        u1_0.password,
        u1_0.percentage,
        u1_0.role 
    from
        users u1_0 
    where
        u1_0.email=?
2026-08-27 13:30:48.896 [DEBUG] [http-nio-8080-exec-9] c.c.security.JwtAuthenticationFilter - Authenticated user: dhruvyelmame6@gmail.com with role: ROLE_STUDENT
2026-08-27 13:30:48.898 [DEBUG] [http-nio-8080-exec-9] o.s.security.web.FilterChainProxy - Secured GET /api/student/results/my-results
2026-08-27 13:30:48.903 [DEBUG] [http-nio-8080-exec-9] org.hibernate.SQL - 
    select
        u1_0.id,
        u1_0.course,
        u1_0.email,
        u1_0.mobile,
        u1_0.name,
        u1_0.password,
        u1_0.percentage,
        u1_0.role 
    from
        users u1_0 
    where
        u1_0.email=?
2026-08-27 13:30:48.907 [DEBUG] [http-nio-8080-exec-4] org.hibernate.SQL - 
    select
        u1_0.id,
        u1_0.course,
        u1_0.email,
        u1_0.mobile,
        u1_0.name,
        u1_0.password,
        u1_0.percentage,
        u1_0.role 
    from
        users u1_0 
    where
        u1_0.email=?
2026-08-27 13:30:48.911 [DEBUG] [http-nio-8080-exec-7] c.c.security.JwtAuthenticationFilter - Authenticated user: dhruvyelmame6@gmail.com with role: ROLE_STUDENT
2026-08-27 13:30:48.911 [DEBUG] [http-nio-8080-exec-9] c.career.controller.ResultController - REST: Fetching authenticated results for student ID 2
2026-08-27 13:30:48.911 [DEBUG] [http-nio-8080-exec-9] c.c.service.impl.ResultServiceImpl - Fetching assessment results for student ID: 2
2026-08-27 13:30:48.913 [DEBUG] [http-nio-8080-exec-9] org.hibernate.SQL - 
    select
        ar1_0.id,
        ar1_0.attempt_id,
        ar1_0.category,
        ar1_0.completed_at,
        ar1_0.interest_score,
        ar1_0.knowledge_score,
        ar1_0.career_path_id,
        ar1_0.score,
        ar1_0.student_id 
    from
        assessment_results ar1_0 
    where
        ar1_0.student_id=? 
    order by
        ar1_0.completed_at desc
2026-08-27 13:30:48.913 [DEBUG] [http-nio-8080-exec-4] c.c.security.JwtAuthenticationFilter - Authenticated user: dhruvyelmame6@gmail.com with role: ROLE_STUDENT
2026-08-27 13:30:48.913 [DEBUG] [http-nio-8080-exec-7] o.s.security.web.FilterChainProxy - Secured GET /api/student/profile
2026-08-27 13:30:48.913 [DEBUG] [http-nio-8080-exec-4] o.s.security.web.FilterChainProxy - Secured GET /api/student/tests/my-attempts
2026-08-27 13:30:48.918 [DEBUG] [http-nio-8080-exec-7] org.hibernate.SQL - 
    select
        u1_0.id,
        u1_0.course,
        u1_0.email,
        u1_0.mobile,
        u1_0.name,
        u1_0.password,
        u1_0.percentage,
        u1_0.role 
    from
        users u1_0 
    where
        u1_0.email=?
2026-08-27 13:30:48.923 [DEBUG] [http-nio-8080-exec-4] org.hibernate.SQL - 
    select
        u1_0.id,
        u1_0.course,
        u1_0.email,
        u1_0.mobile,
        u1_0.name,
        u1_0.password,
        u1_0.percentage,
        u1_0.role 
    from
        users u1_0 
    where
        u1_0.email=?
2026-08-27 13:30:48.938 [DEBUG] [http-nio-8080-exec-4] org.hibernate.SQL - 
    select
        ta1_0.id,
        ta1_0.score,
        ta1_0.started_at,
        ta1_0.status,
        ta1_0.student_id,
        ta1_0.submitted_at,
        ta1_0.test_id 
    from
        test_attempts ta1_0 
    where
        ta1_0.student_id=? 
    order by
        ta1_0.started_at desc
2026-08-27 13:30:49.818 [DEBUG] [http-nio-8080-exec-1] o.s.security.web.FilterChainProxy - Securing GET /student-results.html
2026-08-27 13:30:49.821 [DEBUG] [http-nio-8080-exec-1] o.s.s.w.a.AnonymousAuthenticationFilter - Set SecurityContextHolder to anonymous SecurityContext
2026-08-27 13:30:49.821 [DEBUG] [http-nio-8080-exec-1] o.s.security.web.FilterChainProxy - Secured GET /student-results.html
2026-08-27 13:30:49.859 [DEBUG] [http-nio-8080-exec-10] o.s.security.web.FilterChainProxy - Securing GET /css/student.css
2026-08-27 13:30:49.863 [DEBUG] [http-nio-8080-exec-10] o.s.s.w.a.AnonymousAuthenticationFilter - Set SecurityContextHolder to anonymous SecurityContext
2026-08-27 13:30:49.865 [DEBUG] [http-nio-8080-exec-2] o.s.security.web.FilterChainProxy - Securing GET /js/app-toast.js
2026-08-27 13:30:49.865 [DEBUG] [http-nio-8080-exec-6] o.s.security.web.FilterChainProxy - Securing GET /js/auth.js
2026-08-27 13:30:49.867 [DEBUG] [http-nio-8080-exec-10] o.s.security.web.FilterChainProxy - Secured GET /css/student.css
2026-08-27 13:30:49.867 [DEBUG] [http-nio-8080-exec-2] o.s.s.w.a.AnonymousAuthenticationFilter - Set SecurityContextHolder to anonymous SecurityContext
2026-08-27 13:30:49.867 [DEBUG] [http-nio-8080-exec-6] o.s.s.w.a.AnonymousAuthenticationFilter - Set SecurityContextHolder to anonymous SecurityContext
2026-08-27 13:30:49.868 [DEBUG] [http-nio-8080-exec-2] o.s.security.web.FilterChainProxy - Secured GET /js/app-toast.js
2026-08-27 13:30:49.868 [DEBUG] [http-nio-8080-exec-6] o.s.security.web.FilterChainProxy - Secured GET /js/auth.js
2026-08-27 13:30:49.874 [DEBUG] [http-nio-8080-exec-8] o.s.security.web.FilterChainProxy - Securing GET /js/student-common.js
2026-08-27 13:30:49.874 [DEBUG] [http-nio-8080-exec-3] o.s.security.web.FilterChainProxy - Securing GET /js/student-results.js
2026-08-27 13:30:49.876 [DEBUG] [http-nio-8080-exec-8] o.s.s.w.a.AnonymousAuthenticationFilter - Set SecurityContextHolder to anonymous SecurityContext
2026-08-27 13:30:49.878 [DEBUG] [http-nio-8080-exec-8] o.s.security.web.FilterChainProxy - Secured GET /js/student-common.js
2026-08-27 13:30:49.878 [DEBUG] [http-nio-8080-exec-3] o.s.s.w.a.AnonymousAuthenticationFilter - Set SecurityContextHolder to anonymous SecurityContext
2026-08-27 13:30:49.878 [DEBUG] [http-nio-8080-exec-3] o.s.security.web.FilterChainProxy - Secured GET /js/student-results.js
2026-08-27 13:30:49.947 [DEBUG] [http-nio-8080-exec-5] o.s.security.web.FilterChainProxy - Securing GET /api/student/profile
2026-08-27 13:30:49.952 [DEBUG] [http-nio-8080-exec-9] o.s.security.web.FilterChainProxy - Securing GET /api/student/results/my-results
2026-08-27 13:30:49.972 [DEBUG] [http-nio-8080-exec-5] org.hibernate.SQL - 
    select
        u1_0.id,
        u1_0.course,
        u1_0.email,
        u1_0.mobile,
        u1_0.name,
        u1_0.password,
        u1_0.percentage,
        u1_0.role 
    from
        users u1_0 
    where
        u1_0.email=?
2026-08-27 13:30:49.974 [DEBUG] [http-nio-8080-exec-9] org.hibernate.SQL - 
    select
        u1_0.id,
        u1_0.course,
        u1_0.email,
        u1_0.mobile,
        u1_0.name,
        u1_0.password,
        u1_0.percentage,
        u1_0.role 
    from
        users u1_0 
    where
        u1_0.email=?
2026-08-27 13:30:49.979 [DEBUG] [http-nio-8080-exec-5] c.c.security.JwtAuthenticationFilter - Authenticated user: dhruvyelmame6@gmail.com with role: ROLE_STUDENT
2026-08-27 13:30:49.979 [DEBUG] [http-nio-8080-exec-9] c.c.security.JwtAuthenticationFilter - Authenticated user: dhruvyelmame6@gmail.com with role: ROLE_STUDENT
2026-08-27 13:30:49.979 [DEBUG] [http-nio-8080-exec-9] o.s.security.web.FilterChainProxy - Secured GET /api/student/results/my-results
2026-08-27 13:30:49.979 [DEBUG] [http-nio-8080-exec-5] o.s.security.web.FilterChainProxy - Secured GET /api/student/profile
2026-08-27 13:30:49.988 [DEBUG] [http-nio-8080-exec-5] org.hibernate.SQL - 
    select
        u1_0.id,
        u1_0.course,
        u1_0.email,
        u1_0.mobile,
        u1_0.name,
        u1_0.password,
        u1_0.percentage,
        u1_0.role 
    from
        users u1_0 
    where
        u1_0.email=?
2026-08-27 13:30:49.988 [DEBUG] [http-nio-8080-exec-9] org.hibernate.SQL - 
    select
        u1_0.id,
        u1_0.course,
        u1_0.email,
        u1_0.mobile,
        u1_0.name,
        u1_0.password,
        u1_0.percentage,
        u1_0.role 
    from
        users u1_0 
    where
        u1_0.email=?
2026-08-27 13:30:49.988 [DEBUG] [http-nio-8080-exec-9] c.career.controller.ResultController - REST: Fetching authenticated results for student ID 2
2026-08-27 13:30:49.988 [DEBUG] [http-nio-8080-exec-9] c.c.service.impl.ResultServiceImpl - Fetching assessment results for student ID: 2
2026-08-27 13:30:49.994 [DEBUG] [http-nio-8080-exec-9] org.hibernate.SQL - 
    select
        ar1_0.id,
        ar1_0.attempt_id,
        ar1_0.category,
        ar1_0.completed_at,
        ar1_0.interest_score,
        ar1_0.knowledge_score,
        ar1_0.career_path_id,
        ar1_0.score,
        ar1_0.student_id 
    from
        assessment_results ar1_0 
    where
        ar1_0.student_id=? 
    order by
        ar1_0.completed_at desc
2026-08-27 13:30:50.779 [DEBUG] [http-nio-8080-exec-7] o.s.security.web.FilterChainProxy - Securing GET /career-paths-student.html
2026-08-27 13:30:50.779 [DEBUG] [http-nio-8080-exec-7] o.s.s.w.a.AnonymousAuthenticationFilter - Set SecurityContextHolder to anonymous SecurityContext
2026-08-27 13:30:50.779 [DEBUG] [http-nio-8080-exec-7] o.s.security.web.FilterChainProxy - Secured GET /career-paths-student.html
2026-08-27 13:30:50.825 [DEBUG] [http-nio-8080-exec-4] o.s.security.web.FilterChainProxy - Securing GET /css/student.css
2026-08-27 13:30:50.826 [DEBUG] [http-nio-8080-exec-4] o.s.s.w.a.AnonymousAuthenticationFilter - Set SecurityContextHolder to anonymous SecurityContext
2026-08-27 13:30:50.827 [DEBUG] [http-nio-8080-exec-4] o.s.security.web.FilterChainProxy - Secured GET /css/student.css
2026-08-27 13:30:50.836 [DEBUG] [http-nio-8080-exec-1] o.s.security.web.FilterChainProxy - Securing GET /js/app-toast.js
2026-08-27 13:30:50.836 [DEBUG] [http-nio-8080-exec-10] o.s.security.web.FilterChainProxy - Securing GET /js/student-common.js
2026-08-27 13:30:50.837 [DEBUG] [http-nio-8080-exec-1] o.s.s.w.a.AnonymousAuthenticationFilter - Set SecurityContextHolder to anonymous SecurityContext
2026-08-27 13:30:50.837 [DEBUG] [http-nio-8080-exec-2] o.s.security.web.FilterChainProxy - Securing GET /js/auth.js
2026-08-27 13:30:50.838 [DEBUG] [http-nio-8080-exec-1] o.s.security.web.FilterChainProxy - Secured GET /js/app-toast.js
2026-08-27 13:30:50.838 [DEBUG] [http-nio-8080-exec-10] o.s.s.w.a.AnonymousAuthenticationFilter - Set SecurityContextHolder to anonymous SecurityContext
2026-08-27 13:30:50.840 [DEBUG] [http-nio-8080-exec-2] o.s.s.w.a.AnonymousAuthenticationFilter - Set SecurityContextHolder to anonymous SecurityContext
2026-08-27 13:30:50.844 [DEBUG] [http-nio-8080-exec-6] o.s.security.web.FilterChainProxy - Securing GET /js/career-paths-student.js
2026-08-27 13:30:50.845 [DEBUG] [http-nio-8080-exec-10] o.s.security.web.FilterChainProxy - Secured GET /js/student-common.js
2026-08-27 13:30:50.845 [DEBUG] [http-nio-8080-exec-2] o.s.security.web.FilterChainProxy - Secured GET /js/auth.js
2026-08-27 13:30:50.846 [DEBUG] [http-nio-8080-exec-6] o.s.s.w.a.AnonymousAuthenticationFilter - Set SecurityContextHolder to anonymous SecurityContext
2026-08-27 13:30:50.855 [DEBUG] [http-nio-8080-exec-6] o.s.security.web.FilterChainProxy - Secured GET /js/career-paths-student.js
2026-08-27 13:30:50.932 [DEBUG] [http-nio-8080-exec-8] o.s.security.web.FilterChainProxy - Securing GET /api/student/profile
2026-08-27 13:30:50.934 [DEBUG] [http-nio-8080-exec-3] o.s.security.web.FilterChainProxy - Securing GET /api/student/career-paths
2026-08-27 13:30:50.953 [DEBUG] [http-nio-8080-exec-8] org.hibernate.SQL - 
    select
        u1_0.id,
        u1_0.course,
        u1_0.email,
        u1_0.mobile,
        u1_0.name,
        u1_0.password,
        u1_0.percentage,
        u1_0.role 
    from
        users u1_0 
    where
        u1_0.email=?
2026-08-27 13:30:50.953 [DEBUG] [http-nio-8080-exec-3] org.hibernate.SQL - 
    select
        u1_0.id,
        u1_0.course,
        u1_0.email,
        u1_0.mobile,
        u1_0.name,
        u1_0.password,
        u1_0.percentage,
        u1_0.role 
    from
        users u1_0 
    where
        u1_0.email=?
2026-08-27 13:30:50.959 [DEBUG] [http-nio-8080-exec-3] c.c.security.JwtAuthenticationFilter - Authenticated user: dhruvyelmame6@gmail.com with role: ROLE_STUDENT
2026-08-27 13:30:50.959 [DEBUG] [http-nio-8080-exec-8] c.c.security.JwtAuthenticationFilter - Authenticated user: dhruvyelmame6@gmail.com with role: ROLE_STUDENT
2026-08-27 13:30:50.959 [DEBUG] [http-nio-8080-exec-3] o.s.security.web.FilterChainProxy - Secured GET /api/student/career-paths
2026-08-27 13:30:50.959 [DEBUG] [http-nio-8080-exec-8] o.s.security.web.FilterChainProxy - Secured GET /api/student/profile
2026-08-27 13:30:50.966 [DEBUG] [http-nio-8080-exec-8] org.hibernate.SQL - 
    select
        u1_0.id,
        u1_0.course,
        u1_0.email,
        u1_0.mobile,
        u1_0.name,
        u1_0.password,
        u1_0.percentage,
        u1_0.role 
    from
        users u1_0 
    where
        u1_0.email=?
2026-08-27 13:30:51.943 [DEBUG] [http-nio-8080-exec-5] o.s.security.web.FilterChainProxy - Securing GET /career-paths-student.html
2026-08-27 13:30:51.943 [DEBUG] [http-nio-8080-exec-5] o.s.s.w.a.AnonymousAuthenticationFilter - Set SecurityContextHolder to anonymous SecurityContext
2026-08-27 13:30:51.943 [DEBUG] [http-nio-8080-exec-5] o.s.security.web.FilterChainProxy - Secured GET /career-paths-student.html
2026-08-27 13:30:51.990 [DEBUG] [http-nio-8080-exec-9] o.s.security.web.FilterChainProxy - Securing GET /css/student.css
2026-08-27 13:30:51.990 [DEBUG] [http-nio-8080-exec-9] o.s.s.w.a.AnonymousAuthenticationFilter - Set SecurityContextHolder to anonymous SecurityContext
2026-08-27 13:30:51.990 [DEBUG] [http-nio-8080-exec-4] o.s.security.web.FilterChainProxy - Securing GET /js/auth.js
2026-08-27 13:30:51.990 [DEBUG] [http-nio-8080-exec-7] o.s.security.web.FilterChainProxy - Securing GET /js/app-toast.js
2026-08-27 13:30:51.990 [DEBUG] [http-nio-8080-exec-9] o.s.security.web.FilterChainProxy - Secured GET /css/student.css
2026-08-27 13:30:51.991 [DEBUG] [http-nio-8080-exec-4] o.s.s.w.a.AnonymousAuthenticationFilter - Set SecurityContextHolder to anonymous SecurityContext
2026-08-27 13:30:51.991 [DEBUG] [http-nio-8080-exec-4] o.s.security.web.FilterChainProxy - Secured GET /js/auth.js
2026-08-27 13:30:51.991 [DEBUG] [http-nio-8080-exec-7] o.s.s.w.a.AnonymousAuthenticationFilter - Set SecurityContextHolder to anonymous SecurityContext
2026-08-27 13:30:51.993 [DEBUG] [http-nio-8080-exec-10] o.s.security.web.FilterChainProxy - Securing GET /js/career-paths-student.js
2026-08-27 13:30:51.993 [DEBUG] [http-nio-8080-exec-1] o.s.security.web.FilterChainProxy - Securing GET /js/student-common.js
2026-08-27 13:30:51.996 [DEBUG] [http-nio-8080-exec-10] o.s.s.w.a.AnonymousAuthenticationFilter - Set SecurityContextHolder to anonymous SecurityContext
2026-08-27 13:30:51.996 [DEBUG] [http-nio-8080-exec-7] o.s.security.web.FilterChainProxy - Secured GET /js/app-toast.js
2026-08-27 13:30:51.996 [DEBUG] [http-nio-8080-exec-1] o.s.s.w.a.AnonymousAuthenticationFilter - Set SecurityContextHolder to anonymous SecurityContext
2026-08-27 13:30:51.996 [DEBUG] [http-nio-8080-exec-10] o.s.security.web.FilterChainProxy - Secured GET /js/career-paths-student.js
2026-08-27 13:30:51.996 [DEBUG] [http-nio-8080-exec-1] o.s.security.web.FilterChainProxy - Secured GET /js/student-common.js
2026-08-27 13:30:52.066 [DEBUG] [http-nio-8080-exec-6] o.s.security.web.FilterChainProxy - Securing GET /api/student/profile
2026-08-27 13:30:52.067 [DEBUG] [http-nio-8080-exec-2] o.s.security.web.FilterChainProxy - Securing GET /api/student/career-paths
2026-08-27 13:30:52.082 [DEBUG] [http-nio-8080-exec-6] org.hibernate.SQL - 
    select
        u1_0.id,
        u1_0.course,
        u1_0.email,
        u1_0.mobile,
        u1_0.name,
        u1_0.password,
        u1_0.percentage,
        u1_0.role 
    from
        users u1_0 
    where
        u1_0.email=?
2026-08-27 13:30:52.084 [DEBUG] [http-nio-8080-exec-2] org.hibernate.SQL - 
    select
        u1_0.id,
        u1_0.course,
        u1_0.email,
        u1_0.mobile,
        u1_0.name,
        u1_0.password,
        u1_0.percentage,
        u1_0.role 
    from
        users u1_0 
    where
        u1_0.email=?
2026-08-27 13:30:52.086 [DEBUG] [http-nio-8080-exec-6] c.c.security.JwtAuthenticationFilter - Authenticated user: dhruvyelmame6@gmail.com with role: ROLE_STUDENT
2026-08-27 13:30:52.088 [DEBUG] [http-nio-8080-exec-6] o.s.security.web.FilterChainProxy - Secured GET /api/student/profile
2026-08-27 13:30:52.088 [DEBUG] [http-nio-8080-exec-2] c.c.security.JwtAuthenticationFilter - Authenticated user: dhruvyelmame6@gmail.com with role: ROLE_STUDENT
2026-08-27 13:30:52.088 [DEBUG] [http-nio-8080-exec-2] o.s.security.web.FilterChainProxy - Secured GET /api/student/career-paths
2026-08-27 13:30:52.095 [DEBUG] [http-nio-8080-exec-6] org.hibernate.SQL - 
    select
        u1_0.id,
        u1_0.course,
        u1_0.email,
        u1_0.mobile,
        u1_0.name,
        u1_0.password,
        u1_0.percentage,
        u1_0.role 
    from
        users u1_0 
    where
        u1_0.email=?
2026-08-27 13:30:52.685 [DEBUG] [http-nio-8080-exec-3] o.s.security.web.FilterChainProxy - Securing GET /student-profile.html
2026-08-27 13:30:52.685 [DEBUG] [http-nio-8080-exec-3] o.s.s.w.a.AnonymousAuthenticationFilter - Set SecurityContextHolder to anonymous SecurityContext
2026-08-27 13:30:52.685 [DEBUG] [http-nio-8080-exec-3] o.s.security.web.FilterChainProxy - Secured GET /student-profile.html
2026-08-27 13:30:52.729 [DEBUG] [http-nio-8080-exec-8] o.s.security.web.FilterChainProxy - Securing GET /css/student.css
2026-08-27 13:30:52.729 [DEBUG] [http-nio-8080-exec-5] o.s.security.web.FilterChainProxy - Securing GET /js/app-toast.js
2026-08-27 13:30:52.730 [DEBUG] [http-nio-8080-exec-9] o.s.security.web.FilterChainProxy - Securing GET /js/auth.js
2026-08-27 13:30:52.730 [DEBUG] [http-nio-8080-exec-8] o.s.s.w.a.AnonymousAuthenticationFilter - Set SecurityContextHolder to anonymous SecurityContext
2026-08-27 13:30:52.730 [DEBUG] [http-nio-8080-exec-5] o.s.s.w.a.AnonymousAuthenticationFilter - Set SecurityContextHolder to anonymous SecurityContext
2026-08-27 13:30:52.730 [DEBUG] [http-nio-8080-exec-9] o.s.s.w.a.AnonymousAuthenticationFilter - Set SecurityContextHolder to anonymous SecurityContext
2026-08-27 13:30:52.730 [DEBUG] [http-nio-8080-exec-8] o.s.security.web.FilterChainProxy - Secured GET /css/student.css
2026-08-27 13:30:52.730 [DEBUG] [http-nio-8080-exec-5] o.s.security.web.FilterChainProxy - Secured GET /js/app-toast.js
2026-08-27 13:30:52.730 [DEBUG] [http-nio-8080-exec-9] o.s.security.web.FilterChainProxy - Secured GET /js/auth.js
2026-08-27 13:30:52.733 [DEBUG] [http-nio-8080-exec-7] o.s.security.web.FilterChainProxy - Securing GET /js/student-common.js
2026-08-27 13:30:52.735 [DEBUG] [http-nio-8080-exec-7] o.s.s.w.a.AnonymousAuthenticationFilter - Set SecurityContextHolder to anonymous SecurityContext
2026-08-27 13:30:52.737 [DEBUG] [http-nio-8080-exec-7] o.s.security.web.FilterChainProxy - Secured GET /js/student-common.js
2026-08-27 13:30:52.737 [DEBUG] [http-nio-8080-exec-4] o.s.security.web.FilterChainProxy - Securing GET /js/student-profile.js
2026-08-27 13:30:52.738 [DEBUG] [http-nio-8080-exec-4] o.s.s.w.a.AnonymousAuthenticationFilter - Set SecurityContextHolder to anonymous SecurityContext
2026-08-27 13:30:52.738 [DEBUG] [http-nio-8080-exec-4] o.s.security.web.FilterChainProxy - Secured GET /js/student-profile.js
2026-08-27 13:30:52.774 [DEBUG] [http-nio-8080-exec-10] o.s.security.web.FilterChainProxy - Securing GET /api/student/profile
2026-08-27 13:30:52.784 [DEBUG] [http-nio-8080-exec-10] org.hibernate.SQL - 
    select
        u1_0.id,
        u1_0.course,
        u1_0.email,
        u1_0.mobile,
        u1_0.name,
        u1_0.password,
        u1_0.percentage,
        u1_0.role 
    from
        users u1_0 
    where
        u1_0.email=?
2026-08-27 13:30:52.790 [DEBUG] [http-nio-8080-exec-10] c.c.security.JwtAuthenticationFilter - Authenticated user: dhruvyelmame6@gmail.com with role: ROLE_STUDENT
2026-08-27 13:30:52.792 [DEBUG] [http-nio-8080-exec-10] o.s.security.web.FilterChainProxy - Secured GET /api/student/profile
2026-08-27 13:30:52.793 [DEBUG] [http-nio-8080-exec-10] org.hibernate.SQL - 
    select
        u1_0.id,
        u1_0.course,
        u1_0.email,
        u1_0.mobile,
        u1_0.name,
        u1_0.password,
        u1_0.percentage,
        u1_0.role 
    from
        users u1_0 
    where
        u1_0.email=?
2026-08-27 13:30:52.800 [DEBUG] [http-nio-8080-exec-1] o.s.security.web.FilterChainProxy - Securing GET /api/student/profile
2026-08-27 13:30:52.807 [DEBUG] [http-nio-8080-exec-1] org.hibernate.SQL - 
    select
        u1_0.id,
        u1_0.course,
        u1_0.email,
        u1_0.mobile,
        u1_0.name,
        u1_0.password,
        u1_0.percentage,
        u1_0.role 
    from
        users u1_0 
    where
        u1_0.email=?
2026-08-27 13:30:52.818 [DEBUG] [http-nio-8080-exec-1] c.c.security.JwtAuthenticationFilter - Authenticated user: dhruvyelmame6@gmail.com with role: ROLE_STUDENT
2026-08-27 13:30:52.818 [DEBUG] [http-nio-8080-exec-1] o.s.security.web.FilterChainProxy - Secured GET /api/student/profile
2026-08-27 13:30:52.820 [DEBUG] [http-nio-8080-exec-1] org.hibernate.SQL - 
    select
        u1_0.id,
        u1_0.course,
        u1_0.email,
        u1_0.mobile,
        u1_0.name,
        u1_0.password,
        u1_0.percentage,
        u1_0.role 
    from
        users u1_0 
    where
        u1_0.email=?
2026-08-27 13:30:54.986 [DEBUG] [http-nio-8080-exec-2] o.s.security.web.FilterChainProxy - Securing PUT /api/student/profile
2026-08-27 13:30:54.996 [DEBUG] [http-nio-8080-exec-2] org.hibernate.SQL - 
    select
        u1_0.id,
        u1_0.course,
        u1_0.email,
        u1_0.mobile,
        u1_0.name,
        u1_0.password,
        u1_0.percentage,
        u1_0.role 
    from
        users u1_0 
    where
        u1_0.email=?
2026-08-27 13:30:55.000 [DEBUG] [http-nio-8080-exec-2] c.c.security.JwtAuthenticationFilter - Authenticated user: dhruvyelmame6@gmail.com with role: ROLE_STUDENT
2026-08-27 13:30:55.001 [DEBUG] [http-nio-8080-exec-2] o.s.security.web.FilterChainProxy - Secured PUT /api/student/profile
2026-08-27 13:30:55.022 [DEBUG] [http-nio-8080-exec-2] org.hibernate.SQL - 
    select
        u1_0.id,
        u1_0.course,
        u1_0.email,
        u1_0.mobile,
        u1_0.name,
        u1_0.password,
        u1_0.percentage,
        u1_0.role 
    from
        users u1_0 
    where
        u1_0.email=?
2026-08-27 13:30:55.075 [INFO ] [http-nio-8080-exec-2] c.c.c.StudentProfileController - REST: Student profile updated successfully for ID 2
2026-08-27 13:30:56.805 [DEBUG] [http-nio-8080-exec-6] o.s.security.web.FilterChainProxy - Securing GET /student-login.html
2026-08-27 13:30:56.805 [DEBUG] [http-nio-8080-exec-6] o.s.s.w.a.AnonymousAuthenticationFilter - Set SecurityContextHolder to anonymous SecurityContext
2026-08-27 13:30:56.809 [DEBUG] [http-nio-8080-exec-6] o.s.security.web.FilterChainProxy - Secured GET /student-login.html
2026-08-27 13:30:56.851 [DEBUG] [http-nio-8080-exec-3] o.s.security.web.FilterChainProxy - Securing GET /student-login.html
2026-08-27 13:30:56.851 [DEBUG] [http-nio-8080-exec-3] o.s.s.w.a.AnonymousAuthenticationFilter - Set SecurityContextHolder to anonymous SecurityContext
2026-08-27 13:30:56.851 [DEBUG] [http-nio-8080-exec-3] o.s.security.web.FilterChainProxy - Secured GET /student-login.html
2026-08-27 13:30:56.876 [DEBUG] [http-nio-8080-exec-5] o.s.security.web.FilterChainProxy - Securing GET /student-login.html
2026-08-27 13:30:56.876 [DEBUG] [http-nio-8080-exec-5] o.s.s.w.a.AnonymousAuthenticationFilter - Set SecurityContextHolder to anonymous SecurityContext
2026-08-27 13:30:56.876 [DEBUG] [http-nio-8080-exec-5] o.s.security.web.FilterChainProxy - Secured GET /student-login.html
2026-08-27 13:30:56.912 [DEBUG] [http-nio-8080-exec-9] o.s.security.web.FilterChainProxy - Securing GET /css/student-auth.css
2026-08-27 13:30:56.914 [DEBUG] [http-nio-8080-exec-9] o.s.s.w.a.AnonymousAuthenticationFilter - Set SecurityContextHolder to anonymous SecurityContext
2026-08-27 13:30:56.914 [DEBUG] [http-nio-8080-exec-8] o.s.security.web.FilterChainProxy - Securing GET /js/app-toast.js
2026-08-27 13:30:56.914 [DEBUG] [http-nio-8080-exec-9] o.s.security.web.FilterChainProxy - Secured GET /css/student-auth.css
2026-08-27 13:30:56.916 [DEBUG] [http-nio-8080-exec-8] o.s.s.w.a.AnonymousAuthenticationFilter - Set SecurityContextHolder to anonymous SecurityContext
2026-08-27 13:30:56.916 [DEBUG] [http-nio-8080-exec-7] o.s.security.web.FilterChainProxy - Securing GET /js/auth.js
2026-08-27 13:30:56.916 [DEBUG] [http-nio-8080-exec-8] o.s.security.web.FilterChainProxy - Secured GET /js/app-toast.js
2026-08-27 13:30:56.916 [DEBUG] [http-nio-8080-exec-7] o.s.s.w.a.AnonymousAuthenticationFilter - Set SecurityContextHolder to anonymous SecurityContext
2026-08-27 13:30:56.916 [DEBUG] [http-nio-8080-exec-7] o.s.security.web.FilterChainProxy - Secured GET /js/auth.js
2026-08-27 13:31:00.910 [DEBUG] [http-nio-8080-exec-4] o.s.security.web.FilterChainProxy - Securing GET /student-register.html
2026-08-27 13:31:00.910 [DEBUG] [http-nio-8080-exec-4] o.s.s.w.a.AnonymousAuthenticationFilter - Set SecurityContextHolder to anonymous SecurityContext
2026-08-27 13:31:00.910 [DEBUG] [http-nio-8080-exec-4] o.s.security.web.FilterChainProxy - Secured GET /student-register.html
2026-08-27 13:31:00.953 [DEBUG] [http-nio-8080-exec-2] o.s.security.web.FilterChainProxy - Securing GET /js/auth.js
2026-08-27 13:31:00.953 [DEBUG] [http-nio-8080-exec-1] o.s.security.web.FilterChainProxy - Securing GET /js/app-toast.js
2026-08-27 13:31:00.953 [DEBUG] [http-nio-8080-exec-10] o.s.security.web.FilterChainProxy - Securing GET /css/student-auth.css
2026-08-27 13:31:00.955 [DEBUG] [http-nio-8080-exec-10] o.s.s.w.a.AnonymousAuthenticationFilter - Set SecurityContextHolder to anonymous SecurityContext
2026-08-27 13:31:00.956 [DEBUG] [http-nio-8080-exec-10] o.s.security.web.FilterChainProxy - Secured GET /css/student-auth.css
2026-08-27 13:31:00.956 [DEBUG] [http-nio-8080-exec-2] o.s.s.w.a.AnonymousAuthenticationFilter - Set SecurityContextHolder to anonymous SecurityContext
2026-08-27 13:31:00.956 [DEBUG] [http-nio-8080-exec-2] o.s.security.web.FilterChainProxy - Secured GET /js/auth.js
2026-08-27 13:31:00.956 [DEBUG] [http-nio-8080-exec-1] o.s.s.w.a.AnonymousAuthenticationFilter - Set SecurityContextHolder to anonymous SecurityContext
2026-08-27 13:31:00.956 [DEBUG] [http-nio-8080-exec-1] o.s.security.web.FilterChainProxy - Secured GET /js/app-toast.js
2026-08-27 13:31:09.611 [DEBUG] [http-nio-8080-exec-6] o.s.security.web.FilterChainProxy - Securing GET /student-login.html
2026-08-27 13:31:09.611 [DEBUG] [http-nio-8080-exec-6] o.s.s.w.a.AnonymousAuthenticationFilter - Set SecurityContextHolder to anonymous SecurityContext
2026-08-27 13:31:09.611 [DEBUG] [http-nio-8080-exec-6] o.s.security.web.FilterChainProxy - Secured GET /student-login.html
2026-08-27 13:31:09.658 [DEBUG] [http-nio-8080-exec-3] o.s.security.web.FilterChainProxy - Securing GET /css/student-auth.css
2026-08-27 13:31:09.660 [DEBUG] [http-nio-8080-exec-5] o.s.security.web.FilterChainProxy - Securing GET /js/app-toast.js
2026-08-27 13:31:09.660 [DEBUG] [http-nio-8080-exec-3] o.s.s.w.a.AnonymousAuthenticationFilter - Set SecurityContextHolder to anonymous SecurityContext
2026-08-27 13:31:09.661 [DEBUG] [http-nio-8080-exec-5] o.s.s.w.a.AnonymousAuthenticationFilter - Set SecurityContextHolder to anonymous SecurityContext
2026-08-27 13:31:09.661 [DEBUG] [http-nio-8080-exec-5] o.s.security.web.FilterChainProxy - Secured GET /js/app-toast.js
2026-08-27 13:31:09.661 [DEBUG] [http-nio-8080-exec-3] o.s.security.web.FilterChainProxy - Secured GET /css/student-auth.css
2026-08-27 13:31:09.664 [DEBUG] [http-nio-8080-exec-8] o.s.security.web.FilterChainProxy - Securing GET /js/auth.js
2026-08-27 13:31:09.664 [DEBUG] [http-nio-8080-exec-8] o.s.s.w.a.AnonymousAuthenticationFilter - Set SecurityContextHolder to anonymous SecurityContext
2026-08-27 13:31:09.664 [DEBUG] [http-nio-8080-exec-8] o.s.security.web.FilterChainProxy - Secured GET /js/auth.js
2026-08-27 13:31:11.101 [DEBUG] [http-nio-8080-exec-9] o.s.security.web.FilterChainProxy - Securing GET /admin-login.html
2026-08-27 13:31:11.101 [DEBUG] [http-nio-8080-exec-9] o.s.s.w.a.AnonymousAuthenticationFilter - Set SecurityContextHolder to anonymous SecurityContext
2026-08-27 13:31:11.101 [DEBUG] [http-nio-8080-exec-9] o.s.security.web.FilterChainProxy - Secured GET /admin-login.html
2026-08-27 13:31:11.134 [DEBUG] [http-nio-8080-exec-7] o.s.security.web.FilterChainProxy - Securing GET /css/admin-login.css
2026-08-27 13:31:11.134 [DEBUG] [http-nio-8080-exec-7] o.s.s.w.a.AnonymousAuthenticationFilter - Set SecurityContextHolder to anonymous SecurityContext
2026-08-27 13:31:11.134 [DEBUG] [http-nio-8080-exec-7] o.s.security.web.FilterChainProxy - Secured GET /css/admin-login.css
2026-08-27 13:31:11.136 [DEBUG] [http-nio-8080-exec-1] o.s.security.web.FilterChainProxy - Securing GET /js/auth.js
2026-08-27 13:31:11.136 [DEBUG] [http-nio-8080-exec-4] o.s.security.web.FilterChainProxy - Securing GET /js/app-toast.js
2026-08-27 13:31:11.136 [DEBUG] [http-nio-8080-exec-1] o.s.s.w.a.AnonymousAuthenticationFilter - Set SecurityContextHolder to anonymous SecurityContext
2026-08-27 13:31:11.136 [DEBUG] [http-nio-8080-exec-4] o.s.s.w.a.AnonymousAuthenticationFilter - Set SecurityContextHolder to anonymous SecurityContext
2026-08-27 13:31:11.136 [DEBUG] [http-nio-8080-exec-1] o.s.security.web.FilterChainProxy - Secured GET /js/auth.js
2026-08-27 13:31:11.136 [DEBUG] [http-nio-8080-exec-4] o.s.security.web.FilterChainProxy - Secured GET /js/app-toast.js
2026-08-27 13:31:18.064 [DEBUG] [http-nio-8080-exec-2] o.s.security.web.FilterChainProxy - Securing GET /index.html
2026-08-27 13:31:18.064 [DEBUG] [http-nio-8080-exec-2] o.s.s.w.a.AnonymousAuthenticationFilter - Set SecurityContextHolder to anonymous SecurityContext
2026-08-27 13:31:18.064 [DEBUG] [http-nio-8080-exec-2] o.s.security.web.FilterChainProxy - Secured GET /index.html
2026-08-27 13:31:18.097 [DEBUG] [http-nio-8080-exec-10] o.s.security.web.FilterChainProxy - Securing GET /css/style.css
2026-08-27 13:31:18.099 [DEBUG] [http-nio-8080-exec-10] o.s.s.w.a.AnonymousAuthenticationFilter - Set SecurityContextHolder to anonymous SecurityContext
2026-08-27 13:31:18.099 [DEBUG] [http-nio-8080-exec-10] o.s.security.web.FilterChainProxy - Secured GET /css/style.css
2026-08-27 13:31:18.099 [DEBUG] [http-nio-8080-exec-6] o.s.security.web.FilterChainProxy - Securing GET /js/app-toast.js
2026-08-27 13:31:18.101 [DEBUG] [http-nio-8080-exec-6] o.s.s.w.a.AnonymousAuthenticationFilter - Set SecurityContextHolder to anonymous SecurityContext
2026-08-27 13:31:18.101 [DEBUG] [http-nio-8080-exec-6] o.s.security.web.FilterChainProxy - Secured GET /js/app-toast.js
2026-08-27 13:31:23.989 [DEBUG] [http-nio-8080-exec-5] o.s.security.web.FilterChainProxy - Securing GET /student-register.html
2026-08-27 13:31:23.991 [DEBUG] [http-nio-8080-exec-5] o.s.s.w.a.AnonymousAuthenticationFilter - Set SecurityContextHolder to anonymous SecurityContext
2026-08-27 13:31:23.991 [DEBUG] [http-nio-8080-exec-5] o.s.security.web.FilterChainProxy - Secured GET /student-register.html
2026-08-27 13:31:24.030 [DEBUG] [http-nio-8080-exec-3] o.s.security.web.FilterChainProxy - Securing GET /css/student-auth.css
2026-08-27 13:31:24.032 [DEBUG] [http-nio-8080-exec-3] o.s.s.w.a.AnonymousAuthenticationFilter - Set SecurityContextHolder to anonymous SecurityContext
2026-08-27 13:31:24.032 [DEBUG] [http-nio-8080-exec-8] o.s.security.web.FilterChainProxy - Securing GET /js/app-toast.js
2026-08-27 13:31:24.032 [DEBUG] [http-nio-8080-exec-9] o.s.security.web.FilterChainProxy - Securing GET /js/auth.js
2026-08-27 13:31:24.032 [DEBUG] [http-nio-8080-exec-3] o.s.security.web.FilterChainProxy - Secured GET /css/student-auth.css
2026-08-27 13:31:24.032 [DEBUG] [http-nio-8080-exec-8] o.s.s.w.a.AnonymousAuthenticationFilter - Set SecurityContextHolder to anonymous SecurityContext
2026-08-27 13:31:24.032 [DEBUG] [http-nio-8080-exec-9] o.s.s.w.a.AnonymousAuthenticationFilter - Set SecurityContextHolder to anonymous SecurityContext
2026-08-27 13:31:24.034 [DEBUG] [http-nio-8080-exec-8] o.s.security.web.FilterChainProxy - Secured GET /js/app-toast.js
2026-08-27 13:31:24.034 [DEBUG] [http-nio-8080-exec-9] o.s.security.web.FilterChainProxy - Secured GET /js/auth.js
2026-08-27 13:31:26.781 [DEBUG] [http-nio-8080-exec-4] o.s.security.web.FilterChainProxy - Securing GET /index.html
2026-08-27 13:31:26.781 [DEBUG] [http-nio-8080-exec-4] o.s.s.w.a.AnonymousAuthenticationFilter - Set SecurityContextHolder to anonymous SecurityContext
2026-08-27 13:31:26.781 [DEBUG] [http-nio-8080-exec-4] o.s.security.web.FilterChainProxy - Secured GET /index.html
2026-08-27 13:31:26.820 [DEBUG] [http-nio-8080-exec-1] o.s.security.web.FilterChainProxy - Securing GET /css/style.css
2026-08-27 13:31:26.820 [DEBUG] [http-nio-8080-exec-1] o.s.s.w.a.AnonymousAuthenticationFilter - Set SecurityContextHolder to anonymous SecurityContext
2026-08-27 13:31:26.820 [DEBUG] [http-nio-8080-exec-7] o.s.security.web.FilterChainProxy - Securing GET /js/app-toast.js
2026-08-27 13:31:26.820 [DEBUG] [http-nio-8080-exec-1] o.s.security.web.FilterChainProxy - Secured GET /css/style.css
2026-08-27 13:31:26.820 [DEBUG] [http-nio-8080-exec-7] o.s.s.w.a.AnonymousAuthenticationFilter - Set SecurityContextHolder to anonymous SecurityContext
2026-08-27 13:31:26.820 [DEBUG] [http-nio-8080-exec-7] o.s.security.web.FilterChainProxy - Secured GET /js/app-toast.js
2026-08-27 13:31:28.744 [DEBUG] [http-nio-8080-exec-2] o.s.security.web.FilterChainProxy - Securing GET /student-login.html
2026-08-27 13:31:28.752 [DEBUG] [http-nio-8080-exec-2] o.s.s.w.a.AnonymousAuthenticationFilter - Set SecurityContextHolder to anonymous SecurityContext
2026-08-27 13:31:28.752 [DEBUG] [http-nio-8080-exec-2] o.s.security.web.FilterChainProxy - Secured GET /student-login.html
2026-08-27 13:31:28.789 [DEBUG] [http-nio-8080-exec-6] o.s.security.web.FilterChainProxy - Securing GET /css/student-auth.css
2026-08-27 13:31:28.792 [DEBUG] [http-nio-8080-exec-10] o.s.security.web.FilterChainProxy - Securing GET /js/app-toast.js
2026-08-27 13:31:28.791 [DEBUG] [http-nio-8080-exec-6] o.s.s.w.a.AnonymousAuthenticationFilter - Set SecurityContextHolder to anonymous SecurityContext
2026-08-27 13:31:28.792 [DEBUG] [http-nio-8080-exec-5] o.s.security.web.FilterChainProxy - Securing GET /js/auth.js
2026-08-27 13:31:28.792 [DEBUG] [http-nio-8080-exec-6] o.s.security.web.FilterChainProxy - Secured GET /css/student-auth.css
2026-08-27 13:31:28.792 [DEBUG] [http-nio-8080-exec-10] o.s.s.w.a.AnonymousAuthenticationFilter - Set SecurityContextHolder to anonymous SecurityContext
2026-08-27 13:31:28.793 [DEBUG] [http-nio-8080-exec-10] o.s.security.web.FilterChainProxy - Secured GET /js/app-toast.js
2026-08-27 13:31:28.793 [DEBUG] [http-nio-8080-exec-5] o.s.s.w.a.AnonymousAuthenticationFilter - Set SecurityContextHolder to anonymous SecurityContext
2026-08-27 13:31:28.793 [DEBUG] [http-nio-8080-exec-5] o.s.security.web.FilterChainProxy - Secured GET /js/auth.js
2026-08-27 13:31:30.343 [DEBUG] [http-nio-8080-exec-3] o.s.security.web.FilterChainProxy - Securing GET /index.html
2026-08-27 13:31:30.343 [DEBUG] [http-nio-8080-exec-3] o.s.s.w.a.AnonymousAuthenticationFilter - Set SecurityContextHolder to anonymous SecurityContext
2026-08-27 13:31:30.343 [DEBUG] [http-nio-8080-exec-3] o.s.security.web.FilterChainProxy - Secured GET /index.html
2026-08-27 13:31:30.376 [DEBUG] [http-nio-8080-exec-8] o.s.security.web.FilterChainProxy - Securing GET /css/style.css
2026-08-27 13:31:30.376 [DEBUG] [http-nio-8080-exec-8] o.s.s.w.a.AnonymousAuthenticationFilter - Set SecurityContextHolder to anonymous SecurityContext
2026-08-27 13:31:30.376 [DEBUG] [http-nio-8080-exec-9] o.s.security.web.FilterChainProxy - Securing GET /js/app-toast.js
2026-08-27 13:31:30.376 [DEBUG] [http-nio-8080-exec-8] o.s.security.web.FilterChainProxy - Secured GET /css/style.css
2026-08-27 13:31:30.378 [DEBUG] [http-nio-8080-exec-9] o.s.s.w.a.AnonymousAuthenticationFilter - Set SecurityContextHolder to anonymous SecurityContext
2026-08-27 13:31:30.379 [DEBUG] [http-nio-8080-exec-9] o.s.security.web.FilterChainProxy - Secured GET /js/app-toast.js
2026-08-27 13:31:35.038 [DEBUG] [http-nio-8080-exec-7] o.s.security.web.FilterChainProxy - Securing GET /student-register.html
2026-08-27 13:31:35.038 [DEBUG] [http-nio-8080-exec-7] o.s.s.w.a.AnonymousAuthenticationFilter - Set SecurityContextHolder to anonymous SecurityContext
2026-08-27 13:31:35.043 [DEBUG] [http-nio-8080-exec-7] o.s.security.web.FilterChainProxy - Secured GET /student-register.html
2026-08-27 13:31:35.077 [DEBUG] [http-nio-8080-exec-1] o.s.security.web.FilterChainProxy - Securing GET /css/student-auth.css
2026-08-27 13:31:35.079 [DEBUG] [http-nio-8080-exec-2] o.s.security.web.FilterChainProxy - Securing GET /js/app-toast.js
2026-08-27 13:31:35.079 [DEBUG] [http-nio-8080-exec-1] o.s.s.w.a.AnonymousAuthenticationFilter - Set SecurityContextHolder to anonymous SecurityContext
2026-08-27 13:31:35.080 [DEBUG] [http-nio-8080-exec-2] o.s.s.w.a.AnonymousAuthenticationFilter - Set SecurityContextHolder to anonymous SecurityContext
2026-08-27 13:31:35.080 [DEBUG] [http-nio-8080-exec-10] o.s.security.web.FilterChainProxy - Securing GET /js/auth.js
2026-08-27 13:31:35.080 [DEBUG] [http-nio-8080-exec-1] o.s.security.web.FilterChainProxy - Secured GET /css/student-auth.css
2026-08-27 13:31:35.081 [DEBUG] [http-nio-8080-exec-2] o.s.security.web.FilterChainProxy - Secured GET /js/app-toast.js
2026-08-27 13:31:35.081 [DEBUG] [http-nio-8080-exec-10] o.s.s.w.a.AnonymousAuthenticationFilter - Set SecurityContextHolder to anonymous SecurityContext
2026-08-27 13:31:35.081 [DEBUG] [http-nio-8080-exec-10] o.s.security.web.FilterChainProxy - Secured GET /js/auth.js
2026-08-27 13:31:37.329 [DEBUG] [http-nio-8080-exec-6] o.s.security.web.FilterChainProxy - Securing GET /index.html
2026-08-27 13:31:37.330 [DEBUG] [http-nio-8080-exec-6] o.s.s.w.a.AnonymousAuthenticationFilter - Set SecurityContextHolder to anonymous SecurityContext
2026-08-27 13:31:37.330 [DEBUG] [http-nio-8080-exec-6] o.s.security.web.FilterChainProxy - Secured GET /index.html
2026-08-27 13:31:37.363 [DEBUG] [http-nio-8080-exec-5] o.s.security.web.FilterChainProxy - Securing GET /css/style.css
2026-08-27 13:31:37.363 [DEBUG] [http-nio-8080-exec-3] o.s.security.web.FilterChainProxy - Securing GET /js/app-toast.js
2026-08-27 13:31:37.363 [DEBUG] [http-nio-8080-exec-5] o.s.s.w.a.AnonymousAuthenticationFilter - Set SecurityContextHolder to anonymous SecurityContext
2026-08-27 13:31:37.363 [DEBUG] [http-nio-8080-exec-3] o.s.s.w.a.AnonymousAuthenticationFilter - Set SecurityContextHolder to anonymous SecurityContext
2026-08-27 13:31:37.363 [DEBUG] [http-nio-8080-exec-5] o.s.security.web.FilterChainProxy - Secured GET /css/style.css
2026-08-27 13:31:37.363 [DEBUG] [http-nio-8080-exec-3] o.s.security.web.FilterChainProxy - Secured GET /js/app-toast.js
2026-08-27 13:31:49.763 [DEBUG] [http-nio-8080-exec-9] o.s.security.web.FilterChainProxy - Securing GET /index.html
2026-08-27 13:31:49.763 [DEBUG] [http-nio-8080-exec-9] o.s.s.w.a.AnonymousAuthenticationFilter - Set SecurityContextHolder to anonymous SecurityContext
2026-08-27 13:31:49.763 [DEBUG] [http-nio-8080-exec-9] o.s.security.web.FilterChainProxy - Secured GET /index.html
2026-08-27 13:31:49.829 [DEBUG] [http-nio-8080-exec-8] o.s.security.web.FilterChainProxy - Securing GET /css/style.css
2026-08-27 13:31:49.829 [DEBUG] [http-nio-8080-exec-8] o.s.s.w.a.AnonymousAuthenticationFilter - Set SecurityContextHolder to anonymous SecurityContext
2026-08-27 13:31:49.830 [DEBUG] [http-nio-8080-exec-4] o.s.security.web.FilterChainProxy - Securing GET /js/app-toast.js
2026-08-27 13:31:49.830 [DEBUG] [http-nio-8080-exec-8] o.s.security.web.FilterChainProxy - Secured GET /css/style.css
2026-08-27 13:31:49.830 [DEBUG] [http-nio-8080-exec-4] o.s.s.w.a.AnonymousAuthenticationFilter - Set SecurityContextHolder to anonymous SecurityContext
2026-08-27 13:31:49.830 [DEBUG] [http-nio-8080-exec-4] o.s.security.web.FilterChainProxy - Secured GET /js/app-toast.js
2026-08-27 13:31:50.689 [DEBUG] [http-nio-8080-exec-7] o.s.security.web.FilterChainProxy - Securing GET /index.html
2026-08-27 13:31:50.689 [DEBUG] [http-nio-8080-exec-7] o.s.s.w.a.AnonymousAuthenticationFilter - Set SecurityContextHolder to anonymous SecurityContext
2026-08-27 13:31:50.689 [DEBUG] [http-nio-8080-exec-7] o.s.security.web.FilterChainProxy - Secured GET /index.html
2026-08-27 13:31:50.732 [DEBUG] [http-nio-8080-exec-2] o.s.security.web.FilterChainProxy - Securing GET /css/style.css
2026-08-27 13:31:50.732 [DEBUG] [http-nio-8080-exec-1] o.s.security.web.FilterChainProxy - Securing GET /js/app-toast.js
2026-08-27 13:31:50.732 [DEBUG] [http-nio-8080-exec-2] o.s.s.w.a.AnonymousAuthenticationFilter - Set SecurityContextHolder to anonymous SecurityContext
2026-08-27 13:31:50.732 [DEBUG] [http-nio-8080-exec-2] o.s.security.web.FilterChainProxy - Secured GET /css/style.css
2026-08-27 13:31:50.732 [DEBUG] [http-nio-8080-exec-1] o.s.s.w.a.AnonymousAuthenticationFilter - Set SecurityContextHolder to anonymous SecurityContext
2026-08-27 13:31:50.735 [DEBUG] [http-nio-8080-exec-1] o.s.security.web.FilterChainProxy - Secured GET /js/app-toast.js
2026-08-27 13:31:59.700 [DEBUG] [http-nio-8080-exec-6] o.s.security.web.FilterChainProxy - Securing GET /student-register.html
2026-08-27 13:31:59.700 [DEBUG] [http-nio-8080-exec-6] o.s.s.w.a.AnonymousAuthenticationFilter - Set SecurityContextHolder to anonymous SecurityContext
2026-08-27 13:31:59.700 [DEBUG] [http-nio-8080-exec-6] o.s.security.web.FilterChainProxy - Secured GET /student-register.html
2026-08-27 13:31:59.744 [DEBUG] [http-nio-8080-exec-3] o.s.security.web.FilterChainProxy - Securing GET /css/student-auth.css
2026-08-27 13:31:59.744 [DEBUG] [http-nio-8080-exec-5] o.s.security.web.FilterChainProxy - Securing GET /js/app-toast.js
2026-08-27 13:31:59.744 [DEBUG] [http-nio-8080-exec-9] o.s.security.web.FilterChainProxy - Securing GET /js/auth.js
2026-08-27 13:31:59.744 [DEBUG] [http-nio-8080-exec-3] o.s.s.w.a.AnonymousAuthenticationFilter - Set SecurityContextHolder to anonymous SecurityContext
2026-08-27 13:31:59.744 [DEBUG] [http-nio-8080-exec-5] o.s.s.w.a.AnonymousAuthenticationFilter - Set SecurityContextHolder to anonymous SecurityContext
2026-08-27 13:31:59.744 [DEBUG] [http-nio-8080-exec-3] o.s.security.web.FilterChainProxy - Secured GET /css/student-auth.css
2026-08-27 13:31:59.744 [DEBUG] [http-nio-8080-exec-9] o.s.s.w.a.AnonymousAuthenticationFilter - Set SecurityContextHolder to anonymous SecurityContext
2026-08-27 13:31:59.748 [DEBUG] [http-nio-8080-exec-5] o.s.security.web.FilterChainProxy - Secured GET /js/app-toast.js
2026-08-27 13:31:59.748 [DEBUG] [http-nio-8080-exec-9] o.s.security.web.FilterChainProxy - Secured GET /js/auth.js
2026-08-27 13:32:03.265 [DEBUG] [http-nio-8080-exec-4] o.s.security.web.FilterChainProxy - Securing GET /student-login.html
2026-08-27 13:32:03.265 [DEBUG] [http-nio-8080-exec-4] o.s.s.w.a.AnonymousAuthenticationFilter - Set SecurityContextHolder to anonymous SecurityContext
2026-08-27 13:32:03.266 [DEBUG] [http-nio-8080-exec-4] o.s.security.web.FilterChainProxy - Secured GET /student-login.html
2026-08-27 13:32:03.302 [DEBUG] [http-nio-8080-exec-8] o.s.security.web.FilterChainProxy - Securing GET /css/student-auth.css
2026-08-27 13:32:03.303 [DEBUG] [http-nio-8080-exec-7] o.s.security.web.FilterChainProxy - Securing GET /js/app-toast.js
2026-08-27 13:32:03.303 [DEBUG] [http-nio-8080-exec-8] o.s.s.w.a.AnonymousAuthenticationFilter - Set SecurityContextHolder to anonymous SecurityContext
2026-08-27 13:32:03.303 [DEBUG] [http-nio-8080-exec-7] o.s.s.w.a.AnonymousAuthenticationFilter - Set SecurityContextHolder to anonymous SecurityContext
2026-08-27 13:32:03.303 [DEBUG] [http-nio-8080-exec-8] o.s.security.web.FilterChainProxy - Secured GET /css/student-auth.css
2026-08-27 13:32:03.303 [DEBUG] [http-nio-8080-exec-1] o.s.security.web.FilterChainProxy - Securing GET /js/auth.js
2026-08-27 13:32:03.303 [DEBUG] [http-nio-8080-exec-7] o.s.security.web.FilterChainProxy - Secured GET /js/app-toast.js
2026-08-27 13:32:03.303 [DEBUG] [http-nio-8080-exec-1] o.s.s.w.a.AnonymousAuthenticationFilter - Set SecurityContextHolder to anonymous SecurityContext
2026-08-27 13:32:03.303 [DEBUG] [http-nio-8080-exec-1] o.s.security.web.FilterChainProxy - Secured GET /js/auth.js
2026-08-27 13:32:05.302 [DEBUG] [http-nio-8080-exec-2] o.s.security.web.FilterChainProxy - Securing POST /api/auth/login
2026-08-27 13:32:05.302 [DEBUG] [http-nio-8080-exec-2] o.s.s.w.a.AnonymousAuthenticationFilter - Set SecurityContextHolder to anonymous SecurityContext
2026-08-27 13:32:05.302 [DEBUG] [http-nio-8080-exec-2] o.s.security.web.FilterChainProxy - Secured POST /api/auth/login
2026-08-27 13:32:05.305 [INFO ] [http-nio-8080-exec-2] c.career.controller.AuthController - REST: Student login request for email dhruvyelmame6@gmail.com
2026-08-27 13:32:05.305 [DEBUG] [http-nio-8080-exec-2] c.c.service.impl.AuthServiceImpl - Authenticating student: dhruvyelmame6@gmail.com
2026-08-27 13:32:05.312 [DEBUG] [http-nio-8080-exec-2] org.hibernate.SQL - 
    select
        u1_0.id,
        u1_0.course,
        u1_0.email,
        u1_0.mobile,
        u1_0.name,
        u1_0.password,
        u1_0.percentage,
        u1_0.role 
    from
        users u1_0 
    where
        u1_0.email=?
2026-08-27 13:32:05.617 [INFO ] [http-nio-8080-exec-2] c.c.service.impl.AuthServiceImpl - Student dhruvyelmame6@gmail.com logged in successfully
2026-08-27 13:32:05.617 [DEBUG] [http-nio-8080-exec-2] com.career.security.JwtService - Generating JWT token for email: dhruvyelmame6@gmail.com with role: STUDENT
2026-08-27 13:32:06.066 [DEBUG] [http-nio-8080-exec-10] o.s.security.web.FilterChainProxy - Securing GET /student-dashboard.html
2026-08-27 13:32:06.066 [DEBUG] [http-nio-8080-exec-10] o.s.s.w.a.AnonymousAuthenticationFilter - Set SecurityContextHolder to anonymous SecurityContext
2026-08-27 13:32:06.066 [DEBUG] [http-nio-8080-exec-10] o.s.security.web.FilterChainProxy - Secured GET /student-dashboard.html
2026-08-27 13:32:06.107 [DEBUG] [http-nio-8080-exec-6] o.s.security.web.FilterChainProxy - Securing GET /css/student.css
2026-08-27 13:32:06.109 [DEBUG] [http-nio-8080-exec-5] o.s.security.web.FilterChainProxy - Securing GET /js/app-toast.js
2026-08-27 13:32:06.109 [DEBUG] [http-nio-8080-exec-5] o.s.s.w.a.AnonymousAuthenticationFilter - Set SecurityContextHolder to anonymous SecurityContext
2026-08-27 13:32:06.109 [DEBUG] [http-nio-8080-exec-6] o.s.s.w.a.AnonymousAuthenticationFilter - Set SecurityContextHolder to anonymous SecurityContext
2026-08-27 13:32:06.109 [DEBUG] [http-nio-8080-exec-5] o.s.security.web.FilterChainProxy - Secured GET /js/app-toast.js
2026-08-27 13:32:06.109 [DEBUG] [http-nio-8080-exec-6] o.s.security.web.FilterChainProxy - Secured GET /css/student.css
2026-08-27 13:32:06.109 [DEBUG] [http-nio-8080-exec-3] o.s.security.web.FilterChainProxy - Securing GET /js/auth.js
2026-08-27 13:32:06.111 [DEBUG] [http-nio-8080-exec-3] o.s.s.w.a.AnonymousAuthenticationFilter - Set SecurityContextHolder to anonymous SecurityContext
2026-08-27 13:32:06.113 [DEBUG] [http-nio-8080-exec-3] o.s.security.web.FilterChainProxy - Secured GET /js/auth.js
2026-08-27 13:32:06.115 [DEBUG] [http-nio-8080-exec-9] o.s.security.web.FilterChainProxy - Securing GET /js/student-common.js
2026-08-27 13:32:06.115 [DEBUG] [http-nio-8080-exec-9] o.s.s.w.a.AnonymousAuthenticationFilter - Set SecurityContextHolder to anonymous SecurityContext
2026-08-27 13:32:06.115 [DEBUG] [http-nio-8080-exec-9] o.s.security.web.FilterChainProxy - Secured GET /js/student-common.js
2026-08-27 13:32:06.117 [DEBUG] [http-nio-8080-exec-4] o.s.security.web.FilterChainProxy - Securing GET /js/student-dashboard.js
2026-08-27 13:32:06.117 [DEBUG] [http-nio-8080-exec-4] o.s.s.w.a.AnonymousAuthenticationFilter - Set SecurityContextHolder to anonymous SecurityContext
2026-08-27 13:32:06.117 [DEBUG] [http-nio-8080-exec-4] o.s.security.web.FilterChainProxy - Secured GET /js/student-dashboard.js
2026-08-27 13:32:06.150 [DEBUG] [http-nio-8080-exec-7] o.s.security.web.FilterChainProxy - Securing GET /api/student/profile
2026-08-27 13:32:06.157 [DEBUG] [http-nio-8080-exec-7] org.hibernate.SQL - 
    select
        u1_0.id,
        u1_0.course,
        u1_0.email,
        u1_0.mobile,
        u1_0.name,
        u1_0.password,
        u1_0.percentage,
        u1_0.role 
    from
        users u1_0 
    where
        u1_0.email=?
2026-08-27 13:32:06.163 [DEBUG] [http-nio-8080-exec-7] c.c.security.JwtAuthenticationFilter - Authenticated user: dhruvyelmame6@gmail.com with role: ROLE_STUDENT
2026-08-27 13:32:06.163 [DEBUG] [http-nio-8080-exec-7] o.s.security.web.FilterChainProxy - Secured GET /api/student/profile
2026-08-27 13:32:06.167 [DEBUG] [http-nio-8080-exec-7] org.hibernate.SQL - 
    select
        u1_0.id,
        u1_0.course,
        u1_0.email,
        u1_0.mobile,
        u1_0.name,
        u1_0.password,
        u1_0.percentage,
        u1_0.role 
    from
        users u1_0 
    where
        u1_0.email=?
2026-08-27 13:32:06.179 [DEBUG] [http-nio-8080-exec-1] o.s.security.web.FilterChainProxy - Securing GET /api/student/profile
2026-08-27 13:32:06.184 [DEBUG] [http-nio-8080-exec-1] org.hibernate.SQL - 
    select
        u1_0.id,
        u1_0.course,
        u1_0.email,
        u1_0.mobile,
        u1_0.name,
        u1_0.password,
        u1_0.percentage,
        u1_0.role 
    from
        users u1_0 
    where
        u1_0.email=?
2026-08-27 13:32:06.190 [DEBUG] [http-nio-8080-exec-1] c.c.security.JwtAuthenticationFilter - Authenticated user: dhruvyelmame6@gmail.com with role: ROLE_STUDENT
2026-08-27 13:32:06.190 [DEBUG] [http-nio-8080-exec-1] o.s.security.web.FilterChainProxy - Secured GET /api/student/profile
2026-08-27 13:32:06.193 [DEBUG] [http-nio-8080-exec-1] org.hibernate.SQL - 
    select
        u1_0.id,
        u1_0.course,
        u1_0.email,
        u1_0.mobile,
        u1_0.name,
        u1_0.password,
        u1_0.percentage,
        u1_0.role 
    from
        users u1_0 
    where
        u1_0.email=?
2026-08-27 13:32:06.264 [DEBUG] [http-nio-8080-exec-8] o.s.security.web.FilterChainProxy - Securing GET /api/student/stats?studentId=2
2026-08-27 13:32:06.266 [DEBUG] [http-nio-8080-exec-2] o.s.security.web.FilterChainProxy - Securing GET /api/student/tests
2026-08-27 13:32:06.266 [DEBUG] [http-nio-8080-exec-10] o.s.security.web.FilterChainProxy - Securing GET /api/student/tests/my-attempts
2026-08-27 13:32:06.266 [DEBUG] [http-nio-8080-exec-6] o.s.security.web.FilterChainProxy - Securing GET /api/student/results/my-results
2026-08-27 13:32:06.268 [DEBUG] [http-nio-8080-exec-8] org.hibernate.SQL - 
    select
        u1_0.id,
        u1_0.course,
        u1_0.email,
        u1_0.mobile,
        u1_0.name,
        u1_0.password,
        u1_0.percentage,
        u1_0.role 
    from
        users u1_0 
    where
        u1_0.email=?
2026-08-27 13:32:06.270 [DEBUG] [http-nio-8080-exec-2] org.hibernate.SQL - 
    select
        u1_0.id,
        u1_0.course,
        u1_0.email,
        u1_0.mobile,
        u1_0.name,
        u1_0.password,
        u1_0.percentage,
        u1_0.role 
    from
        users u1_0 
    where
        u1_0.email=?
2026-08-27 13:32:06.270 [DEBUG] [http-nio-8080-exec-8] c.c.security.JwtAuthenticationFilter - Authenticated user: dhruvyelmame6@gmail.com with role: ROLE_STUDENT
2026-08-27 13:32:06.272 [DEBUG] [http-nio-8080-exec-8] o.s.security.web.FilterChainProxy - Secured GET /api/student/stats?studentId=2
2026-08-27 13:32:06.274 [DEBUG] [http-nio-8080-exec-2] c.c.security.JwtAuthenticationFilter - Authenticated user: dhruvyelmame6@gmail.com with role: ROLE_STUDENT
2026-08-27 13:32:06.276 [DEBUG] [http-nio-8080-exec-2] o.s.security.web.FilterChainProxy - Secured GET /api/student/tests
2026-08-27 13:32:06.276 [DEBUG] [http-nio-8080-exec-8] org.hibernate.SQL - 
    select
        count(t1_0.id) 
    from
        tests t1_0 
    where
        t1_0.active=true
2026-08-27 13:32:06.280 [DEBUG] [http-nio-8080-exec-10] org.hibernate.SQL - 
    select
        u1_0.id,
        u1_0.course,
        u1_0.email,
        u1_0.mobile,
        u1_0.name,
        u1_0.password,
        u1_0.percentage,
        u1_0.role 
    from
        users u1_0 
    where
        u1_0.email=?
2026-08-27 13:32:06.280 [DEBUG] [http-nio-8080-exec-6] org.hibernate.SQL - 
    select
        u1_0.id,
        u1_0.course,
        u1_0.email,
        u1_0.mobile,
        u1_0.name,
        u1_0.password,
        u1_0.percentage,
        u1_0.role 
    from
        users u1_0 
    where
        u1_0.email=?
2026-08-27 13:32:06.282 [DEBUG] [http-nio-8080-exec-8] org.hibernate.SQL - 
    select
        count(ta1_0.id) 
    from
        test_attempts ta1_0 
    where
        ta1_0.student_id=?
2026-08-27 13:32:06.282 [DEBUG] [http-nio-8080-exec-10] c.c.security.JwtAuthenticationFilter - Authenticated user: dhruvyelmame6@gmail.com with role: ROLE_STUDENT
2026-08-27 13:32:06.282 [DEBUG] [http-nio-8080-exec-10] o.s.security.web.FilterChainProxy - Secured GET /api/student/tests/my-attempts
2026-08-27 13:32:06.284 [DEBUG] [http-nio-8080-exec-6] c.c.security.JwtAuthenticationFilter - Authenticated user: dhruvyelmame6@gmail.com with role: ROLE_STUDENT
2026-08-27 13:32:06.284 [DEBUG] [http-nio-8080-exec-6] o.s.security.web.FilterChainProxy - Secured GET /api/student/results/my-results
2026-08-27 13:32:06.284 [DEBUG] [http-nio-8080-exec-10] org.hibernate.SQL - 
    select
        u1_0.id,
        u1_0.course,
        u1_0.email,
        u1_0.mobile,
        u1_0.name,
        u1_0.password,
        u1_0.percentage,
        u1_0.role 
    from
        users u1_0 
    where
        u1_0.email=?
2026-08-27 13:32:06.284 [DEBUG] [http-nio-8080-exec-8] org.hibernate.SQL - 
    select
        count(ta1_0.id) 
    from
        test_attempts ta1_0 
    where
        ta1_0.student_id=? 
        and ta1_0.status=?
2026-08-27 13:32:06.284 [DEBUG] [http-nio-8080-exec-6] org.hibernate.SQL - 
    select
        u1_0.id,
        u1_0.course,
        u1_0.email,
        u1_0.mobile,
        u1_0.name,
        u1_0.password,
        u1_0.percentage,
        u1_0.role 
    from
        users u1_0 
    where
        u1_0.email=?
2026-08-27 13:32:06.286 [DEBUG] [http-nio-8080-exec-6] c.career.controller.ResultController - REST: Fetching authenticated results for student ID 2
2026-08-27 13:32:06.288 [DEBUG] [http-nio-8080-exec-6] c.c.service.impl.ResultServiceImpl - Fetching assessment results for student ID: 2
2026-08-27 13:32:06.288 [DEBUG] [http-nio-8080-exec-10] org.hibernate.SQL - 
    select
        ta1_0.id,
        ta1_0.score,
        ta1_0.started_at,
        ta1_0.status,
        ta1_0.student_id,
        ta1_0.submitted_at,
        ta1_0.test_id 
    from
        test_attempts ta1_0 
    where
        ta1_0.student_id=? 
    order by
        ta1_0.started_at desc
2026-08-27 13:32:06.288 [DEBUG] [http-nio-8080-exec-6] org.hibernate.SQL - 
    select
        ar1_0.id,
        ar1_0.attempt_id,
        ar1_0.category,
        ar1_0.completed_at,
        ar1_0.interest_score,
        ar1_0.knowledge_score,
        ar1_0.career_path_id,
        ar1_0.score,
        ar1_0.student_id 
    from
        assessment_results ar1_0 
    where
        ar1_0.student_id=? 
    order by
        ar1_0.completed_at desc
2026-08-27 13:32:08.640 [DEBUG] [http-nio-8080-exec-5] o.s.security.web.FilterChainProxy - Securing GET /student-profile.html
2026-08-27 13:32:08.640 [DEBUG] [http-nio-8080-exec-5] o.s.s.w.a.AnonymousAuthenticationFilter - Set SecurityContextHolder to anonymous SecurityContext
2026-08-27 13:32:08.640 [DEBUG] [http-nio-8080-exec-5] o.s.security.web.FilterChainProxy - Secured GET /student-profile.html
2026-08-27 13:32:08.687 [DEBUG] [http-nio-8080-exec-3] o.s.security.web.FilterChainProxy - Securing GET /css/student.css
2026-08-27 13:32:08.688 [DEBUG] [http-nio-8080-exec-9] o.s.security.web.FilterChainProxy - Securing GET /js/app-toast.js
2026-08-27 13:32:08.688 [DEBUG] [http-nio-8080-exec-3] o.s.s.w.a.AnonymousAuthenticationFilter - Set SecurityContextHolder to anonymous SecurityContext
2026-08-27 13:32:08.688 [DEBUG] [http-nio-8080-exec-7] o.s.security.web.FilterChainProxy - Securing GET /js/student-common.js
2026-08-27 13:32:08.688 [DEBUG] [http-nio-8080-exec-9] o.s.s.w.a.AnonymousAuthenticationFilter - Set SecurityContextHolder to anonymous SecurityContext
2026-08-27 13:32:08.688 [DEBUG] [http-nio-8080-exec-4] o.s.security.web.FilterChainProxy - Securing GET /js/auth.js
2026-08-27 13:32:08.688 [DEBUG] [http-nio-8080-exec-9] o.s.security.web.FilterChainProxy - Secured GET /js/app-toast.js
2026-08-27 13:32:08.688 [DEBUG] [http-nio-8080-exec-7] o.s.s.w.a.AnonymousAuthenticationFilter - Set SecurityContextHolder to anonymous SecurityContext
2026-08-27 13:32:08.688 [DEBUG] [http-nio-8080-exec-3] o.s.security.web.FilterChainProxy - Secured GET /css/student.css
2026-08-27 13:32:08.688 [DEBUG] [http-nio-8080-exec-4] o.s.s.w.a.AnonymousAuthenticationFilter - Set SecurityContextHolder to anonymous SecurityContext
2026-08-27 13:32:08.688 [DEBUG] [http-nio-8080-exec-4] o.s.security.web.FilterChainProxy - Secured GET /js/auth.js
2026-08-27 13:32:08.690 [DEBUG] [http-nio-8080-exec-7] o.s.security.web.FilterChainProxy - Secured GET /js/student-common.js
2026-08-27 13:32:08.690 [DEBUG] [http-nio-8080-exec-1] o.s.security.web.FilterChainProxy - Securing GET /js/student-profile.js
2026-08-27 13:32:08.691 [DEBUG] [http-nio-8080-exec-1] o.s.s.w.a.AnonymousAuthenticationFilter - Set SecurityContextHolder to anonymous SecurityContext
2026-08-27 13:32:08.691 [DEBUG] [http-nio-8080-exec-1] o.s.security.web.FilterChainProxy - Secured GET /js/student-profile.js
2026-08-27 13:32:08.767 [DEBUG] [http-nio-8080-exec-2] o.s.security.web.FilterChainProxy - Securing GET /api/student/profile
2026-08-27 13:32:08.773 [DEBUG] [http-nio-8080-exec-2] org.hibernate.SQL - 
    select
        u1_0.id,
        u1_0.course,
        u1_0.email,
        u1_0.mobile,
        u1_0.name,
        u1_0.password,
        u1_0.percentage,
        u1_0.role 
    from
        users u1_0 
    where
        u1_0.email=?
2026-08-27 13:32:08.781 [DEBUG] [http-nio-8080-exec-2] c.c.security.JwtAuthenticationFilter - Authenticated user: dhruvyelmame6@gmail.com with role: ROLE_STUDENT
2026-08-27 13:32:08.783 [DEBUG] [http-nio-8080-exec-2] o.s.security.web.FilterChainProxy - Secured GET /api/student/profile
2026-08-27 13:32:08.787 [DEBUG] [http-nio-8080-exec-2] org.hibernate.SQL - 
    select
        u1_0.id,
        u1_0.course,
        u1_0.email,
        u1_0.mobile,
        u1_0.name,
        u1_0.password,
        u1_0.percentage,
        u1_0.role 
    from
        users u1_0 
    where
        u1_0.email=?
2026-08-27 13:32:08.799 [DEBUG] [http-nio-8080-exec-8] o.s.security.web.FilterChainProxy - Securing GET /api/student/profile
2026-08-27 13:32:08.807 [DEBUG] [http-nio-8080-exec-8] org.hibernate.SQL - 
    select
        u1_0.id,
        u1_0.course,
        u1_0.email,
        u1_0.mobile,
        u1_0.name,
        u1_0.password,
        u1_0.percentage,
        u1_0.role 
    from
        users u1_0 
    where
        u1_0.email=?
2026-08-27 13:32:08.811 [DEBUG] [http-nio-8080-exec-8] c.c.security.JwtAuthenticationFilter - Authenticated user: dhruvyelmame6@gmail.com with role: ROLE_STUDENT
2026-08-27 13:32:08.811 [DEBUG] [http-nio-8080-exec-8] o.s.security.web.FilterChainProxy - Secured GET /api/student/profile
2026-08-27 13:32:08.814 [DEBUG] [http-nio-8080-exec-8] org.hibernate.SQL - 
    select
        u1_0.id,
        u1_0.course,
        u1_0.email,
        u1_0.mobile,
        u1_0.name,
        u1_0.password,
        u1_0.percentage,
        u1_0.role 
    from
        users u1_0 
    where
        u1_0.email=?
2026-08-27 13:32:11.861 [DEBUG] [http-nio-8080-exec-10] o.s.security.web.FilterChainProxy - Securing GET /student-dashboard.html
2026-08-27 13:32:11.867 [DEBUG] [http-nio-8080-exec-10] o.s.s.w.a.AnonymousAuthenticationFilter - Set SecurityContextHolder to anonymous SecurityContext
2026-08-27 13:32:11.867 [DEBUG] [http-nio-8080-exec-10] o.s.security.web.FilterChainProxy - Secured GET /student-dashboard.html
2026-08-27 13:32:11.904 [DEBUG] [http-nio-8080-exec-6] o.s.security.web.FilterChainProxy - Securing GET /css/student.css
2026-08-27 13:32:11.906 [DEBUG] [http-nio-8080-exec-6] o.s.s.w.a.AnonymousAuthenticationFilter - Set SecurityContextHolder to anonymous SecurityContext
2026-08-27 13:32:11.908 [DEBUG] [http-nio-8080-exec-5] o.s.security.web.FilterChainProxy - Securing GET /js/app-toast.js
2026-08-27 13:32:11.908 [DEBUG] [http-nio-8080-exec-6] o.s.security.web.FilterChainProxy - Secured GET /css/student.css
2026-08-27 13:32:11.908 [DEBUG] [http-nio-8080-exec-5] o.s.s.w.a.AnonymousAuthenticationFilter - Set SecurityContextHolder to anonymous SecurityContext
2026-08-27 13:32:11.910 [DEBUG] [http-nio-8080-exec-5] o.s.security.web.FilterChainProxy - Secured GET /js/app-toast.js
2026-08-27 13:32:11.910 [DEBUG] [http-nio-8080-exec-7] o.s.security.web.FilterChainProxy - Securing GET /js/auth.js
2026-08-27 13:32:11.910 [DEBUG] [http-nio-8080-exec-7] o.s.s.w.a.AnonymousAuthenticationFilter - Set SecurityContextHolder to anonymous SecurityContext
2026-08-27 13:32:11.910 [DEBUG] [http-nio-8080-exec-7] o.s.security.web.FilterChainProxy - Secured GET /js/auth.js
2026-08-27 13:32:11.915 [DEBUG] [http-nio-8080-exec-9] o.s.security.web.FilterChainProxy - Securing GET /js/student-common.js
2026-08-27 13:32:11.917 [DEBUG] [http-nio-8080-exec-3] o.s.security.web.FilterChainProxy - Securing GET /js/student-dashboard.js
2026-08-27 13:32:11.918 [DEBUG] [http-nio-8080-exec-9] o.s.s.w.a.AnonymousAuthenticationFilter - Set SecurityContextHolder to anonymous SecurityContext
2026-08-27 13:32:11.920 [DEBUG] [http-nio-8080-exec-9] o.s.security.web.FilterChainProxy - Secured GET /js/student-common.js
2026-08-27 13:32:11.918 [DEBUG] [http-nio-8080-exec-3] o.s.s.w.a.AnonymousAuthenticationFilter - Set SecurityContextHolder to anonymous SecurityContext
2026-08-27 13:32:11.924 [DEBUG] [http-nio-8080-exec-3] o.s.security.web.FilterChainProxy - Secured GET /js/student-dashboard.js
2026-08-27 13:32:11.990 [DEBUG] [http-nio-8080-exec-4] o.s.security.web.FilterChainProxy - Securing GET /api/student/profile
2026-08-27 13:32:11.996 [DEBUG] [http-nio-8080-exec-4] org.hibernate.SQL - 
    select
        u1_0.id,
        u1_0.course,
        u1_0.email,
        u1_0.mobile,
        u1_0.name,
        u1_0.password,
        u1_0.percentage,
        u1_0.role 
    from
        users u1_0 
    where
        u1_0.email=?
2026-08-27 13:32:12.003 [DEBUG] [http-nio-8080-exec-4] c.c.security.JwtAuthenticationFilter - Authenticated user: dhruvyelmame6@gmail.com with role: ROLE_STUDENT
2026-08-27 13:32:12.003 [DEBUG] [http-nio-8080-exec-4] o.s.security.web.FilterChainProxy - Secured GET /api/student/profile
2026-08-27 13:32:12.006 [DEBUG] [http-nio-8080-exec-4] org.hibernate.SQL - 
    select
        u1_0.id,
        u1_0.course,
        u1_0.email,
        u1_0.mobile,
        u1_0.name,
        u1_0.password,
        u1_0.percentage,
        u1_0.role 
    from
        users u1_0 
    where
        u1_0.email=?
2026-08-27 13:32:12.018 [DEBUG] [http-nio-8080-exec-1] o.s.security.web.FilterChainProxy - Securing GET /api/student/profile
2026-08-27 13:32:12.026 [DEBUG] [http-nio-8080-exec-1] org.hibernate.SQL - 
    select
        u1_0.id,
        u1_0.course,
        u1_0.email,
        u1_0.mobile,
        u1_0.name,
        u1_0.password,
        u1_0.percentage,
        u1_0.role 
    from
        users u1_0 
    where
        u1_0.email=?
2026-08-27 13:32:12.030 [DEBUG] [http-nio-8080-exec-1] c.c.security.JwtAuthenticationFilter - Authenticated user: dhruvyelmame6@gmail.com with role: ROLE_STUDENT
2026-08-27 13:32:12.030 [DEBUG] [http-nio-8080-exec-1] o.s.security.web.FilterChainProxy - Secured GET /api/student/profile
2026-08-27 13:32:12.030 [DEBUG] [http-nio-8080-exec-1] org.hibernate.SQL - 
    select
        u1_0.id,
        u1_0.course,
        u1_0.email,
        u1_0.mobile,
        u1_0.name,
        u1_0.password,
        u1_0.percentage,
        u1_0.role 
    from
        users u1_0 
    where
        u1_0.email=?
2026-08-27 13:32:12.055 [DEBUG] [http-nio-8080-exec-2] o.s.security.web.FilterChainProxy - Securing GET /api/student/stats?studentId=2
2026-08-27 13:32:12.055 [DEBUG] [http-nio-8080-exec-8] o.s.security.web.FilterChainProxy - Securing GET /api/student/tests
2026-08-27 13:32:12.055 [DEBUG] [http-nio-8080-exec-10] o.s.security.web.FilterChainProxy - Securing GET /api/student/tests/my-attempts
2026-08-27 13:32:12.059 [DEBUG] [http-nio-8080-exec-6] o.s.security.web.FilterChainProxy - Securing GET /api/student/results/my-results
2026-08-27 13:32:12.066 [DEBUG] [http-nio-8080-exec-2] org.hibernate.SQL - 
    select
        u1_0.id,
        u1_0.course,
        u1_0.email,
        u1_0.mobile,
        u1_0.name,
        u1_0.password,
        u1_0.percentage,
        u1_0.role 
    from
        users u1_0 
    where
        u1_0.email=?
2026-08-27 13:32:12.066 [DEBUG] [http-nio-8080-exec-10] org.hibernate.SQL - 
    select
        u1_0.id,
        u1_0.course,
        u1_0.email,
        u1_0.mobile,
        u1_0.name,
        u1_0.password,
        u1_0.percentage,
        u1_0.role 
    from
        users u1_0 
    where
        u1_0.email=?
2026-08-27 13:32:12.071 [DEBUG] [http-nio-8080-exec-10] c.c.security.JwtAuthenticationFilter - Authenticated user: dhruvyelmame6@gmail.com with role: ROLE_STUDENT
2026-08-27 13:32:12.074 [DEBUG] [http-nio-8080-exec-10] o.s.security.web.FilterChainProxy - Secured GET /api/student/tests/my-attempts
2026-08-27 13:32:12.074 [DEBUG] [http-nio-8080-exec-8] org.hibernate.SQL - 
    select
        u1_0.id,
        u1_0.course,
        u1_0.email,
        u1_0.mobile,
        u1_0.name,
        u1_0.password,
        u1_0.percentage,
        u1_0.role 
    from
        users u1_0 
    where
        u1_0.email=?
2026-08-27 13:32:12.076 [DEBUG] [http-nio-8080-exec-6] org.hibernate.SQL - 
    select
        u1_0.id,
        u1_0.course,
        u1_0.email,
        u1_0.mobile,
        u1_0.name,
        u1_0.password,
        u1_0.percentage,
        u1_0.role 
    from
        users u1_0 
    where
        u1_0.email=?
2026-08-27 13:32:12.078 [DEBUG] [http-nio-8080-exec-10] org.hibernate.SQL - 
    select
        u1_0.id,
        u1_0.course,
        u1_0.email,
        u1_0.mobile,
        u1_0.name,
        u1_0.password,
        u1_0.percentage,
        u1_0.role 
    from
        users u1_0 
    where
        u1_0.email=?
2026-08-27 13:32:12.078 [DEBUG] [http-nio-8080-exec-2] c.c.security.JwtAuthenticationFilter - Authenticated user: dhruvyelmame6@gmail.com with role: ROLE_STUDENT
2026-08-27 13:32:12.080 [DEBUG] [http-nio-8080-exec-2] o.s.security.web.FilterChainProxy - Secured GET /api/student/stats?studentId=2
2026-08-27 13:32:12.080 [DEBUG] [http-nio-8080-exec-6] c.c.security.JwtAuthenticationFilter - Authenticated user: dhruvyelmame6@gmail.com with role: ROLE_STUDENT
2026-08-27 13:32:12.080 [DEBUG] [http-nio-8080-exec-8] c.c.security.JwtAuthenticationFilter - Authenticated user: dhruvyelmame6@gmail.com with role: ROLE_STUDENT
2026-08-27 13:32:12.080 [DEBUG] [http-nio-8080-exec-6] o.s.security.web.FilterChainProxy - Secured GET /api/student/results/my-results
2026-08-27 13:32:12.080 [DEBUG] [http-nio-8080-exec-8] o.s.security.web.FilterChainProxy - Secured GET /api/student/tests
2026-08-27 13:32:12.084 [DEBUG] [http-nio-8080-exec-6] org.hibernate.SQL - 
    select
        u1_0.id,
        u1_0.course,
        u1_0.email,
        u1_0.mobile,
        u1_0.name,
        u1_0.password,
        u1_0.percentage,
        u1_0.role 
    from
        users u1_0 
    where
        u1_0.email=?
2026-08-27 13:32:12.084 [DEBUG] [http-nio-8080-exec-2] org.hibernate.SQL - 
    select
        count(t1_0.id) 
    from
        tests t1_0 
    where
        t1_0.active=true
2026-08-27 13:32:12.084 [DEBUG] [http-nio-8080-exec-10] org.hibernate.SQL - 
    select
        ta1_0.id,
        ta1_0.score,
        ta1_0.started_at,
        ta1_0.status,
        ta1_0.student_id,
        ta1_0.submitted_at,
        ta1_0.test_id 
    from
        test_attempts ta1_0 
    where
        ta1_0.student_id=? 
    order by
        ta1_0.started_at desc
2026-08-27 13:32:12.088 [DEBUG] [http-nio-8080-exec-6] c.career.controller.ResultController - REST: Fetching authenticated results for student ID 2
2026-08-27 13:32:12.089 [DEBUG] [http-nio-8080-exec-6] c.c.service.impl.ResultServiceImpl - Fetching assessment results for student ID: 2
2026-08-27 13:32:12.094 [DEBUG] [http-nio-8080-exec-2] org.hibernate.SQL - 
    select
        count(ta1_0.id) 
    from
        test_attempts ta1_0 
    where
        ta1_0.student_id=?
2026-08-27 13:32:12.094 [DEBUG] [http-nio-8080-exec-6] org.hibernate.SQL - 
    select
        ar1_0.id,
        ar1_0.attempt_id,
        ar1_0.category,
        ar1_0.completed_at,
        ar1_0.interest_score,
        ar1_0.knowledge_score,
        ar1_0.career_path_id,
        ar1_0.score,
        ar1_0.student_id 
    from
        assessment_results ar1_0 
    where
        ar1_0.student_id=? 
    order by
        ar1_0.completed_at desc
2026-08-27 13:32:12.097 [DEBUG] [http-nio-8080-exec-2] org.hibernate.SQL - 
    select
        count(ta1_0.id) 
    from
        test_attempts ta1_0 
    where
        ta1_0.student_id=? 
        and ta1_0.status=?
2026-08-27 13:33:45.704 [INFO ] [RMI TCP Connection(7)-127.0.0.1] o.s.b.a.SpringApplicationAdminMXBeanRegistrar$SpringApplicationAdmin - Application shutdown requested.
2026-08-27 13:33:45.712 [INFO ] [RMI TCP Connection(7)-127.0.0.1] o.s.boot.tomcat.GracefulShutdown - Commencing graceful shutdown. Waiting for active requests to complete
2026-08-27 13:33:45.714 [INFO ] [tomcat-shutdown] o.a.coyote.http11.Http11NioProtocol - Pausing ProtocolHandler ["http-nio-8080"]
2026-08-27 13:33:46.062 [INFO ] [tomcat-shutdown] o.s.boot.tomcat.GracefulShutdown - Graceful shutdown complete
2026-08-27 13:33:46.062 [INFO ] [RMI TCP Connection(7)-127.0.0.1] o.a.coyote.http11.Http11NioProtocol - Stopping ProtocolHandler ["http-nio-8080"]
2026-08-27 13:33:46.078 [INFO ] [RMI TCP Connection(7)-127.0.0.1] o.s.o.j.LocalContainerEntityManagerFactoryBean - Closing JPA EntityManagerFactory for persistence unit 'default'
2026-08-27 13:33:46.088 [INFO ] [RMI TCP Connection(7)-127.0.0.1] com.zaxxer.hikari.HikariDataSource - HikariPool-1 - Shutdown initiated...
2026-08-27 13:33:46.106 [INFO ] [RMI TCP Connection(7)-127.0.0.1] com.zaxxer.hikari.HikariDataSource - HikariPool-1 - Shutdown completed.
